-- MySQL Administrator dump 1.4
--
-- ------------------------------------------------------
-- Server version	5.1.50-community-log


/*!40101 SET @OLD_CHARACTER_SET_CLIENT=@@CHARACTER_SET_CLIENT */;
/*!40101 SET @OLD_CHARACTER_SET_RESULTS=@@CHARACTER_SET_RESULTS */;
/*!40101 SET @OLD_COLLATION_CONNECTION=@@COLLATION_CONNECTION */;
/*!40101 SET NAMES utf8 */;

/*!40014 SET @OLD_UNIQUE_CHECKS=@@UNIQUE_CHECKS, UNIQUE_CHECKS=0 */;
/*!40014 SET @OLD_FOREIGN_KEY_CHECKS=@@FOREIGN_KEY_CHECKS, FOREIGN_KEY_CHECKS=0 */;
/*!40101 SET @OLD_SQL_MODE=@@SQL_MODE, SQL_MODE='NO_AUTO_VALUE_ON_ZERO' */;


--
-- Create schema evaluation
--

CREATE DATABASE IF NOT EXISTS evaluation;
USE evaluation;

--
-- Definition of table `applicant`
--

DROP TABLE IF EXISTS `applicant`;
CREATE TABLE `applicant` (
  `id` int(11) NOT NULL AUTO_INCREMENT,
  `first_name` varchar(100) NOT NULL,
  `last_name` varchar(100) DEFAULT NULL,
  `birth_date` timestamp NOT NULL DEFAULT CURRENT_TIMESTAMP ON UPDATE CURRENT_TIMESTAMP,
  `profile_id` int(11) NOT NULL,
  `seniority_id` int(11) NOT NULL,
  `code` varchar(255) NOT NULL,
  `test_taked` tinyint(1) NOT NULL DEFAULT '0',
  `create_date` timestamp NOT NULL DEFAULT '0000-00-00 00:00:00',
  `dni` varchar(15) DEFAULT NULL,
  `test_date` timestamp NOT NULL DEFAULT '0000-00-00 00:00:00',
  PRIMARY KEY (`id`),
  KEY `FK_applicant_seniority` (`seniority_id`),
  KEY `FK_applicant_profile` (`profile_id`)
) ENGINE=MyISAM AUTO_INCREMENT=238 DEFAULT CHARSET=latin1;

--
-- Dumping data for table `applicant`
--

/*!40000 ALTER TABLE `applicant` DISABLE KEYS */;
INSERT INTO `applicant` (`id`,`first_name`,`last_name`,`birth_date`,`profile_id`,`seniority_id`,`code`,`test_taked`,`create_date`,`dni`,`test_date`) VALUES 
 (173,'test.nombre','test.apellido','2011-12-29 13:04:00',1,3,'test.nombre.test.apellido571',1,'2011-08-30 17:05:35',NULL,'2011-08-30 17:05:35'),
 (174,'Test','Test','2011-12-29 13:04:00',1,3,'Test.Test851',1,'2011-08-31 10:24:56',NULL,'2011-08-31 10:24:56'),
 (175,'test','test','2011-12-29 13:04:00',1,3,'test.test381',1,'2011-08-31 14:18:11',NULL,'2011-08-31 14:18:11'),
 (176,'nombree','apellido','2011-12-29 13:04:00',1,3,'nombree.apellido491',0,'2011-09-01 16:31:36',NULL,'2011-09-01 16:31:36'),
 (177,'Nombreee','Apellido','2011-12-29 13:04:00',1,3,'Nombreee.Apellido431',1,'2011-09-01 17:28:27',NULL,'2011-09-01 17:28:27'),
 (178,'test','test','2011-12-29 13:04:00',1,3,'test.test751',0,'2011-09-02 11:10:58',NULL,'2011-09-02 11:10:58'),
 (179,'Emiliano','Arri','2011-12-29 13:04:00',1,3,'Emiliano.Arri721',0,'2011-09-05 15:26:26',NULL,'2011-09-05 15:26:26'),
 (180,'Prueba','Prueba','2011-12-29 13:04:00',1,2,'Prueba.Prueba261',0,'2011-09-13 18:29:24',NULL,'2011-09-13 18:29:24'),
 (181,'prueba','prueba','2011-12-29 13:04:00',1,3,'prueba.prueba231',0,'2011-09-13 18:41:30',NULL,'2011-09-13 18:41:30'),
 (182,'Anibal','Crespo','2011-12-29 13:04:00',1,3,'Anibal.Crespo771',1,'2011-09-19 10:32:00',NULL,'2011-09-19 10:32:00'),
 (183,'Ani','Crespo','2011-12-29 13:04:00',1,2,'Ani.Crespo371',1,'2011-09-19 09:16:20',NULL,'2011-09-19 09:16:20'),
 (184,'tj','01','2011-12-29 13:04:00',1,2,'tj.01981',1,'2011-09-19 11:22:05',NULL,'2011-09-19 11:22:05'),
 (186,'Test','Test','2011-12-29 13:04:00',21,2,'Test.Test951',0,'2011-10-27 12:17:50',NULL,'2011-10-27 12:17:50'),
 (187,'Test','Test','2011-12-29 13:04:00',22,3,'Test.Test631',0,'2011-10-27 12:31:40',NULL,'2011-10-27 12:31:40'),
 (188,'Mauro','Garcia','2011-12-29 13:04:00',21,2,'Mauro.Garcia771',1,'2011-11-03 10:31:34',NULL,'2011-11-03 10:31:34'),
 (189,'Gabriel','Landolfi','2011-12-29 13:04:00',21,2,'Gabriel.Landolfi851',1,'2011-11-04 17:19:08',NULL,'2011-11-04 17:19:08'),
 (190,'Hernan','Ortholan','2011-12-29 13:04:00',21,2,'Hernan.Ortholan141',0,'2011-11-08 08:52:42',NULL,'2011-11-08 08:52:42'),
 (191,'Rodolfo','Dominguez','2011-12-29 13:04:00',21,2,'Rodolfo.Dominguez531',1,'2011-11-08 09:57:14',NULL,'2011-11-08 09:57:14'),
 (192,'Martin','Framarini','2011-12-29 13:04:00',21,2,'Martin.Framarini831',1,'2011-11-08 10:48:10',NULL,'2011-11-08 10:48:10'),
 (193,'Jesus','Lombardo','2011-12-29 13:04:00',21,2,'Jesus.Lombardo901',1,'2011-11-09 12:36:23',NULL,'2011-11-09 12:36:23'),
 (194,'Erika','Vultorius','2011-12-29 13:04:00',21,2,'Erika.Vultorius31',1,'2011-11-16 15:47:10',NULL,'2011-11-16 15:47:10'),
 (195,'acrespo','acrespo','2011-12-29 13:04:00',1,3,'acrespo.acrespo51',1,'2011-12-19 11:51:23',NULL,'2011-12-19 11:51:23'),
 (196,'Fulano','Test','2011-12-29 13:04:00',22,1,'Fulano.Test201',0,'2011-12-20 13:25:53',NULL,'2011-12-20 13:25:53'),
 (197,'Vicente','Tommasi','2011-12-29 13:04:00',1,3,'Vicente.Tommasi681',1,'2011-12-20 16:44:11',NULL,'2011-12-20 16:44:11'),
 (198,'Francesca','Polimeni','2011-12-29 13:04:00',21,2,'Francesca.Polimeni131',1,'2011-12-21 18:54:24',NULL,'2011-12-21 18:54:24'),
 (199,'Federico','Llamosas','2011-12-29 13:04:00',21,2,'Federico.Llamosas501',1,'2011-12-21 19:07:28',NULL,'2011-12-21 19:07:28'),
 (200,'Jeremias','Garcia Pais','2011-12-29 13:04:00',23,2,'Jeremias.Garcia_Pais751',1,'2011-12-29 10:36:22',NULL,'2011-12-29 10:36:22'),
 (201,'horacio','prueba','2012-01-04 12:28:00',21,2,'horacio.prueba143',0,'2012-01-04 12:28:00',NULL,'2012-01-04 18:00:00'),
 (203,'Omar','Gonzalez','2012-01-04 12:37:00',21,2,'Omar.Gonzalez104',1,'2012-01-04 12:37:00',NULL,'2012-01-04 18:00:00'),
 (204,'Gabriel','Vazquez','2012-01-09 14:46:00',23,2,'Gabriel.Vazquez266',0,'2012-01-09 14:46:00',NULL,'2012-01-09 18:00:00'),
 (205,'Gabriel','Vazquez','2012-01-09 15:17:00',21,2,'Gabriel.Vazquez936',1,'2012-01-09 15:17:00',NULL,'2012-01-09 18:00:00'),
 (206,'Eduardo','Malvino','2012-01-09 17:55:00',1,2,'Eduardo.Malvino595',1,'2012-01-09 17:55:00',NULL,'2012-01-09 18:00:00'),
 (207,'Pablo','Sanchez','2012-01-10 16:26:00',21,2,'Pablo.Sanchez857',1,'2012-01-10 16:26:00',NULL,'2012-01-10 18:00:00'),
 (208,'Adrian','Fiore','2012-01-18 12:56:00',1,3,'Adrian.Fiore290',1,'2012-01-18 12:56:00',NULL,'2012-01-18 18:00:00'),
 (209,'GASTÓN ALFREDO','BENITEZ','2012-01-19 14:31:00',22,2,'GASTÓN_ALFREDO.BENITEZ414',0,'2012-01-19 14:31:00',NULL,'2012-01-19 18:00:00'),
 (210,'GASTÓN ALFREDO','BENITEZ','2012-01-19 14:32:00',22,3,'GASTÓN_ALFREDO.BENITEZ155',0,'2012-01-19 14:32:00',NULL,'2012-01-19 18:00:00'),
 (211,'GASTON ALFREDO','BENITEZ','2012-01-19 14:33:00',22,2,'GASTON_ALFREDO.BENITEZ986',1,'2012-01-19 14:33:00',NULL,'2012-01-19 18:00:00'),
 (212,'GASTON ALFREDO','BENITEZ','2012-01-19 14:34:00',22,3,'GASTON_ALFREDO.BENITEZ693',1,'2012-01-19 14:34:00',NULL,'2012-01-19 18:00:00'),
 (213,'LEO','LEO','2012-01-20 19:59:00',25,2,'LEO.LEO994',0,'2012-01-20 19:59:00',NULL,'2012-01-22 18:00:00'),
 (214,'Lucas','Andreo','2012-02-13 13:31:00',25,2,'Lucas.Andreo561',1,'2012-02-13 13:31:00',NULL,'2012-02-13 18:00:00'),
 (215,'Micaela','Morales','2012-02-22 12:15:00',25,2,'Micaela.Morales90',1,'2012-02-22 12:15:00',NULL,'2012-02-22 18:00:00'),
 (216,'Bruno','Ligutti','2012-02-28 15:08:00',22,3,'Bruno.Ligutti786',0,'2012-02-28 15:08:00',NULL,'2012-02-28 18:00:00'),
 (217,'Mariano','Lavandera','2012-03-09 09:54:00',23,2,'Mariano.Lavandera819',0,'2012-03-09 09:54:00',NULL,'2012-03-09 10:00:00'),
 (218,'Emmanuel','Guevara','2012-03-09 10:26:00',23,2,'Emmanuel.Guevara641',1,'2012-03-09 10:26:00',NULL,'2012-03-09 11:00:00'),
 (219,'Ivan','Roumec','2012-03-09 10:35:00',23,2,'Ivan.Roumec35',1,'2012-03-09 10:35:00',NULL,'2012-03-09 12:00:00'),
 (220,'Daniel','Martinez','2012-03-09 10:36:00',23,2,'Daniel.Martinez555',1,'2012-03-09 10:36:00',NULL,'2012-03-09 15:00:00'),
 (221,'Rafael','Gramajo','2012-03-09 11:31:00',25,2,'Rafael.Gramajo259',0,'2012-03-09 11:31:00',NULL,'2012-03-09 18:00:00'),
 (222,'Mariana','Fiorillo','2012-03-09 11:34:00',23,2,'Mariana.Fiorillo121',0,'2012-03-09 11:34:00',NULL,'2012-03-09 18:00:00'),
 (223,'Imanol','Quintero','2012-03-12 11:51:00',25,2,'Imanol.Quintero315',1,'2012-03-12 11:51:00',NULL,'2012-03-12 18:00:00'),
 (224,'Gabriel','Friedrich','2012-03-12 12:49:00',25,2,'Gabriel.Friedrich684',0,'2012-03-12 12:49:00',NULL,'2012-03-12 18:00:00'),
 (225,'Leandro ','Martinez','2012-03-12 12:51:00',25,2,'Leandro_.Martinez648',0,'2012-03-12 12:51:00',NULL,'2012-03-12 18:00:00'),
 (226,'Leandro','Martinez','2012-03-12 15:52:00',23,2,'Leandro.Martinez929',1,'2012-03-12 15:52:00',NULL,'2012-03-12 16:00:00'),
 (227,'Adrián','Aubone','2012-03-15 16:38:00',25,2,'Adrián.Aubone269',0,'2012-03-15 16:38:00',NULL,'2012-03-15 18:00:00'),
 (228,'Adrian','Aubone','2012-03-15 17:57:00',21,2,'Adrian.Aubone314',0,'2012-03-15 17:57:00',NULL,'2012-03-15 18:00:00'),
 (229,'Nicolas','Aubone','2012-03-19 12:06:00',1,3,'Nicolas.Aubone751',1,'2012-03-19 12:06:00',NULL,'2012-03-19 18:00:00'),
 (230,'Ana Maria','Buturajac','2012-03-20 10:59:00',1,3,'Ana_Maria.Buturajac673',1,'2012-03-20 10:59:00',NULL,'2012-03-20 18:00:00'),
 (231,'Javier','Berlin','2012-03-20 12:43:00',25,2,'Javier.Berlin139',0,'2012-03-20 12:43:00',NULL,'2012-03-20 18:00:00'),
 (232,'Gabriel','Friedrich','2012-03-20 12:43:00',25,2,'Gabriel.Friedrich7',0,'2012-03-20 12:43:00',NULL,'2012-03-20 18:00:00'),
 (233,'Esteban','Garcia','2012-03-20 17:28:00',1,3,'Esteban.Garcia148',0,'2012-03-20 17:28:00',NULL,'2012-03-20 18:00:00'),
 (234,'Paulina','Verasay','2012-03-21 10:48:00',1,3,'Paulina.Verasay244',1,'2012-03-21 10:48:00',NULL,'2012-03-21 18:00:00'),
 (235,'lucianodomingo','reyescarnevale','2012-03-21 14:30:00',22,2,'lucianodomingo.reyescarnevale229',1,'2012-03-21 14:30:00',NULL,'2012-03-21 18:00:00'),
 (236,'gabriel','guitierrez','2012-03-21 16:21:00',22,1,'gabriel.guitierrez467',1,'2012-03-21 16:21:00',NULL,'2012-03-21 18:00:00'),
 (237,'Agustin','Cingolani','2012-03-21 18:19:20',1,3,'Agustin.Cingolani536',1,'2012-03-21 00:00:00',NULL,'2012-03-21 18:00:00');
/*!40000 ALTER TABLE `applicant` ENABLE KEYS */;


--
-- Definition of table `option`
--

DROP TABLE IF EXISTS `option`;
CREATE TABLE `option` (
  `id` int(11) NOT NULL AUTO_INCREMENT,
  `question_id` int(11) NOT NULL,
  `description` text CHARACTER SET latin1 NOT NULL,
  `correct` tinyint(1) NOT NULL,
  PRIMARY KEY (`id`),
  KEY `FK_option` (`question_id`)
) ENGINE=MyISAM AUTO_INCREMENT=1442 DEFAULT CHARSET=utf8 CHECKSUM=1 DELAY_KEY_WRITE=1 ROW_FORMAT=DYNAMIC;

--
-- Dumping data for table `option`
--

/*!40000 ALTER TABLE `option` DISABLE KEYS */;
INSERT INTO `option` (`id`,`question_id`,`description`,`correct`) VALUES 
 (611,183,'Sometimes',0),
 (612,183,'Depends on the Server',0),
 (613,183,'Yes',1),
 (614,183,'No',0),
 (615,184,'They are exactly the same thing; its use depends on how big is the project.',0),
 (616,184,'A servlet container is specifically designed to manage servlets only, while an application server manages many different types of software components including EJBs, JSPs, message publishers and subscribers, etc. A servlet container can be considered part of an application server, since J2EE application servers provide a servlet container within their complete infrastructure. ',1),
 (617,184,'Are completely different since a Servlet container  only shows static content and a EJB container can show dynamic content',0),
 (618,185,'<jsp:getProperty name=\"people\" property=\"friend\"/>',1),
 (619,185,'<jsp:getProperty name=\"friend\" property=\"people\"/>',0),
 (620,185,'<jsp:getProperty property=\"people.friend\"/>',0),
 (621,185,'<jsp:getProperty name=\"friend\" />',0),
 (622,186,'The controller',0),
 (623,186,'The view',0),
 (624,186,'The model',1),
 (625,187,'Necessarily be an abstract class.',0),
 (626,187,'Should have the method public abstract void someMethod();',0),
 (627,187,'Should have the method public void someMethod() which has to throw an exception which is a subclass of java.lang.Exception.',0),
 (628,187,'Should have the method public void someMethod() which need not throw an Exception.',1),
 (629,188,'Wallace-1 Wallace-2 Gromit-1 ',0),
 (630,188,'Wallace-1 Gromit-2 Wallace-2 Gromit-1 ',0),
 (631,188,'Wallace-1 Gromit-1 Gromit-2 Wallace-2 ',1),
 (632,188,'Gromit-1 Gromit-2 ',0),
 (633,188,'Gromit-2 Wallace-1 Gromit-1 Wallace-2',0),
 (634,188,'The code does not compile.',0),
 (635,188,'An error occurs at run time.',0),
 (636,189,'\r\npublic class MyRunnable extends Runnable{public void run(){}} ',0),
 (637,189,'public class MyRunnable extends Object{public void run(){}} ',0),
 (638,189,'public class MyRunnable implements Runnable{public void run(){}} ',1),
 (639,189,'public class MyRunnable implements Runnable{void run(){}} ',0),
 (640,189,'public class MyRunnable implements Runnable{public void start(){}} ',0),
 (641,190,'das abcdef abcdef',1),
 (642,190,'das das abcdef abcdef',0),
 (643,190,'das abcdef',0),
 (644,190,'abcdef abcdef',0),
 (645,191,'Prints out: Exception Finally',0),
 (646,191,'Prints out: Finally',1),
 (647,191,'Prints out: Exception',0),
 (648,191,'Compile with error',0),
 (649,192,'Methods cannot be overriden to be more private',1),
 (650,192,'static methods cannot be overloaded',0),
 (651,192,'private methods cannot be overloaded',0),
 (652,192,'An overloaded method cannot throw exceptions not checked in the base class',1),
 (653,193,'Compile and run without error ',0),
 (654,193,'Compile time Exception ',0),
 (655,193,'Runtime Exception ',1),
 (656,194,'Acts as the mapping servlet',0),
 (657,194,'Acts as the controller servlet',1),
 (658,194,'Acts as a ActionBean Factory servlet.',0),
 (659,195,'Logic tag Library',0),
 (660,195,'HTML tag Library',0),
 (661,195,'Bean tag Library',0),
 (662,195,'Xml tag Library',1),
 (663,196,'Servlet, HTML and Java',0),
 (664,196,'Servlet, JSP, XML and Java',1),
 (665,196,'Applet, XML and Java',0),
 (666,196,'Servlet, JSP and Java',0),
 (667,197,'ActionServlet',1),
 (668,197,'Action class',0),
 (669,197,'Deployment descriptor',0),
 (670,197,'None of the above',0),
 (671,198,'4',0),
 (672,198,'2',0),
 (673,198,'1',1),
 (674,198,'Uncountable instances',0),
 (675,199,'2',0),
 (676,199,'1',1),
 (677,199,'3',0),
 (678,199,'Unlimited',0),
 (679,200,'RequestAction,SwitchAction,LookupRequestAction,ConfigAction,ContextAction',0),
 (680,200,'LookupDispatchAction,SwitchAction,RequestAction,ResponseAction',0),
 (681,200,'ForwardAction,DispatchAction,IncludeAction,LookupDispatchAction,SwitchAction',1),
 (682,200,'ForwardAction,SwitchAction,ResponseAction, ContextAction, ConfigAction',0),
 (683,201,'struts-action-config.xml',0),
 (684,201,'struts-processor-conifg.xml',0),
 (685,201,'struts-config.xml',1),
 (686,202,'< html:page-form action=\"/some-action.do\">',0),
 (687,202,'< jsp:webform action=\"/some-action.do\">',0),
 (688,202,'< html:web-form action=\"/some-action.do\">\r\n',0),
 (689,202,'< html:form action=\"/some-action.do\">',1),
 (690,203,'<JavaScript type=\"text\">\r\n<!--\r\nJavaScript code\r\n//-->\r\n</JavaScript>\r\n\r\n',0),
 (691,203,'<script language=\"JavaScript\" type=\"text/javascript\">\r\n<!--\r\nJavaScript code\r\n//-->\r\n</script>\r\n\r\n',1),
 (692,203,'<?\r\n<!--\r\nJavaScript code\r\n//-->\r\n?>\r\n',0),
 (693,204,'var string = “text”;',1),
 (694,204,'string:String = “text”;',0),
 (695,204,'String string = “text”;',0),
 (696,205,'*/ Coments;',0),
 (697,205,'* Coments;',0),
 (698,205,'// Coments;',1),
 (699,206,'<JavaScript type=\"file\" src=\"file.js\"></script>',0),
 (700,206,'<script language=\"JavaScript\" type=\"text/javascript\" src=\"file.js\"></script>',1),
 (701,206,'<? type=\"text/javascript\" src=\"file.js\" ?>',0),
 (702,207,'<BODY onCharge=\"alert(Hello)\" onUnload=\"alert(\'Good Bye\');\">',0),
 (703,207,'<BODY onLoad=\"message(\'Hello\');\" onUnload=\"message(\'Good Bye\');\">',0),
 (704,207,'<BODY onLoad=\"alert(\'Hello\');\" onUnload=\"alert(\'Good Bye\');\">',1),
 (705,208,'The problem is in this line: while(value!=0);',0),
 (706,208,'The problem is in this line: value=parseInt(value);',0),
 (707,208,'The problem isn’t in these lines.',1),
 (708,209,'The program verifies if the 2 textboxes aren\'t empty and delete the content when the cursor is out of them.',1),
 (709,209,'The program verifies if the 2 textboxes are empty and delete the content of them when the cursor is on focus.',0),
 (710,209,'The program deletes the content of them and validates the form when clicks the button.',0),
 (711,209,'None of the above.',0),
 (712,210,'<script language=\"JavaScript\">\r\nfunction paint(col)\r\n{document.bgColor=col;}\r\n</script>\r\n<a href=\"page1.html\" onMouseOver=\"paint(\'#ff0000\')\" onMouseOut=\"paint(\'#ffffff\')\">Red</a>\r\n',1),
 (713,210,'<script language=\"JavaScript\">\r\nfunction paint()\r\n{document.color=col;}\r\n</script>\r\n                    <a href=\"page1.html\" onMouseOver=\"paint(\'#ff0000\')\" onMouseOut=\"paint(\'#ffffff\')\">Red</a>\r\n',0),
 (714,210,'<script language=\"JavaScript\">\r\nfunction paint(col)\r\n{html.bgColor=col;}\r\n</script>\r\n                    <a href=\"page1.html\" onMouseOver=\"paint(\'#ff0000\')\" onMouseOut=\"paint(\'#ffffff\')\">Red</a>\r\n',0),
 (715,210,'<script language=\"JavaScript\">\r\nfunction paint(col)\r\n{document.bgColor=col;}\r\n</script>\r\n                    <a href=\"page1.html\" onMouseOver=\"paint(\'#ffffff\')\" onMouseOut=\"paint(\'# ff0000\')\">Red</a>\r\n',0),
 (716,211,'if (!num1>=num2)',0),
 (717,211,'if (num1<num2)\r\n',0),
 (718,211,'if (num1>num2) then',0),
 (719,211,'num3=parseInt(num3);',0),
 (720,211,'none of the above.',1),
 (721,212,'The code is getting three params via URL and the URL example is test.html?seeinfo=3.',0),
 (722,212,'The code is getting params via URL and the URL example is test.html?seeinfo=3. Later, shows the variable content.',1),
 (723,212,'The code is getting  three params via URL and the URL example is test.html?seeinfo=1. Later, shows all the variable contents.',0),
 (724,212,'The code is getting params via URL and the URL example is test.html?seeinfo=3.',0),
 (725,213,'$(\".Class\")',1),
 (726,213,'$(.Class)',0),
 (727,213,'$(\"#Class\")',0),
 (728,214,'$(\"#id\")',1),
 (729,214,'$(\".id\")',0),
 (730,214,'$(.id)',0),
 (731,215,'Yes, we have to invoke a Jquery method to avoid conflicts',1),
 (732,215,'Yes, we have to first include the Jquery library before the rest of the libraries',0),
 (733,215,'No, they are not compatible.',0),
 (734,216,'It is executed faster optimazing the loading of the page. ',0),
 (735,216,'Allows us to assign more than one action.',1),
 (736,216,'It is more safe.',0),
 (737,217,'.onMouseMove()',0),
 (738,217,'.onMouseFocus()',0),
 (739,217,'.mousemove()',1),
 (740,218,'jQuery is CrossBrowser.',0),
 (741,218,'jQuery is compatible With the CSS3 selectors.',0),
 (742,218,'None of the above.',1),
 (743,219,'It is used to do safer server requests.',0),
 (744,219,'It is used to do server requests without reloading the page asynchronously.',1),
 (745,219,'It is used to do faster server requests.',0),
 (746,220,'.ajax()',1),
 (747,220,'.ajaxCall()',0),
 (748,220,'.ajaxStart()',0),
 (749,221,'data: \"name=John&age=25\"',1),
 (750,221,'vars: \"name=John&age=25\"',0),
 (751,221,'info: \"name=John&age=25\"',0),
 (752,222,'.ajaxJSON()',0),
 (753,222,'.readJSON()',0),
 (754,222,'.getJSON()',1),
 (755,223,'Copies a directory',0),
 (756,223,'Changes directory',1),
 (757,223,'Creates a directory',0),
 (758,224,'Change the user password\r\n\r\n',0),
 (759,224,'Shows the current path',1),
 (760,224,'Opens the default editor',0),
 (761,225,'set',1),
 (762,225,'show',0),
 (763,225,'showv',0),
 (764,226,'ls –lt',0),
 (765,226,'ls –a',1),
 (766,226,'ls –h',0),
 (767,227,'Removes a directory',0),
 (768,227,'Remove the directory that starts with r',0),
 (769,227,'Remove dir_name and all it’s content.',1),
 (770,228,'Open a file',1),
 (771,228,'Creates a tar file',0),
 (772,228,'Shows the file permissions',0),
 (773,229,'vi command',0),
 (774,229,'man command',1),
 (775,229,'grep command',0),
 (776,230,'Find',0),
 (777,230,'Follow',1),
 (778,230,'Fix',0),
 (779,231,'clean word text into file.txt\r\n\r\n',0),
 (780,231,'count the word text into file.txt',1),
 (781,231,'copy the text  word into file.txt',0),
 (782,232,'Ignore case',1),
 (783,232,'Include',0),
 (784,232,'Import',0),
 (785,233,'Prints the number of newlines, words, and bytes in files',1),
 (786,233,'Open word documents',0),
 (787,233,'Commits into a SVN repository.',0),
 (788,234,'pp',0),
 (789,234,'ps',1),
 (790,234,'pg',0),
 (791,235,'redirect standard output to a file',0),
 (792,235,'append standard output to a file',1),
 (793,235,'redirect standard input from a file',0),
 (794,236,'Write',0),
 (795,236,'Read',0),
 (796,236,'Execute',1),
 (797,237,'who',0),
 (798,237,'chmod',1),
 (799,237,'fg',0),
 (800,238,'Outputs the number of kilobyes used by each subdirectory',0),
 (801,238,'Compare files and displays the differences',1),
 (802,238,'Outputs the number of Megabyes used by each subdirectory',0),
 (803,239,'netstat',0),
 (804,239,'rwho',0),
 (805,239,'chown',1),
 (806,240,':q',0),
 (807,240,':wq',1),
 (808,240,':!q',0),
 (809,241,'chown',0),
 (810,241,'sudo',1),
 (811,241,'bash',0),
 (812,242,'Shows the first four lines of the file',0),
 (813,242,'Shows the context between the word',1),
 (814,242,'Redirect the last four lines to stdout',0),
 (815,243,'{p=color:red}',0),
 (816,243,'{p:color=red}',0),
 (817,243,'p{color=red}',0),
 (818,243,'p{color:red}	',1),
 (819,244,'To send a text full stop.',0),
 (820,244,'Indicates a comment.',0),
 (821,244,'Create an horizontal line.	',1),
 (822,244,'Aligns the image on the right.',0),
 (823,245,'margin:2 px 3 px 4 px 1 px	',1),
 (824,245,'margin:1 px 2 px 3 px 4 px',0),
 (825,245,'margin:1 px 3 px 2 px 4 px',0),
 (826,245,'margin:4 px 3 px 2 px 1 px',0),
 (827,246,'font-family:	',1),
 (828,246,'font-style:',0),
 (829,246,'font-type:',0),
 (830,246,'font-variant:',0),
 (831,247,'<TD>',0),
 (832,247,'<TR>',0),
 (833,247,'<TH>',0),
 (834,247,'<TABLE>',0),
 (835,247,'<HR>	',1),
 (836,248,'Defines the maximum number of characters in the text field ',1),
 (837,248,'The maximum number of characters in an HTML page.',0),
 (838,248,'The pixel height of characters on the page.',0),
 (839,248,'The maximum perimeter pixel of a Java applet.',0),
 (840,249,'padding-right:',0),
 (841,249,'border-right:',0),
 (842,249,'margin-right:	',1),
 (843,249,'The 1st and 3rd.',0),
 (844,250,'*+HTML# test p{}',1),
 (845,250,'HTML# test p{}',0),
 (846,250,'HTML*# test p{}',0),
 (847,250,'HTML+*# test p{}	',0),
 (848,251,'<div id=” image” style=”background-image: url(image.jpg);”></div>',1),
 (849,251,'<div id=” image” style=”background-image: src(image.jpg);”></div>',0),
 (850,251,'< image =”background-image: src(image.jpg)”></ image >',0),
 (851,252,'It is a text. It is used anywhere.',0),
 (852,252,'It is a text area; whose id is \"tatArea\" has 32 columns and 23 rows high. It used within a form. ',1),
 (853,252,'Hide a specific area where there is a text assigned as \"textarea\" and has 32 columns and 23 rows. It is used within a form.',0),
 (854,253,'Send the div underneath it all.',0),
 (855,253,'Allow you to assign the div a bottom margin.',0),
 (856,253,'Sets the depth where the subject at hand.',1),
 (857,254,'<img src=\"\" width=\"\" height=\"\" /> ',1),
 (858,254,'<img href=””  width=”” height=”” />',0),
 (859,254,'<image href=”” width=”” height=”” />\r\n',0),
 (860,255,'href=\"# anchor \"',1),
 (861,255,'src=”# anchor”',0),
 (862,255,'href=”* anchor”',0),
 (863,256,'font-height',0),
 (864,256,'font-family',0),
 (865,256,'font-size\r\n',1),
 (866,257,'/* This is commented */',0),
 (867,257,'<!— This is commented -->',1),
 (868,257,'// This is commented',0),
 (869,258,'á',1),
 (870,258,'â',0),
 (871,258,'&',0),
 (872,259,'target=\"_new\"',0),
 (873,259,'target=\"_top\"',0),
 (874,259,'target=\"_blank\" ',1),
 (875,259,'target=\"_parent\"',0),
 (876,260,'Simple Query Language',0),
 (877,260,'Structured Query Language',1),
 (878,260,'None',0),
 (879,261,'Entity',0),
 (880,261,'Attribute',0),
 (881,261,'Relationship',0),
 (882,261,'Relationship',0),
 (883,261,'a and b',0),
 (884,261,'b and c',0),
 (885,261,'a and c',0),
 (886,261,'All (a, b and c)',1),
 (887,261,'None',0),
 (888,262,'Duplicate values can not be used in a primary key',0),
 (889,262,'Primary key can not be changed if the table has data o relationed with other table',0),
 (890,262,'A foreign key value necessarily should match with an existing primary key value or unique key value, or else be null.\r\n',0),
 (891,262,'A foreign key must reference either a primary key or unique key column',0),
 (892,262,'Foreign keys not always based on data values but also purely logical, physical, pointers. ',1),
 (893,262,'All ',0),
 (894,262,'None',0),
 (895,263,'Drop',1),
 (896,263,'Update',0),
 (897,263,'MergeInsert',0),
 (898,263,'Insert',0),
 (899,263,'c and d',0),
 (900,263,'b and c',0),
 (901,263,'All (a, b, c and d)',0),
 (902,263,'None',0),
 (903,264,'Insert, update, delete, merge as known as DML',0),
 (904,264,'Create, alter, drop, rename, truncate as known as DDL',0),
 (905,264,'Grant and revoke as known as DCL.',0),
 (906,264,'a and c',0),
 (907,264,'a and b',0),
 (908,264,'b and c',0),
 (909,264,'All (a, b and c)',0),
 (910,264,'None',1),
 (911,265,'Select',0),
 (912,265,'From',0),
 (913,265,'Where',0),
 (914,265,'Order by',0),
 (915,265,'a and b',0),
 (916,265,'a , b and c',1),
 (917,265,'All(a, b, c and d)',0),
 (918,265,'None',0),
 (919,266,'Number',0),
 (920,266,'Clob',0),
 (921,266,'Blob',0),
 (922,266,'Date',0),
 (923,266,'Money',1),
 (924,266,'b, c and f',0),
 (925,266,'All',0),
 (926,266,'None',0),
 (927,267,'Describe employees;',1),
 (928,267,'Desc employees;',0),
 (929,267,'Select * from employees;',0),
 (930,267,'a and b ',0),
 (931,267,'All (a, b and c)',0),
 (932,267,'None',0),
 (933,268,'Select different department_id from departments;',0),
 (934,268,'Select disctinct department_id from departments;',1),
 (935,268,'Select department_id from departments;',0),
 (936,268,'a and c',0),
 (937,268,'b and c',0),
 (938,268,'All (a, b and c )',0),
 (939,268,'None',0),
 (940,269,'SELECT employee_id, last_name, occupation_id,                                                                    hire_date “Firstday Job”\r\nFROM employees;\r\n',1),
 (941,269,'SELECT employee_id, last_name, occupation_id,                                                                    hire_date ‘Firstday Job’\r\nFROM employees;',0),
 (942,269,'SELECT employee_id, last_name, occupation_id,                                                                    hire_date as Firstday Job\r\nFROM employees;\r\n',0),
 (943,269,'a and c',0),
 (944,269,'b and c',0),
 (945,269,'All (a, b and c)',0),
 (946,269,'None\r\n',0),
 (947,270,'SELECT  e.last_name, e.First_name, e.occupation_id,     o.occupation\r\nFROM employees e, occupations o\r\nWHERE e.occupation_id = o.occupation_id\r\nAND e.salary between 5000 and 7000\r\nORDER BY e.salary;\r\n',1),
 (948,270,'SELECT  e.last_name, e.First_name, e.occupation_id,     o.occupation\r\nFROM employees e JOIN occupations o\r\nON ( e.occupation_id = o.occupation_id)\r\nWHERE e.salary between 5000 and 7000\r\nORDER BY e.salary;\r\n',0),
 (949,270,'SELECT  last_name, First_name, occupation_id,    occupation\r\nFROM employees NATURAL JOIN occupations\r\nWHERE salary between 5000 and 7000\r\nORDER BY salary;\r\n',0),
 (950,270,'SELECT  last_name, First_name, occupation_id,    occupation\r\nFROM employees JOIN occupations \r\nUSING occupation_id\r\nWHERE salary between 5000 and 7000\r\n    ORDER BY salary;\r\n\r\n',0),
 (951,270,'a and b',0),
 (952,270,'All',0),
 (953,270,'None',0),
 (954,271,'SELECT e.last_name, e.first_name, d.department_name\r\nFROM employees e, department d \r\n		WHERE e.department_id = d.departmet_id (+);\r\n',0),
 (955,271,'SELECT e.last_name, e.first_name,  d.department_name\r\nFROM employees e\r\nLEFT OUTER JOIN departments d\r\nON( e.department_id = d.departmet_id );\r\n\r\n',0),
 (956,271,'SELECT e.last_name, e.first_name, d.department_name\r\nFROM employees e, department d \r\n		WHERE e.department_id (+)= d.departmet_id ;\r\n',0),
 (957,271,'a and b\r\n\r\n',1),
 (958,271,'b and c',0),
 (959,271,'None',0),
 (960,272,'SELECT d.department_name DEPARTMENT, l.location LOCATION, COUNT(e.employee_id) NUM_EMPLOYEES, ROUND(AVG(e.salary),2) AVERAGE_SALARY\r\nFROM employees e, departments d, locations l, zip_codes z, countries c\r\nWHERE e.departmen_id = d.department_id\r\nAND d.location_id = l.location_id\r\nAND l.zip_code = z.zip_code\r\nAND z.country_id = c.country_id\r\nAND country = ‘Argentine’\r\nGROUP BY d.department_name, l.location;\r\n',1),
 (961,272,'SELECT d.department_name DEPARTMENT, l.location LOCATION, COUNT(e.employee_id) NUM_EMPLOYEES, AVG(ROUND(e.salary,2)) AVERAGE_SALARY\r\nFROM employees e, departments d, locations l, zip_codes z, countries c\r\nWHERE e.departmen_id = d.department_id\r\nAND d.location_id = l.location_id\r\nAND l.zip_code = z.zip_code\r\nAND z.country_id = c.country_id\r\nAND country = ‘Argentine’\r\nGROUP BY d.department_name, l.location;\r\n\r\n',0),
 (962,272,'SELECT d.department_name DEPARTMENT, l.location LOCATION, COUNT(e.employee_id) NUM_EMPLOYEES, ROUND(AVG(e.salary),2) AVERAGE_SALARY\r\nFROM employees e, departments d, locations l, zip_codes z, countries c\r\nWHERE e.departmen_id = d.department_id\r\nAND d.location_id = l.location_id\r\nAND l.zip_code = z.zip_code\r\nAND z.country_id = c.country_id\r\nAND country = ‘Argentine’\r\nGROUP BY d.department_name, l.location, e.employee_id, e.salary;\r\n',0),
 (963,272,'SELECT d.department_name DEPARTMENT, l.location LOCATION, COUNT(e.employee_id) NUM_EMPLOYEES, ROUND(AVG(e.salary),2) AVERAGE_SALARY\r\nFROM employees e, departments d, locations l, zip_codes z, countries c\r\nWHERE e.departmen_id = d.department_id\r\nAND d.location_id = l.location_id\r\nAND l.zip_code = z.zip_code\r\nAND z.country_id = c.country_id\r\nAND country = ‘Argentine’;\r\n\r\n',0),
 (964,272,'None',0),
 (965,273,'SELECT o.occupation OCUPATIONS\r\nDECODE(e.department_id, 20, SUM(e.salary)) DEP_20\r\nDECODE(e.department_id, 30, SUM( e.salary)) DEP_30\r\nDECODE(e.department_id, 80, SUM(e.salary)) DEP_80\r\nDECODE(e.department_id, 90, SUM(e.salary)) DEP_90\r\nSUM (e.salary) TOTAL\r\nFROM employees e, occupations o\r\nWHERE e.occupation_id = o.occupation_id\r\nGROUP BY o.occupation;\r\n\r\n',0),
 (966,273,'SELECT o.occupation OCUPATIONS\r\nSUM(DECODE(e.department_id, 20, e.salary)) DEP_20\r\nSUM(DECODE(e.department_id, 30, e.salary)) DEP_30\r\nSUM(DECODE(e.department_id, 80, e.salary)) DEP_80\r\nSUM(DECODE(e.department_id, 90, e.salary)) DEP_90\r\nSUM (e.salary) TOTAL\r\nFROM employees e, occupations o\r\nWHERE e.occupation_id = o.occupation_id\r\nGROUP BY o.occupation;\r\n\r\n',0),
 (967,273,'SELECT o.occupation OCUPATIONS\r\nSUM(CASE e.department_id WHEN 20 THEN e.salary ELSE 0 END) DEP_20\r\nSUM(CASE e.department_id WHEN 30 THEN e.salary ELSE 0 END) DEP_30\r\nSUM(CASE e.department_id WHEN 80 THEN e.salary ELSE 0 END) DEP_80\r\nSUM(CASE e.department_id WHEN 90 THEN e.salary ELSE 0 END) DEP_90\r\nSUM (e.salary) TOTAL\r\nFROM employees e, occupations o\r\nWHERE e.occupation_id = o.occupation_id\r\nGROUP BY o.occupation;\r\n\r\n',0),
 (968,273,'b and c\r\n\r\n',1),
 (969,273,'a and c\r\n\r\n',0),
 (970,273,'none\r\n',0),
 (971,274,'CREATE old_employees(\r\nold_emlployee_id number(5) CONSTRAINT old_emlployee_id_nn   NOT NULL, \r\ndepartment_id nvarchar2(5) NOT NULL,\r\ndepartment_name nvarchar2(50) NOT NULL,\r\nlast_name  nvarchar2 (50) NOT NULL,\r\nfirst_name  nvarchar2 (50) NOT NULL,\r\noccupation_id number(5) NOT NULL,\r\nmanager_id, number(5) NOT NULL,\r\nstart_date date NOT NULL,\r\nend_date, date NOT NULL);\r\n\r\n',1),
 (972,274,'CREATE old_employees(\r\nold_emlployee_id number(5) CONSTRAINT PRIMARY KEY NOT NULL, \r\ndepartment_id nvarchar2(5) NOT NULL,\r\ndepartment_name nvarchar2(50) NOT NULL,\r\nlast_name  nvarchar2 (50) NOT NULL,\r\nfirst_name  nvarchar2 (50) NOT NULL,\r\noccupation_id number(5) NOT NULL,\r\nmanager_id, number(5) NOT NULL,\r\nstart_date date NOT NULL,\r\nend_date, date NOT NULL);\r\n\r\n',0),
 (973,274,'CREATE old_employees(\r\nold_emlployee_id number(5) CONSTRAINT old_emlployee_id_nn   (NOT NULL), \r\ndepartment_id nvarchar2(5) (NOT NULL),\r\ndepartment_name nvarchar2(50) (NOT NULL),\r\nlast_name  nvarchar2 (50) (NOT NULL),\r\nfirst_name  nvarchar2 (50) (NOT NULL),\r\noccupation_id number(5) (NOT NULL),\r\nmanager_id, number(5) (NOT NULL),\r\nstart_date date (NOT NULL),\r\nend_date, date (NOT NULL));\r\n',0),
 (974,274,'None\r\n',0),
 (975,275,'INSERT INTO old_employees \r\nSELECT e.employee_id NVL(TO_CHAR(e.department_id),’0’), NVL(d.department_name, ‘Not assigned’), e.last_name, e.first_name,  e.occupation_id, e.manager_id, eh.start_date, eh.end_date\r\nFROM employees e, departments d, occupations o,  employees_history eh\r\nWHERE e.department_id = d.department_id(+)\r\nAND e.department_id = eh.department_id\r\nAND e.occupation_id = o.occupation_id\r\nAND eh.end_date is not null ;\r\n',0),
 (976,275,'INSERT INTO old_employees (last_name, first_name, old_employee_id, department_id, department_name, occupation_id, manager_id, start_date, end_date )\r\nSELECT e.last_name, e.first_name,  e.employee_id NVL(e.department_id,’0’), NVL(d.department_name, ‘Not assigned’), e.occupation_id, e.manager_id, eh.start_date, eh.end_date\r\nFROM employees e, departments d, occupations o,  employees_history eh\r\nWHERE e.department_id = d.department_id(+)\r\nAND e.department_id = eh.department_id\r\nAND e.occupation_id = o.occupation_id\r\nAND eh.end_date is not null ;\r\n',0),
 (977,275,'INSERT INTO old_employees (last_name, first_name, old_employee_id, department_id, department_name, occupation_id, manager_id, start_date, end_date ) VALUES\r\nSELECT e.last_name, e.first_name,  e.employee_id NVL(e.department_id,’0’), NVL(d.department_name, ‘Not assigned’), e.occupation_id, e.manager_id, eh.start_date, eh.end_date\r\nFROM employees e, departments d, occupations o,  employees_history eh\r\nWHERE e.department_id = d.department_id(+)\r\nAND e.department_id = eh.department_id\r\nAND e.occupation_id = o.occupation_id\r\nAND eh.end_date is not null ;\r\n\r\n',0),
 (978,275,'INSERT INTO old_employees VALUES\r\nSELECT e.last_name, e.first_name,  e.employee_id NVL(e.department_id,’0’), NVL(d.department_name, ‘Not assigned’), e.occupation_id, e.manager_id, eh.start_date, eh.end_date\r\nFROM employees e, departments d, occupations o,  employees_history eh\r\nWHERE e.department_id = d.department_id(+)\r\nAND e.department_id = eh.department_id\r\nAND e.occupation_id = o.occupation_id\r\nAND eh.end_date is not null ;\r\n\r\n',0),
 (979,275,'a and b',1),
 (980,275,'c and d',0),
 (981,275,'none',0),
 (982,276,'DELETE * FROM old_employees;',0),
 (983,276,'DELETE FROM old_employees;',1),
 (984,276,'DROP old_employees;',0),
 (985,276,'TRUNCATE old_employees;',0),
 (986,277,'UPDATE employees\r\nSET salary             = (SELECT salary\r\n           FROM employees\r\n WHERE employee_id != 205)\r\n			occupation_id = (SELECT occupation_id\r\nFROM employees\r\nWHERE employee_id = 205)\r\n		 WHERE employee_id = 200;\r\n\r\n',0),
 (987,277,'UPDATE employees\r\nSET salary             = (SELECT salary\r\n           FROM employees\r\n WHERE employee_id = 205) \r\n			occupation_id = (SELECT occupation_id\r\nFROM employees\r\nWHERE employee_id = 205)\r\n		 WHERE employee_id = 200;\r\n',0),
 (988,277,'UPDATE employees\r\n	SET salary = 4000, occupation_id = 205\r\n    WHERE employee_id = 200;\r\n',0),
 (989,277,'a and b',1),
 (990,277,'b and c',0),
 (991,277,'all (a, b and c)',0),
 (992,277,'none',0),
 (993,278,'DROP old_employees;',0),
 (994,278,'DELETE old_employees;',0),
 (995,278,'TRUNCATE old_employees;',1),
 (996,278,'b and c',0),
 (997,278,'a and c',0),
 (998,278,'all',0),
 (999,279,'CREATE OR REPLACE VIEW department_sal_view           (department_name, min_salary, max_salary, avg_salary)\r\nAS SELECT d.department_name, MIN(e.salary),  MAX(e.salary), AVG(e.salary)\r\nFROM employees e, departments d\r\nWHERE e.department_id = d.department_id\r\nGROUP BY d.department_name;\r\n',0),
 (1000,279,'CREATE VIEW department_sal_view (department_name, min_salary, max_salary, avg_salary)\r\nAS SELECT d.department_name, MIN(e.salary),  MAX(e.salary), AVG(e.salary)\r\nFROM employees e, departments d\r\nWHERE e.department_id = d.department_id\r\nGROUP BY d.department_name;\r\n\r\n',0),
 (1001,279,'CREATE OR REPLACE VIEW department_sal_view (department_name, min_salary, max_salary, avg_salary)\r\nAS SELECT d.department_name, MIN(e.salary),  MAX(e.salary), AVG(e.salary)\r\nFROM employees e, departments d\r\nWHERE e.department_id = d.department_id\r\nGROUP BY d.department_id;\r\n',0),
 (1002,279,'CREATE VIEW department_sal_view (department_name, min_salary, max_salary, avg_salary)\r\nAS SELECT d.department_name, MIN(e.salary),  MAX(e.salary), AVG(e.salary)\r\nFROM employees e, departments d\r\nWHERE e.department_id = d.department_id\r\nGROUP BY d.department_id;\r\n',0),
 (1003,279,'c and d\r\n\r\n',1),
 (1004,279,'a and b',0),
 (1005,279,'none',0),
 (1006,280,'C#',0),
 (1007,280,'J#',0),
 (1008,280,'VB.NET',0),
 (1009,280,'Java',1),
 (1010,281,'HTMLForms',0),
 (1011,281,'Webforms',1),
 (1012,281,'Winforms',0),
 (1013,282,'Asocia los archivos .aspx con los archivos que contienen el codebehind',0),
 (1014,282,'Almacena información global y definición de variables de la aplicación',1),
 (1015,282,'Configura el servidor web',0),
 (1016,282,'Configura el browser',0),
 (1017,283,'ControlToValidate',1),
 (1018,283,'ControlToBind',0),
 (1019,283,'ValidateControl',0),
 (1020,283,'Validate',0),
 (1021,284,'asp:label',1),
 (1022,284,'asp:listitem',0),
 (1023,284,'asp:button',0),
 (1024,285,'Request.QueryString',0),
 (1025,285,'Request.Form',1),
 (1026,285,'Response.write',0),
 (1027,286,'RegularExpressionValidator',0),
 (1028,286,'CompareValidator',1),
 (1029,286,'RequiredFieldValidator',0),
 (1030,287,'Integer / int',0),
 (1031,287,'Short  / short',1),
 (1032,287,'Long / long',0),
 (1033,287,'Ninguno de los anteriores',0),
 (1034,288,'_ (underscore)',1),
 (1035,288,'&',0),
 (1036,288,':',0),
 (1037,288,'#',0),
 (1038,289,'_ (underscore)',0),
 (1039,289,'&',0),
 (1040,289,':',0),
 (1041,289,'#',0),
 (1042,289,'Ninguna de las anteriores',1),
 (1043,290,'Si',1),
 (1044,290,'Solo para parámetros que son tipos por referencia',0),
 (1045,290,'Solo si los parámetros tienen un default value',0),
 (1046,290,'No',0),
 (1047,291,'Si',0),
 (1048,291,'Solo para parámetros que son tipos por referencia',0),
 (1049,291,'Solo si los parámetros tienen un default value',0),
 (1050,291,'No',1),
 (1051,292,'Si',1),
 (1052,292,'No',0),
 (1053,293,'System.IO',1),
 (1054,293,'System.FileObjects',0),
 (1055,293,'System.FileSystem',0),
 (1056,294,'Continue',0),
 (1057,294,'Break',0),
 (1058,294,'Next',0),
 (1059,294,'Return “niño”',1),
 (1060,294,'Return',0),
 (1061,295,'Sirve para definir cuál es la página principal cuando un browser abre el sitio ',0),
 (1062,295,'Sirve solamente para aplicar estilos en todas las páginas del sitio ',0),
 (1063,295,'Sirve para definir la estructura de las páginas del sitio (encabezamiento, pie de página, menús, navegación) ',1),
 (1064,295,'Sirve para acomodar el nuevo control de login y Web Parts. Ningún otro control está permitido',0),
 (1065,296,'Un archivo de lenguaje C# o VB.NET ',0),
 (1066,296,'Un conjunto de archivos partial class ',0),
 (1067,296,'Un archivo aspx y su code behind ',0),
 (1068,296,'Todas las respuestas son correctas',1),
 (1069,297,'Page_Init()',1),
 (1070,297,'Page_Load()',0),
 (1071,297,'Page_click()',0),
 (1072,298,'System.Web.UI.Page',1),
 (1073,298,'System.Web.UI.Form',0),
 (1074,298,'System.Web.GUI.Page',0),
 (1075,298,'System.Web.Form',0),
 (1076,299,'Session Objects',0),
 (1077,299,'Application Objects',0),
 (1078,299,'Viewstate',0),
 (1079,299,'Todas las anteriores',1),
 (1080,300,'Extended expressions',0),
 (1081,300,'Basic expressions',0),
 (1082,300,'Regular expressions',1),
 (1083,300,'Irregular expressions',0),
 (1084,301,'Pasados por valor',1),
 (1085,301,'Pasados por referencia',0),
 (1086,301,'Ambos por valor y referencia',0),
 (1087,301,'Ninguno de los anteriores',0),
 (1088,302,'Para que a un value type pueda asignársele Nothing (VB.NET) / null (C#)',1),
 (1089,302,'Para que a los objetos pueda asignárseles Nothing (VB.NET) / null (C#)',0),
 (1090,302,'Para reemplazar a DBNull.Value',0),
 (1091,303,'Nunca',1),
 (1092,303,'Solo para clases e interfaces',0),
 (1093,303,'Solo para interfaces',0),
 (1094,303,'Solo para structs',0),
 (1095,304,'Oculta explícitamente un miembro heredado de una clase base',1),
 (1096,304,'Evita que un miembro heredado sea público',0),
 (1097,304,'No es un modificador, sino un tipo (System.Drawing.Shadows)',0),
 (1098,304,'No existe ese modificador en VB.NET ',0),
 (1099,305,'Ninguna en especial',1),
 (1100,305,'ISerializable',0),
 (1101,305,'IDisposable',0),
 (1102,305,'IEnumerable',0),
 (1103,306,'If IsNumeric(s) Then MyDouble = CDbl(s) ',1),
 (1104,306,'MyDouble = CDbl(s)',0),
 (1105,306,'Try MyDouble = CDbl(s) Catch ex as System.Exception',0),
 (1106,307,'Consultando si existen valores en el View State',0),
 (1107,307,'Toda llamada a una página web es un postback',0),
 (1108,307,'Habilitando Autopostback en verdadero',0),
 (1109,307,'Mediante la propiedad Page.IsPostback',1),
 (1110,308,'Sí, basta editar las propiedades en el Edit Columns ',1),
 (1111,308,'Esto solamente es posible en tiempo de ejecución, vía código ',0),
 (1112,308,'No es posible, ya que este control no permite customizaciones ',0),
 (1113,308,'Sí, siempre y cuando este control sea parte de una Master Page ',0),
 (1114,309,'Una propiedad que tienen algunos controles que permite mantener su estilo',0),
 (1115,309,'Un mecanismo que mantiene el estado de los controles, entre las idas y vueltas al servidor, almacenando las propiedades de  los controles en un campo oculto de la página',1),
 (1116,309,'Una propiedad de los formularios web que permite mantener su estado durante toda la aplicación Web',0),
 (1117,309,'Una propiedad de los formularios web que permite mantener su estado durante toda la aplicación Web',0),
 (1118,310,'Sí, inclusive usted puede alterar el layout de la Master Page en cualquier otra página',0),
 (1119,310,'Sí, inclusive se pueden heredar todas sus funcionalidades, haciendo innecesaria la duplicación de códigos',1),
 (1120,310,'No, la Master Page deberá tener los links para las demás páginas del sitio',0),
 (1121,310,'Sí, sin embargo ella no soporta todos los tipos de controles existentes',0),
 (1122,311,'Todos los archivos menos los que definen el proyecto',0),
 (1123,311,'Archivos aspx, ascx, asmx, archivos estáticos y el directorio bin',1),
 (1124,311,'Archivos aspx, ascx, asmx, cs, vb, master, skin y archivos estáticos',0),
 (1125,311,'Assemblies, config y archivos estáticos',0),
 (1126,312,'Sólo se definen las cadenas de conexión a las bases de datos',0),
 (1127,312,'La información se guarda sin estructura',0),
 (1128,312,'Se guarda información común a toda la aplicación, incluyendo las cadenas de conexión a las bases de datos, especificaciones  de autenticación, proveedores a utilizar, etc. ',1),
 (1129,312,'Todas las opciones son correctas',0),
 (1130,313,'Esta propiedad se aplica a campos de tipo numéricos y a las fechas ',1),
 (1131,313,'Esta propiedad se aplica a cualquier tipo de campo',0),
 (1132,313,'Esta propiedad se aplica a campos de tipo numéricos, textos y fechas',0),
 (1133,313,'Esta propiedad se aplica a campos de tipo texto',0),
 (1134,314,'Contener variables de instancia',0),
 (1135,314,'Contener constructores',0),
 (1136,314,'Extender otras clases',0),
 (1137,314,'Extender otras clases abstractas',0),
 (1138,314,'Implementar métodos  ',0),
 (1139,314,'Todas las anteriores ',1),
 (1140,314,'Ninguna de las anteriores',0),
 (1141,315,'Contener variables de instancia',0),
 (1142,315,'Extender solamente una interfaz',0),
 (1143,315,'Realizar herencia múltiple de interfaces ',1),
 (1144,315,'Implementar métodos',0),
 (1145,315,'Todas las anteriores',0),
 (1146,315,'Ninguna de las anteriores',0),
 (1147,316,'Sólo se ejecuta luego de que se ejecuta la cláusula catch',0),
 (1148,316,'Sólo se ejecuta si no se ejecuta la cláusula catch',0),
 (1149,316,'Se ejecuta siempre, a menos que termine el thread',1),
 (1150,316,'Sólo se ejecuta si se dispara una excepción',0),
 (1151,317,'Es poco performante y debe evitarse siempre que sea posible',0),
 (1152,317,'Permite usar cualquier objeto como tipo para una clase',1),
 (1153,317,'Difiere el chequeo de tipos hasta que se instancia la clase en tiempo de ejecución',0),
 (1154,318,'Declarar nuevos tipos al compilar',0),
 (1155,318,'Invocar el Garbage Collector',0),
 (1156,318,'Examinar e instanciar tipos en un assembly',1),
 (1157,319,'El cliente envía un mensaje al servidor, este procesa los datos y le envía una respuesta al cliente',0),
 (1158,319,'El cliente envía una petición, el servidor procesa el mensaje y llama al manejador de eventos correspondiente. Se arma la  respuesta y se envía al cliente',1),
 (1159,319,'El cliente realiza una petición al manejador de eventos y este le responde',0),
 (1160,319,'Ninguna de las opciones es correcta',0),
 (1168,322,'Solo hay que configurar la página de Log In en el archivo de configuración de la aplicación',0),
 (1169,322,'Hay que ajustarse al modelo de datos propuesto por ASP.Net',0),
 (1170,322,'Solo hay que armar una página de login que autentique el usuario y guarde los datos necesarios',0),
 (1171,322,'Configurar los valores necesarios de la entrada autentication del web.config',1),
 (1172,323,'Se inicializa, se carga el post, se carga el View State ',0),
 (1173,323,'Se inicializa, se carga el View State, se carga el postback ',0),
 (1174,323,'Se inicializa, se carga el View State, se carga el post ',0),
 (1175,323,'Se inicializa, se carga el View State, se disparan los eventos postback',1),
 (1176,324,'Por default los structs tienen miembros públicos',0),
 (1177,324,'Un struct no puede tener constructores sin parámetros, las clases sí',1),
 (1178,324,'Ambos son creados en el heap',0),
 (1179,324,'Un struct no puede implementar una interfaz',0),
 (1180,324,'Ninguna de las anteriores',0),
 (1181,325,'Declara Variables Globales',0),
 (1182,325,'Implementa eventos de aplicación y de sesión',1),
 (1183,325,'No se usa',0),
 (1184,326,'Application object',1),
 (1185,326,'Session object',0),
 (1186,326,'Response object',0),
 (1187,326,'Server object',0),
 (1188,327,'Si',0),
 (1189,327,'No',1),
 (1190,328,'Windows',1),
 (1191,328,'Form',0),
 (1192,328,'User',0),
 (1193,328,'Todas',0),
 (1194,329,'CurrentUICulture',1),
 (1195,329,'CurrentCulture',0),
 (1196,330,'Regression tests',1),
 (1197,330,'Integration tests',0),
 (1198,330,'Unit tests',0),
 (1199,330,'Load test',0),
 (1200,331,'System.Diagnostics.Process',0),
 (1201,331,'System.Data.Common',0),
 (1202,331,'System.NET.DNS',0),
 (1203,331,'System.Diagnostics namespace',1),
 (1204,332,'Código de testing',0),
 (1205,332,'Código administrado',0),
 (1206,332,'Código no administrado',1),
 (1207,332,'Código de frontera',0),
 (1208,333,'Que la clase se utilizará únicamente como base para otras',0),
 (1209,333,'Que la clase es abstracta',0),
 (1210,333,'El modificador virtual no existe en VB.net',0),
 (1211,333,'Que el comportamiento del método puede ser modificado por las clases derivadas',1),
 (1212,333,'Especifica que la clase no puede heredarse',0),
 (1213,333,'Ninguna de las Anteriores',0),
 (1214,334,'Para sincronizar operaciones de red',0),
 (1215,334,'Para sincronizar threads',1),
 (1216,334,'Para controlar el acceso a disco',0),
 (1217,335,'Singleton',0),
 (1218,335,'Adapter',0),
 (1219,335,'State',0),
 (1220,335,'Strategy',0),
 (1221,335,'Decorator ',1),
 (1222,336,'Cuando todos los métodos son abstractos',0),
 (1223,336,'Cuando al menos un método es abstracto',1),
 (1224,336,'El atributo es siempre opcional, pero no se podrán utilizar aquellos métodos que sean abstractos',0),
 (1225,336,'El atributo es siempre opcional',0),
 (1226,337,'Para concatenar strings en forma eficiente',1),
 (1227,337,'Para crear código HTML',0),
 (1228,337,'Para crear un objeto en base a su representación en un string',0),
 (1229,337,'Para serializar un objeto',0),
 (1230,338,'Crear un objeto de tipo Box',1),
 (1231,338,'Convertir un value type en un reference type',0),
 (1232,338,'Pasar por parámetro un valor de tipo int',0),
 (1233,339,'DirectCast',1),
 (1234,339,'CType',0),
 (1235,339,'Son equivalentes',0),
 (1236,339,'No existe DirectCast en VB.NET',0),
 (1237,340,'El método que se implementa está relacionado con el tipo o la identidad de una clase',0),
 (1238,340,'Una clase puede llegar a necesitar más de una implementación para un método',1),
 (1239,340,'Se necesita definir solo la signature de un método',0),
 (1240,341,'Por medio de la entrada pages en el web.config ',0),
 (1241,341,'Por medio de la entrada pages en el machine.config ',0),
 (1242,341,'Por medio de la propiedad \"Theme\" en la directiva \"@Page\" ',0),
 (1243,341,'Todas las opciones son correctas',1),
 (1244,342,'crear un directorio virtual en IIS',0),
 (1245,342,'Instalar las extensiones de servidor de Front Page',0),
 (1246,342,'Permisos de escritura',0),
 (1247,342,'Trabajar con el ASP.NET development server',1),
 (1248,285,'Response.writeln',0),
 (1249,343,'Código de lenguaje intermedio a ejecutar',0),
 (1250,343,'Información de los métodos públicos de cada clase',0),
 (1251,343,'Información sobre las enumeraciones públicas',0),
 (1252,343,'Todas las anteriores',1),
 (1253,344,'NotInheritable',1),
 (1254,344,'Shadows',0),
 (1255,344,'CancelInheritable',0),
 (1256,345,'Una tabla.',0),
 (1257,345,'Una vista.',0),
 (1258,345,'Las dos anteriores son ciertas.',1),
 (1259,345,'Las dos anteriores son falsas.',0),
 (1260,346,'Deberemos cualificarla, de la siguiente forma: FROM Base2.tabla.',1),
 (1261,346,'Podremos indicar el nombre de la tabla directamente: FROM tabla.',0),
 (1262,346,'No podemos utilizar más de una base de datos en la misma consulta.',0),
 (1263,346,'Deberemos desconectar de la base de datos actual y conectar con la Base2.',0),
 (1264,347,'El origen, por ejemplo: tablaEmpleados as Empleados ',0),
 (1265,347,'La lista de selección, por ejemplo: nomEmp as [Nombre Empleado] ',0),
 (1266,347,'Las dos anteriores son ciertas. ',1),
 (1267,347,'Las dos anteriores son falsas. ',0),
 (1268,348,'En la lista de selección, para indicar que queremos mostrar todas las columnas del origen indicado. ',1),
 (1269,348,'En el origen de datos, para indicar que queremos utilizar como origen todas las tablas de la base de datos. ',0),
 (1270,348,'Las dos anteriores son ciertas. ',0),
 (1271,348,'Las dos anteriores son falsas. ',0),
 (1272,349,'Deberemos indicar si queremos ordenar de forma ascendente (ASC) o descendente (DESC) o dará error.   ',0),
 (1273,349,'Deberemos indicar si queremos ordenar de forma ascendente o descendente. Si no indicamos nada, se ordenará de forma ascendente por defecto.  ',1),
 (1274,349,'Deberemos indicar ASC o DESC, pero sólo en caso de que se trate de un campo alfabético. Para otros tipos de datos no funciona (como fechas o campos numéricos). ',0),
 (1275,349,'Todas son falsas. ',0),
 (1276,350,'Agiliza las consultas, porque debe mostrar menos resultados. ',0),
 (1277,350,'Se utiliza para no mostrar las filas que repitan el mismo valor en un determinado campo (columna). ',0),
 (1278,350,'Se utiliza para no mostrar las filas que se repitan en todos sus campos, es decir, que sea idénticas. Ralentiza la consulta porque debe evaluar al final si se repiten y eliminarlas del listado generado. ',1),
 (1279,350,'Se ejecuta de forma predeterminada. Para que no sea así debemos indicar ALL, por ejemplo: SELECT ALL oficina FROM empleados. ',0),
 (1280,351,'Tiene más sentido en consultas con ORDER BY. Al ejecutarse, primero se ordenan según un criterio y luego se extraen las N primeras. ',0),
 (1281,351,'Puede ir acompañada de WITH TIES, si queremos mostrar todos los valores iguales al último del ranking. ',0),
 (1282,351,'Puede ser porcentual, es decir, mostrar el 8% del total de registros, por ejemplo, para que el listado sea proporcional a su volumen. ',0),
 (1283,351,'Todas son ciertas.',1),
 (1284,352,'Admite condiciones para filtrar los resultados. Ej.: WHERE nombre=\'Juan\'.',0),
 (1285,352,'Admite funciones. Ej.: WHERE YEAR(contrato)=1985. ',0),
 (1286,352,'Admite intervalos de valores. Ej.: WHERE YEAR(contrato) BETWEEN \r\n1985 AND 1995.',0),
 (1287,352,'Todas son ciertas.',1),
 (1288,353,'Tener los datos de una o más columnas en común. Por ejemplo, que en ambas tablas se referencie a un código. ',0),
 (1289,353,'Tener el mismo esquema de tabla, es decir, mismo número de columnas y mismo tipo de datos, en el mismo orden.  ',1),
 (1290,353,'Tener registros (filas) en común.',0),
 (1291,353,'Estar en la misma base de datos.',0),
 (1292,354,'Actúa sobre las filas resultantes de una consulta de resumen y funciona igual que la cláusula WHERE.',1),
 (1293,354,'Actúa igual que la cláusula WHERE, sobre las filas origen. ',0),
 (1294,354,'Se puede utilizar en consultas sin GROUP BY. ',0),
 (1295,354,'Se puede utilizar en consultas sin GROUP BY. ',0),
 (1296,355,'Se escriben entre corchetes - [ ].',0),
 (1297,355,'Se escriben entre paréntesis - ( ).',1),
 (1298,355,'Se escriben entre llaves - { }.',0),
 (1299,355,'Se finalizan con un punto y coma - ;.',0),
 (1300,356,'A menos que contengan, además, la cláusula TOP. ',0),
 (1301,356,'Porque no tendría sentido, ya que la subconsulta sirve para realizar una comprobación y no se va a visualizar. ',0),
 (1302,356,'Las dos anteriores son ciertas. ',1),
 (1303,356,'Las dos anteriores son falsas, ya que no hay problema en incluir un ORDER BY dentro de una subconsulta. ',0),
 (1304,357,'Verdadero. ',1),
 (1305,357,'Falso. ',0),
 (1306,358,'Sí, siempre que le asignemos un valor que no exista. ',0),
 (1307,358,'Sí, siempre que asignemos el valor que debería tener: si estamos actualizando el registro con identidad 7 y el valor máximo de la tabla es 30, deberíamos asignar el 31. ',0),
 (1308,358,'No, porque este campo lo gestiona el sistema y daría error. ',1),
 (1309,358,'Todas son falsas. ',0),
 (1310,359,'Una fila por cada consulta. ',0),
 (1311,359,'Una fila o más.',1),
 (1312,359,'Un campo en concreto de una fila en particular. ',0),
 (1313,359,'Una columna completa. ',0),
 (1314,360,'Es el resultado de una consulta que se guarda como si fuese una tabla más y cuyo contenido siempre está actualizado con los datos de las tablas origen. ',0),
 (1315,360,'Se escribe como una SELECT normal, pero indicamos “CREATE VIEW nombre AS” antes, para indicar que queremos que se cree una vista del resultado de esa consulta. ',0),
 (1316,360,'Las dos anteriores son ciertas.',1),
 (1317,360,'Las dos anteriores son falsas. ',0),
 (1318,361,'echo “hello world”;',1),
 (1319,361,'echo (hello world);',0),
 (1320,361,'print “hello world”;',1),
 (1321,362,'echo ($var_array);',0),
 (1322,362,'$var_array.print();',0),
 (1323,362,'print_r ($var_array);',1),
 (1324,363,'<html>\r\n<?php header(\'Location: http://www.example.com/\'); ?>\r\n</html>',0),
 (1325,363,'<html>\r\n<?php header(\'Redirect-To: http://www.example.com/\'); ?>\r\n</html>',0),
 (1326,363,'<?php header(\'Location: http://www.example.com/\'); ?>',1),
 (1327,364,'str_len ($my_name);',0),
 (1328,364,'strlen ($my_name);',1),
 (1329,364,'str_length ($my_name);',0),
 (1330,364,'$my_name->getLength();',0),
 (1331,365,'<?php\r\nfor ($i = 0; $i < 50; $i++) {\r\nif ($i == 10)  continue;\r\nprint \"$i\\n\";\r\n}\r\n?>',1),
 (1332,365,'<?php\r\nfor ($i = 0; $i < 50; $i++) {\r\nif ($i == 10)  break;\r\nprint \"$i\\n\";\r\n}\r\n?>',0),
 (1333,366,'download ();',0),
 (1334,366,'file ();',0),
 (1335,366,'header ();',1),
 (1336,367,'<?php $session->begin(); ?>',0),
 (1337,367,'<?php $session.start(); ?>',0),
 (1338,367,'<?php $session->start(); ?>',0),
 (1339,367,'<?php session_start(); ?>',1),
 (1340,368,'It returns session id generated on the server.',1),
 (1341,368,'It returns session id generated by the cookie.',0),
 (1342,368,'It returns a number.',0),
 (1343,369,'50',0),
 (1344,369,'0',0),
 (1345,369,'3',1),
 (1346,369,'30',0),
 (1347,369,'Compiler error.',0),
 (1348,370,'The result is the same.',0),
 (1349,370,'The result is different.',1),
 (1350,371,'public class SomeClass { }',0),
 (1351,371,'class SomeClass { }',1),
 (1352,371,'public void SomeClass { }',0),
 (1353,372,'Bag',1),
 (1354,372,'7',0),
 (1355,372,'$bag',0),
 (1356,373,'max(10, 3);',1),
 (1357,373,'Math.max (10, 3);',0),
 (1358,373,'if ( 10 > 3);',0),
 (1359,374,'include ‘file.php’',0),
 (1360,374,'include_once ‘file.php’',0),
 (1361,374,'require_once (‘file.php’)',1),
 (1362,375,'get_contents();',0),
 (1363,375,'ob_get_contents();',1),
 (1364,375,'ob_get_flush();',0),
 (1365,376,'mysql_connect(\'localhost\', \'mysql_user\', \'mysql_password\');',1),
 (1366,376,'mysql_db_connect(\'localhost\', \'mysql_user\', \'mysql_password\');',0),
 (1367,376,'database_connect(\'localhost\', \'mysql_user\', \'mysql_password\');',0),
 (1368,377,'mysql_run_query(\'SELECT * WHERE ‘status’=1\');',0),
 (1369,377,'mysql_query(\'SELECT * WHERE ‘status’=1\');',1),
 (1370,377,'database_query(\'SELECT * WHERE ‘status’=1\');',0),
 (1371,378,'mysql_fetch_assoc',0),
 (1372,378,'mysql_fetch_array',1),
 (1373,378,'mysql_fetch_object',0),
 (1374,379,'mysql_fetch_error',0),
 (1375,379,'mysql_errno',0),
 (1376,379,'mysql_error',1),
 (1377,380,'ch_mod ();',0),
 (1378,380,'filemod ();',0),
 (1379,380,'chmod ();',1),
 (1380,380,'file_permissions ();',0),
 (1381,381,'These two properties are the same, hiding a element.',0),
 (1382,381,'visibility: hidden hides the element, but it still takes up space in the layout and display: none removes the element completely from the document.',1),
 (1383,381,'visibility: hidden removes the element from the document, and display: none hides the element, but it still takes up space in the document.',0),
 (1384,382,'Lend structure to the document',0),
 (1385,382,'Mold the presentation of the document',1),
 (1386,382,'Script the interactions on the page',0),
 (1387,383,'Consistent',0),
 (1388,383,'Cascading',1),
 (1389,383,'Crysis',0),
 (1390,384,'#x',0),
 (1391,384,'.x',0),
 (1392,384,'x ) y',1),
 (1393,385,'120px',1),
 (1394,385,'140px',0),
 (1395,385,'100px',0),
 (1396,386,'margin: 0 auto;',1),
 (1397,386,'align: center;',0),
 (1398,386,'margin: 0;',0),
 (1399,387,'display: inline;',1),
 (1400,387,'padding: 2px',0),
 (1401,387,'color: #fff',0),
 (1402,388,'10px',0),
 (1403,388,'30px',1),
 (1404,388,'20px',0),
 (1405,389,'Div with a class of selected which is a descendant of a paragraph.',1),
 (1406,389,'Paragraph with a class of selected which is a descendant of a div.',0),
 (1407,389,'Div with a class of selected which is an ancestor of a paragraph.',0),
 (1408,390,'Embedded, then linked, then inline.',0),
 (1409,390,'Inline, then embedded, and then linked.',1),
 (1410,390,'Inline, then linked, then embedded.',0),
 (1411,391,'every div element',0),
 (1412,391,'only parent elements',0),
 (1413,391,'every element',1),
 (1414,392,'<link rel=\"stylesheet\" type=\"text/css\" href=\"style/reset.css\" />',1),
 (1415,392,'< stylesheet src=”styles.css”>',0),
 (1416,392,'< link src=”styles.css”>',0),
 (1417,393,'True',1),
 (1418,393,'False',0),
 (1419,394,'Yes',0),
 (1420,394,'No',1),
 (1421,395,'True',1),
 (1422,395,'False',0),
 (1423,396,'doctype, html and body',0),
 (1424,396,'doctype, html, head, and body',0),
 (1425,396,'doctype, html, head, body, and title',1),
 (1426,397,'Yes',1),
 (1427,397,'No',0),
 (1428,398,'Strict, Transitional, Loose',0),
 (1429,398,'Strict, Transitional, Loose, Frameset',0),
 (1430,398,'Strict, Transitional, Frameset',1),
 (1431,399,'Normal',0),
 (1432,399,'Loose',0),
 (1433,399,'Frameset',0),
 (1434,399,'Transitional',1),
 (1435,400,'True\r\n',1),
 (1436,400,'False',0),
 (1437,401,'<p>A <b><i>short</i></b> paragraph</p>\r\n',1),
 (1438,401,'<p>A <b><i>short</b></i> paragraph</p>',0),
 (1439,401,'<p>A <b><i>short</i></b> paragraph',0),
 (1440,402,'True',1),
 (1441,402,'False',0);
/*!40000 ALTER TABLE `option` ENABLE KEYS */;


--
-- Definition of table `option_chosed`
--

DROP TABLE IF EXISTS `option_chosed`;
CREATE TABLE `option_chosed` (
  `id` int(11) NOT NULL AUTO_INCREMENT,
  `option_id` int(11) NOT NULL,
  `question_answered_id` int(11) NOT NULL,
  `checked` tinyint(1) NOT NULL,
  PRIMARY KEY (`id`),
  KEY `FK_option_chosed_op` (`option_id`),
  KEY `FK_option_chosed_qa` (`question_answered_id`)
) ENGINE=MyISAM AUTO_INCREMENT=7740 DEFAULT CHARSET=latin1;

--
-- Dumping data for table `option_chosed`
--

/*!40000 ALTER TABLE `option_chosed` DISABLE KEYS */;
INSERT INTO `option_chosed` (`id`,`option_id`,`question_answered_id`,`checked`) VALUES 
 (655,760,195,0),
 (656,758,195,0),
 (657,759,195,1),
 (658,782,196,0),
 (659,783,196,1),
 (660,784,196,0),
 (661,971,197,0),
 (662,973,197,1),
 (663,972,197,0),
 (664,974,197,0),
 (665,793,198,0),
 (666,792,198,1),
 (667,791,198,0),
 (668,642,199,0),
 (669,643,199,1),
 (670,644,199,0),
 (671,641,199,0),
 (672,999,200,0),
 (673,1003,200,0),
 (674,1004,200,0),
 (675,1001,200,0),
 (676,1002,200,1),
 (677,1005,200,0),
 (678,1000,200,0),
 (679,822,201,0),
 (680,820,201,0),
 (681,821,201,1),
 (682,819,201,0),
 (683,735,202,0),
 (684,734,202,0),
 (685,736,202,1),
 (686,674,203,0),
 (687,673,203,0),
 (688,672,203,0),
 (689,671,203,1),
 (690,709,204,0),
 (691,711,204,0),
 (692,710,204,1),
 (693,708,204,0),
 (694,755,205,0),
 (695,756,205,0),
 (696,757,205,1),
 (697,981,206,1),
 (698,980,206,0),
 (699,977,206,0),
 (700,976,206,0),
 (701,979,206,0),
 (702,978,206,0),
 (703,975,206,0),
 (704,754,207,1),
 (705,752,207,0),
 (706,753,207,0),
 (707,843,208,0),
 (708,842,208,0),
 (709,841,208,1),
 (710,840,208,0),
 (711,663,209,0),
 (712,664,209,0),
 (713,665,209,0),
 (714,666,209,1),
 (715,899,210,0),
 (716,897,210,1),
 (717,898,210,0),
 (718,895,210,0),
 (719,896,210,0),
 (720,900,210,0),
 (721,902,210,0),
 (722,901,210,0),
 (723,737,211,0),
 (724,739,211,1),
 (725,738,211,0),
 (726,799,212,0),
 (727,798,212,1),
 (728,797,212,0),
 (729,884,213,0),
 (730,885,213,0),
 (731,886,213,1),
 (732,887,213,0),
 (733,880,213,0),
 (734,881,213,0),
 (735,882,213,0),
 (736,883,213,0),
 (737,879,213,0),
 (738,720,214,0),
 (739,717,214,0),
 (740,716,214,1),
 (741,719,214,0),
 (742,718,214,0),
 (743,920,215,0),
 (744,925,215,0),
 (745,926,215,0),
 (746,923,215,0),
 (747,924,215,1),
 (748,921,215,0),
 (749,922,215,0),
 (750,919,215,0),
 (751,949,216,0),
 (752,947,216,0),
 (753,948,216,0),
 (754,951,216,0),
 (755,950,216,1),
 (756,953,216,0),
 (757,952,216,0),
 (758,959,217,0),
 (759,958,217,0),
 (760,955,217,1),
 (761,954,217,0),
 (762,957,217,0),
 (763,956,217,0),
 (764,730,218,0),
 (765,729,218,0),
 (766,728,218,1),
 (767,852,219,1),
 (768,851,219,0),
 (769,853,219,0),
 (770,660,220,0),
 (771,661,220,0),
 (772,662,220,0),
 (773,659,220,1),
 (774,869,221,0),
 (775,871,221,1),
 (776,870,221,0),
 (777,772,222,1),
 (778,770,222,0),
 (779,771,222,0),
 (780,623,223,0),
 (781,622,223,1),
 (782,624,223,0),
 (783,640,224,0),
 (784,639,224,0),
 (785,637,224,1),
 (786,638,224,0),
 (787,636,224,0),
 (788,763,225,0),
 (789,761,225,1),
 (790,762,225,0),
 (791,731,226,1),
 (792,733,226,0),
 (793,732,226,0),
 (794,941,227,0),
 (795,942,227,0),
 (796,940,227,0),
 (797,945,227,1),
 (798,946,227,0),
 (799,943,227,0),
 (800,944,227,0),
 (801,854,228,0),
 (802,856,228,1),
 (803,855,228,0),
 (804,670,229,0),
 (805,668,229,1),
 (806,669,229,0),
 (807,667,229,0),
 (808,832,230,0),
 (809,831,230,0),
 (810,834,230,0),
 (811,833,230,0),
 (812,835,230,1),
 (813,724,231,0),
 (814,723,231,0),
 (815,722,231,1),
 (816,721,231,0),
 (817,847,232,0),
 (818,846,232,1),
 (819,845,232,0),
 (820,844,232,0),
 (821,646,233,0),
 (822,647,233,1),
 (823,648,233,0),
 (824,645,233,0),
 (825,877,234,1),
 (826,878,234,0),
 (827,876,234,0),
 (828,781,235,0),
 (829,780,235,0),
 (830,779,235,1),
 (831,796,236,1),
 (832,795,236,0),
 (833,794,236,0),
 (834,811,237,0),
 (835,810,237,1),
 (836,809,237,0),
 (837,828,238,0),
 (838,829,238,0),
 (839,827,238,1),
 (840,830,238,0),
 (841,748,239,1),
 (842,747,239,0),
 (843,746,239,0),
 (844,696,240,0),
 (845,698,240,0),
 (846,697,240,1),
 (847,678,241,0),
 (848,677,241,0),
 (849,676,241,0),
 (850,675,241,1),
 (851,657,242,0),
 (852,658,242,1),
 (853,656,242,0),
 (854,740,243,0),
 (855,742,243,0),
 (856,741,243,1),
 (857,627,244,1),
 (858,626,244,0),
 (859,625,244,0),
 (860,628,244,0),
 (861,888,245,0),
 (862,889,245,0),
 (863,890,245,0),
 (864,893,245,0),
 (865,894,245,0),
 (866,891,245,1),
 (867,892,245,0),
 (868,695,246,0),
 (869,694,246,1),
 (870,693,246,0),
 (871,861,247,1),
 (872,860,247,0),
 (873,862,247,0),
 (874,629,248,0),
 (875,635,248,1),
 (876,633,248,0),
 (877,634,248,0),
 (878,631,248,0),
 (879,632,248,0),
 (880,630,248,0),
 (881,682,249,1),
 (882,680,249,0),
 (883,681,249,0),
 (884,679,249,0),
 (885,616,250,0),
 (886,615,250,0),
 (887,617,250,1),
 (888,996,251,1),
 (889,997,251,0),
 (890,994,251,0),
 (891,995,251,0),
 (892,993,251,0),
 (893,998,251,0),
 (894,824,252,1),
 (895,825,252,0),
 (896,823,252,0),
 (897,826,252,0),
 (898,865,253,0),
 (899,864,253,1),
 (900,863,253,0),
 (901,785,254,1),
 (902,786,254,0),
 (903,787,254,0),
 (904,982,255,0),
 (905,985,255,0),
 (906,984,255,1),
 (907,983,255,0),
 (908,683,256,0),
 (909,685,256,1),
 (910,684,256,0),
 (911,621,257,0),
 (912,620,257,0),
 (913,618,257,0),
 (914,619,257,1),
 (915,776,258,0),
 (916,777,258,1),
 (917,778,258,0),
 (918,767,259,0),
 (919,768,259,0),
 (920,769,259,1),
 (921,858,260,0),
 (922,857,260,1),
 (923,859,260,0),
 (924,655,261,0),
 (925,653,261,0),
 (926,654,261,1),
 (927,815,262,0),
 (928,816,262,0),
 (929,817,262,1),
 (930,818,262,0),
 (931,930,263,0),
 (932,931,263,0),
 (933,932,263,0),
 (934,929,263,0),
 (935,927,263,0),
 (936,928,263,1),
 (937,691,264,0),
 (938,692,264,1),
 (939,690,264,0),
 (940,713,265,0),
 (941,712,265,1),
 (942,715,265,0),
 (943,714,265,0),
 (944,989,266,1),
 (945,988,266,0),
 (946,987,266,0),
 (947,986,266,0),
 (948,992,266,0),
 (949,990,266,0),
 (950,991,266,0),
 (951,745,267,0),
 (952,744,267,1),
 (953,743,267,0),
 (954,875,268,1),
 (955,873,268,0),
 (956,874,268,0),
 (957,872,268,0),
 (958,849,269,1),
 (959,848,269,0),
 (960,850,269,0),
 (961,812,270,0),
 (962,813,270,0),
 (963,814,270,1),
 (964,910,271,0),
 (965,908,271,0),
 (966,907,271,0),
 (967,909,271,1),
 (968,904,271,0),
 (969,903,271,0),
 (970,906,271,0),
 (971,905,271,0),
 (972,933,272,1),
 (973,934,272,0),
 (974,935,272,0),
 (975,936,272,0),
 (976,937,272,0),
 (977,938,272,0),
 (978,939,272,0),
 (979,749,273,1),
 (980,750,273,0),
 (981,751,273,0),
 (982,970,274,0),
 (983,969,274,0),
 (984,968,274,0),
 (985,967,274,0),
 (986,966,274,1),
 (987,965,274,0),
 (988,612,275,1),
 (989,611,275,0),
 (990,614,275,0),
 (991,613,275,0),
 (992,868,276,1),
 (993,867,276,0),
 (994,866,276,0),
 (995,773,277,0),
 (996,774,277,0),
 (997,775,277,1),
 (998,764,278,1),
 (999,765,278,0),
 (1000,766,278,0),
 (1001,700,279,0),
 (1002,701,279,0),
 (1003,699,279,1),
 (1004,802,280,0),
 (1005,800,280,0),
 (1006,801,280,1),
 (1007,964,281,0),
 (1008,963,281,0),
 (1009,962,281,0),
 (1010,961,281,0),
 (1011,960,281,1),
 (1012,918,282,0),
 (1013,914,282,0),
 (1014,915,282,1),
 (1015,916,282,0),
 (1016,917,282,0),
 (1017,911,282,0),
 (1018,912,282,0),
 (1019,913,282,0),
 (1020,687,283,1),
 (1021,686,283,0),
 (1022,689,283,0),
 (1023,688,283,0),
 (1024,790,284,0),
 (1025,788,284,1),
 (1026,789,284,0),
 (1027,703,285,1),
 (1028,704,285,0),
 (1029,702,285,0),
 (1030,804,286,0),
 (1031,805,286,1),
 (1032,803,286,0),
 (1033,806,287,0),
 (1034,807,287,0),
 (1035,808,287,1),
 (1036,727,288,0),
 (1037,726,288,0),
 (1038,725,288,1),
 (1039,649,289,0),
 (1040,651,289,0),
 (1041,652,289,1),
 (1042,650,289,0),
 (1043,707,290,0),
 (1044,705,290,1),
 (1045,706,290,0),
 (1046,838,291,0),
 (1047,837,291,0),
 (1048,839,291,0),
 (1049,836,291,1),
 (1050,815,292,0),
 (1051,816,292,0),
 (1052,817,292,0),
 (1053,818,292,0),
 (1054,785,293,0),
 (1055,786,293,0),
 (1056,787,293,0),
 (1057,707,294,0),
 (1058,705,294,0),
 (1059,706,294,0),
 (1060,802,295,0),
 (1061,800,295,0),
 (1062,801,295,0),
 (1063,735,296,0),
 (1064,734,296,0),
 (1065,736,296,0),
 (1066,740,297,0),
 (1067,742,297,0),
 (1068,741,297,0),
 (1069,772,298,0),
 (1070,770,298,0),
 (1071,771,298,0),
 (1072,971,299,0),
 (1073,973,299,0),
 (1074,972,299,0),
 (1075,974,299,0),
 (1076,832,300,0),
 (1077,831,300,0),
 (1078,834,300,0),
 (1079,833,300,0),
 (1080,835,300,0),
 (1081,612,301,0),
 (1082,611,301,0),
 (1083,614,301,0),
 (1084,613,301,0),
 (1085,724,302,0),
 (1086,723,302,0),
 (1087,722,302,0),
 (1088,721,302,0),
 (1089,918,303,0),
 (1090,914,303,0),
 (1091,915,303,0),
 (1092,916,303,0),
 (1093,917,303,0),
 (1094,911,303,0),
 (1095,912,303,0),
 (1096,913,303,0),
 (1097,970,304,0),
 (1098,969,304,0),
 (1099,968,304,0),
 (1100,967,304,0),
 (1101,966,304,0),
 (1102,965,304,0),
 (1103,782,305,0),
 (1104,783,305,0),
 (1105,784,305,0),
 (1106,696,306,0),
 (1107,698,306,0),
 (1108,697,306,0),
 (1109,933,307,0),
 (1110,934,307,0),
 (1111,935,307,0),
 (1112,936,307,0),
 (1113,937,307,0),
 (1114,938,307,0),
 (1115,939,307,0),
 (1116,683,308,0),
 (1117,685,308,0),
 (1118,684,308,0),
 (1119,713,309,0),
 (1120,712,309,0),
 (1121,715,309,0),
 (1122,714,309,0),
 (1123,828,310,0),
 (1124,829,310,0),
 (1125,827,310,0),
 (1126,830,310,0),
 (1127,646,311,0),
 (1128,647,311,0),
 (1129,648,311,0),
 (1130,645,311,0),
 (1131,811,312,0),
 (1132,810,312,0),
 (1133,809,312,0),
 (1134,941,313,0),
 (1135,942,313,0),
 (1136,940,313,0),
 (1137,945,313,0),
 (1138,946,313,0),
 (1139,943,313,0),
 (1140,944,313,0),
 (1141,790,314,0),
 (1142,788,314,0),
 (1143,789,314,0),
 (1144,910,315,0),
 (1145,908,315,0),
 (1146,907,315,0),
 (1147,909,315,0),
 (1148,904,315,0),
 (1149,903,315,0),
 (1150,906,315,0),
 (1151,905,315,0),
 (1152,847,316,0),
 (1153,846,316,0),
 (1154,845,316,0),
 (1155,844,316,0),
 (1156,657,317,0),
 (1157,658,317,0),
 (1158,656,317,0),
 (1159,764,318,0),
 (1160,765,318,0),
 (1161,766,318,0),
 (1162,640,319,0),
 (1163,639,319,0),
 (1164,637,319,0),
 (1165,638,319,0),
 (1166,636,319,0),
 (1167,959,320,0),
 (1168,958,320,0),
 (1169,955,320,0),
 (1170,954,320,0),
 (1171,957,320,0),
 (1172,956,320,0),
 (1173,982,321,0),
 (1174,985,321,0),
 (1175,984,321,0),
 (1176,983,321,0),
 (1177,691,322,0),
 (1178,692,322,0),
 (1179,690,322,0),
 (1180,670,323,0),
 (1181,668,323,0),
 (1182,669,323,0),
 (1183,667,323,0),
 (1184,796,324,0),
 (1185,795,324,0),
 (1186,794,324,0),
 (1187,861,325,0),
 (1188,860,325,0),
 (1189,862,325,0),
 (1190,875,326,0),
 (1191,873,326,0),
 (1192,874,326,0),
 (1193,872,326,0),
 (1194,621,327,0),
 (1195,620,327,0),
 (1196,618,327,0),
 (1197,619,327,0),
 (1198,838,328,0),
 (1199,837,328,0),
 (1200,839,328,0),
 (1201,836,328,0),
 (1202,663,329,0),
 (1203,664,329,0),
 (1204,665,329,0),
 (1205,666,329,0),
 (1206,627,330,0),
 (1207,626,330,0),
 (1208,625,330,0),
 (1209,628,330,0),
 (1210,868,331,0),
 (1211,867,331,0),
 (1212,866,331,0),
 (1213,981,332,0),
 (1214,980,332,0),
 (1215,977,332,0),
 (1216,976,332,0),
 (1217,979,332,0),
 (1218,978,332,0),
 (1219,975,332,0),
 (1220,781,333,0),
 (1221,780,333,0),
 (1222,779,333,0),
 (1223,920,334,0),
 (1224,925,334,0),
 (1225,926,334,0),
 (1226,923,334,0),
 (1227,924,334,0),
 (1228,921,334,0),
 (1229,922,334,0),
 (1230,919,334,0),
 (1231,767,335,0),
 (1232,768,335,0),
 (1233,769,335,0),
 (1234,989,336,0),
 (1235,988,336,0),
 (1236,987,336,0),
 (1237,986,336,0),
 (1238,992,336,0),
 (1239,990,336,0),
 (1240,991,336,0),
 (1241,865,337,0),
 (1242,864,337,0),
 (1243,863,337,0),
 (1244,737,338,0),
 (1245,739,338,0),
 (1246,738,338,0),
 (1247,660,339,0),
 (1248,661,339,0),
 (1249,662,339,0),
 (1250,659,339,0),
 (1251,824,340,0),
 (1252,825,340,0),
 (1253,823,340,0),
 (1254,826,340,0),
 (1255,877,341,0),
 (1256,878,341,0),
 (1257,876,341,0),
 (1258,745,342,0),
 (1259,744,342,0),
 (1260,743,342,0),
 (1261,678,343,0),
 (1262,677,343,0),
 (1263,676,343,0),
 (1264,675,343,0),
 (1265,720,344,0),
 (1266,717,344,0),
 (1267,716,344,0),
 (1268,719,344,0),
 (1269,718,344,0),
 (1270,804,345,0),
 (1271,805,345,0),
 (1272,803,345,0),
 (1273,687,346,0),
 (1274,686,346,0),
 (1275,689,346,0),
 (1276,688,346,0),
 (1277,727,347,0),
 (1278,726,347,0),
 (1279,725,347,0),
 (1280,773,348,0),
 (1281,774,348,0),
 (1282,775,348,0),
 (1283,812,349,0),
 (1284,813,349,0),
 (1285,814,349,0),
 (1286,806,350,0),
 (1287,807,350,0),
 (1288,808,350,0),
 (1289,616,351,0),
 (1290,615,351,0),
 (1291,617,351,0),
 (1292,854,352,0),
 (1293,856,352,0),
 (1294,855,352,0),
 (1295,799,353,0),
 (1296,798,353,0),
 (1297,797,353,0),
 (1298,888,354,0),
 (1299,889,354,0),
 (1300,890,354,0),
 (1301,893,354,0),
 (1302,894,354,0),
 (1303,891,354,0),
 (1304,892,354,0),
 (1305,730,355,0),
 (1306,729,355,0),
 (1307,728,355,0),
 (1308,700,356,0),
 (1309,701,356,0),
 (1310,699,356,0),
 (1311,623,357,0),
 (1312,622,357,0),
 (1313,624,357,0),
 (1314,731,358,0),
 (1315,733,358,0),
 (1316,732,358,0),
 (1317,949,359,0),
 (1318,947,359,0),
 (1319,948,359,0),
 (1320,951,359,0),
 (1321,950,359,0),
 (1322,953,359,0),
 (1323,952,359,0),
 (1324,869,360,0),
 (1325,871,360,0),
 (1326,870,360,0),
 (1327,763,361,0),
 (1328,761,361,0),
 (1329,762,361,0),
 (1330,760,362,0),
 (1331,758,362,0),
 (1332,759,362,0),
 (1333,793,363,0),
 (1334,792,363,0),
 (1335,791,363,0),
 (1336,682,364,0),
 (1337,680,364,0),
 (1338,681,364,0),
 (1339,679,364,0),
 (1340,930,365,0),
 (1341,931,365,0),
 (1342,932,365,0),
 (1343,929,365,0),
 (1344,927,365,0),
 (1345,928,365,0),
 (1346,843,366,0),
 (1347,842,366,0),
 (1348,841,366,0),
 (1349,840,366,0),
 (1350,776,367,0),
 (1351,777,367,0),
 (1352,778,367,0),
 (1353,655,368,0),
 (1354,653,368,0),
 (1355,654,368,0),
 (1356,642,369,0),
 (1357,643,369,0),
 (1358,644,369,0),
 (1359,641,369,0),
 (1360,996,370,0),
 (1361,997,370,0),
 (1362,994,370,0),
 (1363,995,370,0),
 (1364,993,370,0),
 (1365,998,370,0),
 (1366,629,371,0),
 (1367,635,371,0),
 (1368,633,371,0),
 (1369,634,371,0),
 (1370,631,371,0),
 (1371,632,371,0),
 (1372,630,371,0),
 (1373,748,372,0),
 (1374,747,372,0),
 (1375,746,372,0),
 (1376,755,373,0),
 (1377,756,373,0),
 (1378,757,373,0),
 (1379,964,374,0),
 (1380,963,374,0),
 (1381,962,374,0),
 (1382,961,374,0),
 (1383,960,374,0),
 (1384,649,375,0),
 (1385,651,375,0),
 (1386,652,375,0),
 (1387,650,375,0),
 (1388,852,376,0),
 (1389,851,376,0),
 (1390,853,376,0),
 (1391,703,377,0),
 (1392,704,377,0),
 (1393,702,377,0),
 (1394,822,378,0),
 (1395,820,378,0),
 (1396,821,378,0),
 (1397,819,378,0),
 (1398,999,379,0),
 (1399,1003,379,0),
 (1400,1004,379,0),
 (1401,1001,379,0),
 (1402,1002,379,0),
 (1403,1005,379,0),
 (1404,1000,379,0),
 (1405,754,380,0),
 (1406,752,380,0),
 (1407,753,380,0),
 (1408,709,381,0),
 (1409,711,381,0),
 (1410,710,381,0),
 (1411,708,381,0),
 (1412,884,382,0),
 (1413,885,382,0),
 (1414,886,382,0),
 (1415,887,382,0),
 (1416,880,382,0),
 (1417,881,382,0),
 (1418,882,382,0),
 (1419,883,382,0),
 (1420,879,382,0),
 (1421,858,383,0),
 (1422,857,383,0),
 (1423,859,383,0),
 (1424,849,384,0),
 (1425,848,384,0),
 (1426,850,384,0),
 (1427,749,385,0),
 (1428,750,385,0),
 (1429,751,385,0),
 (1430,674,386,0),
 (1431,673,386,0),
 (1432,672,386,0),
 (1433,671,386,0),
 (1434,695,387,0),
 (1435,694,387,0),
 (1436,693,387,0),
 (1437,899,388,0),
 (1438,897,388,0),
 (1439,898,388,0),
 (1440,895,388,0),
 (1441,896,388,0),
 (1442,900,388,0),
 (1443,902,388,0),
 (1444,901,388,0),
 (1445,735,389,0),
 (1446,734,389,0),
 (1447,736,389,1),
 (1448,748,390,1),
 (1449,747,390,0),
 (1450,746,390,0),
 (1451,796,391,0),
 (1452,795,391,1),
 (1453,794,391,0),
 (1454,989,392,1),
 (1455,988,392,0),
 (1456,987,392,0),
 (1457,986,392,0),
 (1458,992,392,0),
 (1459,990,392,1),
 (1460,991,392,0),
 (1461,724,393,0),
 (1462,723,393,0),
 (1463,722,393,0),
 (1464,721,393,1),
 (1465,709,394,0),
 (1466,711,394,0),
 (1467,710,394,1),
 (1468,708,394,0),
 (1469,920,395,0),
 (1470,925,395,0),
 (1471,926,395,1),
 (1472,923,395,0),
 (1473,924,395,0),
 (1474,921,395,0),
 (1475,922,395,0),
 (1476,919,395,0),
 (1477,888,396,0),
 (1478,889,396,0),
 (1479,890,396,0),
 (1480,893,396,0),
 (1481,894,396,0),
 (1482,891,396,0),
 (1483,892,396,1),
 (1484,767,397,1),
 (1485,768,397,0),
 (1486,769,397,0),
 (1487,683,398,1),
 (1488,685,398,0),
 (1489,684,398,0),
 (1490,843,399,0),
 (1491,842,399,1),
 (1492,841,399,1),
 (1493,840,399,0),
 (1494,623,400,0),
 (1495,622,400,1),
 (1496,624,400,0),
 (1497,772,401,0),
 (1498,770,401,1),
 (1499,771,401,0),
 (1500,629,402,0),
 (1501,635,402,0),
 (1502,633,402,0),
 (1503,634,402,0),
 (1504,631,402,1),
 (1505,632,402,0),
 (1506,630,402,0),
 (1507,621,403,1),
 (1508,620,403,0),
 (1509,618,403,0),
 (1510,619,403,0),
 (1511,616,404,1),
 (1512,615,404,0),
 (1513,617,404,0),
 (1514,773,405,1),
 (1515,774,405,1),
 (1516,775,405,1),
 (1517,707,406,0),
 (1518,705,406,0),
 (1519,706,406,1),
 (1520,899,407,0),
 (1521,897,407,0),
 (1522,898,407,0),
 (1523,895,407,0),
 (1524,896,407,0),
 (1525,900,407,1),
 (1526,902,407,0),
 (1527,901,407,0),
 (1528,776,408,0),
 (1529,777,408,0),
 (1530,778,408,0),
 (1531,996,409,0),
 (1532,997,409,0),
 (1533,994,409,0),
 (1534,995,409,1),
 (1535,993,409,0),
 (1536,998,409,0),
 (1537,745,410,0),
 (1538,744,410,1),
 (1539,743,410,0),
 (1540,949,411,0),
 (1541,947,411,0),
 (1542,948,411,0),
 (1543,951,411,0),
 (1544,950,411,1),
 (1545,953,411,1),
 (1546,952,411,0),
 (1547,804,412,0),
 (1548,805,412,1),
 (1549,803,412,0),
 (1550,674,413,1),
 (1551,673,413,0),
 (1552,672,413,0),
 (1553,671,413,0),
 (1554,640,414,1),
 (1555,639,414,0),
 (1556,637,414,0),
 (1557,638,414,0),
 (1558,636,414,0),
 (1559,854,415,0),
 (1560,856,415,0),
 (1561,855,415,0),
 (1562,811,416,1),
 (1563,810,416,0),
 (1564,809,416,0),
 (1565,793,417,0),
 (1566,792,417,1),
 (1567,791,417,0),
 (1568,982,418,0),
 (1569,985,418,0),
 (1570,984,418,1),
 (1571,983,418,0),
 (1572,877,419,0),
 (1573,878,419,1),
 (1574,876,419,0),
 (1575,782,420,1),
 (1576,783,420,0),
 (1577,784,420,0),
 (1578,642,421,0),
 (1579,643,421,1),
 (1580,644,421,0),
 (1581,641,421,0),
 (1582,660,422,1),
 (1583,661,422,1),
 (1584,662,422,0),
 (1585,659,422,0),
 (1586,727,423,0),
 (1587,726,423,0),
 (1588,725,423,1),
 (1589,755,424,1),
 (1590,756,424,0),
 (1591,757,424,0),
 (1592,691,425,0),
 (1593,692,425,1),
 (1594,690,425,0),
 (1595,703,426,0),
 (1596,704,426,1),
 (1597,702,426,0),
 (1598,999,427,0),
 (1599,1003,427,1),
 (1600,1004,427,0),
 (1601,1001,427,0),
 (1602,1002,427,0),
 (1603,1005,427,0),
 (1604,1000,427,0),
 (1605,720,428,0),
 (1606,717,428,1),
 (1607,716,428,0),
 (1608,719,428,0),
 (1609,718,428,0),
 (1610,649,429,1),
 (1611,651,429,0),
 (1612,652,429,1),
 (1613,650,429,0),
 (1614,964,430,1),
 (1615,963,430,0),
 (1616,962,430,0),
 (1617,961,430,0),
 (1618,960,430,0),
 (1619,858,431,0),
 (1620,857,431,1),
 (1621,859,431,0),
 (1622,785,432,0),
 (1623,786,432,1),
 (1624,787,432,0),
 (1625,687,433,1),
 (1626,686,433,1),
 (1627,689,433,1),
 (1628,688,433,1),
 (1629,682,434,1),
 (1630,680,434,0),
 (1631,681,434,0),
 (1632,679,434,0),
 (1633,869,435,0),
 (1634,871,435,0),
 (1635,870,435,1),
 (1636,713,436,0),
 (1637,712,436,0),
 (1638,715,436,1),
 (1639,714,436,1),
 (1640,627,437,0),
 (1641,626,437,0),
 (1642,625,437,1),
 (1643,628,437,1),
 (1644,847,438,0),
 (1645,846,438,1),
 (1646,845,438,0),
 (1647,844,438,0),
 (1648,799,439,0),
 (1649,798,439,0),
 (1650,797,439,1),
 (1651,700,440,0),
 (1652,701,440,1),
 (1653,699,440,0),
 (1654,959,441,0),
 (1655,958,441,0),
 (1656,955,441,1),
 (1657,954,441,0),
 (1658,957,441,0),
 (1659,956,441,1),
 (1660,970,442,0),
 (1661,969,442,1),
 (1662,968,442,0),
 (1663,967,442,0),
 (1664,966,442,0),
 (1665,965,442,0),
 (1666,941,443,0),
 (1667,942,443,0),
 (1668,940,443,1),
 (1669,945,443,0),
 (1670,946,443,0),
 (1671,943,443,0),
 (1672,944,443,0),
 (1673,696,444,0),
 (1674,698,444,1),
 (1675,697,444,0),
 (1676,822,445,1),
 (1677,820,445,0),
 (1678,821,445,0),
 (1679,819,445,0),
 (1680,868,446,1),
 (1681,867,446,0),
 (1682,866,446,0),
 (1683,812,447,0),
 (1684,813,447,1),
 (1685,814,447,0),
 (1686,849,448,0),
 (1687,848,448,0),
 (1688,850,448,1),
 (1689,760,449,0),
 (1690,758,449,1),
 (1691,759,449,0),
 (1692,824,450,1),
 (1693,825,450,0),
 (1694,823,450,0),
 (1695,826,450,0),
 (1696,918,451,1),
 (1697,914,451,0),
 (1698,915,451,0),
 (1699,916,451,0),
 (1700,917,451,0),
 (1701,911,451,0),
 (1702,912,451,0),
 (1703,913,451,0),
 (1704,790,452,1),
 (1705,788,452,0),
 (1706,789,452,0),
 (1707,930,453,0),
 (1708,931,453,1),
 (1709,932,453,0),
 (1710,929,453,0),
 (1711,927,453,0),
 (1712,928,453,0),
 (1713,657,454,0),
 (1714,658,454,0),
 (1715,656,454,0),
 (1716,754,455,0),
 (1717,752,455,1),
 (1718,753,455,0),
 (1719,749,456,0),
 (1720,750,456,1),
 (1721,751,456,0),
 (1722,971,457,0),
 (1723,973,457,1),
 (1724,972,457,0),
 (1725,974,457,0),
 (1726,852,458,0),
 (1727,851,458,0),
 (1728,853,458,1),
 (1729,910,459,0),
 (1730,908,459,0),
 (1731,907,459,0),
 (1732,909,459,0),
 (1733,904,459,0),
 (1734,903,459,0),
 (1735,906,459,1),
 (1736,905,459,0),
 (1737,815,460,0),
 (1738,816,460,1),
 (1739,817,460,0),
 (1740,818,460,0),
 (1741,731,461,0),
 (1742,733,461,0),
 (1743,732,461,1),
 (1744,884,462,1),
 (1745,885,462,0),
 (1746,886,462,0),
 (1747,887,462,0),
 (1748,880,462,0),
 (1749,881,462,0),
 (1750,882,462,0),
 (1751,883,462,0),
 (1752,879,462,0),
 (1753,646,463,0),
 (1754,647,463,1),
 (1755,648,463,1),
 (1756,645,463,0),
 (1757,737,464,0),
 (1758,739,464,1),
 (1759,738,464,0),
 (1760,740,465,0),
 (1761,742,465,0),
 (1762,741,465,1),
 (1763,933,466,0),
 (1764,934,466,1),
 (1765,935,466,0),
 (1766,936,466,0),
 (1767,937,466,0),
 (1768,938,466,0),
 (1769,939,466,0),
 (1770,678,467,0),
 (1771,677,467,0),
 (1772,676,467,0),
 (1773,675,467,1),
 (1774,861,468,0),
 (1775,860,468,0),
 (1776,862,468,1),
 (1777,763,469,1),
 (1778,761,469,1),
 (1779,762,469,0),
 (1780,832,470,0),
 (1781,831,470,1),
 (1782,834,470,0),
 (1783,833,470,0),
 (1784,835,470,0),
 (1785,655,471,0),
 (1786,653,471,0),
 (1787,654,471,1),
 (1788,865,472,1),
 (1789,864,472,0),
 (1790,863,472,0),
 (1791,828,473,0),
 (1792,829,473,0),
 (1793,827,473,1),
 (1794,830,473,0),
 (1795,764,474,1),
 (1796,765,474,0),
 (1797,766,474,0),
 (1798,802,475,0),
 (1799,800,475,0),
 (1800,801,475,1),
 (1801,781,476,1),
 (1802,780,476,0),
 (1803,779,476,0),
 (1804,875,477,0),
 (1805,873,477,0),
 (1806,874,477,1),
 (1807,872,477,0),
 (1808,730,478,0),
 (1809,729,478,0),
 (1810,728,478,1),
 (1811,663,479,0),
 (1812,664,479,1),
 (1813,665,479,0),
 (1814,666,479,0),
 (1815,838,480,0),
 (1816,837,480,1),
 (1817,839,480,0),
 (1818,836,480,0),
 (1819,981,481,0),
 (1820,980,481,0),
 (1821,977,481,0),
 (1822,976,481,0),
 (1823,979,481,0),
 (1824,978,481,0),
 (1825,975,481,0),
 (1826,612,482,0),
 (1827,611,482,1),
 (1828,614,482,0),
 (1829,613,482,0),
 (1830,695,483,1),
 (1831,694,483,0),
 (1832,693,483,0),
 (1833,670,484,0),
 (1834,668,484,0),
 (1835,669,484,0),
 (1836,667,484,1),
 (1837,806,485,1),
 (1838,807,485,0),
 (1839,808,485,0),
 (1840,709,486,0),
 (1841,711,486,0),
 (1842,710,486,0),
 (1843,708,486,0),
 (1844,730,487,0),
 (1845,729,487,0),
 (1846,728,487,0),
 (1847,858,488,0),
 (1848,857,488,0),
 (1849,859,488,0),
 (1850,806,489,0),
 (1851,807,489,0),
 (1852,808,489,0),
 (1853,707,490,0),
 (1854,705,490,0),
 (1855,706,490,0),
 (1856,849,491,0),
 (1857,848,491,0),
 (1858,850,491,0),
 (1859,843,492,0),
 (1860,842,492,0),
 (1861,841,492,0),
 (1862,840,492,0),
 (1863,678,493,0),
 (1864,677,493,0),
 (1865,676,493,0),
 (1866,675,493,1),
 (1867,970,494,0),
 (1868,969,494,0),
 (1869,968,494,0),
 (1870,967,494,0),
 (1871,966,494,0),
 (1872,965,494,0),
 (1873,763,495,0),
 (1874,761,495,0),
 (1875,762,495,0),
 (1876,642,496,0),
 (1877,643,496,0),
 (1878,644,496,0),
 (1879,641,496,1),
 (1880,703,497,0),
 (1881,704,497,0),
 (1882,702,497,0),
 (1883,989,498,0),
 (1884,988,498,0),
 (1885,987,498,0),
 (1886,986,498,0),
 (1887,992,498,0),
 (1888,990,498,0),
 (1889,991,498,0),
 (1890,930,499,0),
 (1891,931,499,0),
 (1892,932,499,0),
 (1893,929,499,0),
 (1894,927,499,0),
 (1895,928,499,0),
 (1896,754,500,0),
 (1897,752,500,0),
 (1898,753,500,0),
 (1899,832,501,0),
 (1900,831,501,0),
 (1901,834,501,0),
 (1902,833,501,0),
 (1903,835,501,0),
 (1904,785,502,0),
 (1905,786,502,0),
 (1906,787,502,0),
 (1907,824,503,0),
 (1908,825,503,0),
 (1909,823,503,0),
 (1910,826,503,0),
 (1911,748,504,0),
 (1912,747,504,0),
 (1913,746,504,0),
 (1914,822,505,0),
 (1915,820,505,0),
 (1916,821,505,0),
 (1917,819,505,0),
 (1918,802,506,0),
 (1919,800,506,0),
 (1920,801,506,0),
 (1921,629,507,0),
 (1922,635,507,0),
 (1923,633,507,0),
 (1924,634,507,0),
 (1925,631,507,0),
 (1926,632,507,0),
 (1927,630,507,0),
 (1928,612,508,0),
 (1929,611,508,0),
 (1930,614,508,0),
 (1931,613,508,0),
 (1932,737,509,0),
 (1933,739,509,0),
 (1934,738,509,0),
 (1935,700,510,0),
 (1936,701,510,0),
 (1937,699,510,0),
 (1938,790,511,0),
 (1939,788,511,0),
 (1940,789,511,0),
 (1941,720,512,0),
 (1942,717,512,0),
 (1943,716,512,0),
 (1944,719,512,0),
 (1945,718,512,0),
 (1946,621,513,0),
 (1947,620,513,0),
 (1948,618,513,0),
 (1949,619,513,0),
 (1950,933,514,0),
 (1951,934,514,0),
 (1952,935,514,0),
 (1953,936,514,0),
 (1954,937,514,0),
 (1955,938,514,0),
 (1956,939,514,0),
 (1957,869,515,0),
 (1958,871,515,0),
 (1959,870,515,0),
 (1960,670,516,0),
 (1961,668,516,0),
 (1962,669,516,0),
 (1963,667,516,0),
 (1964,838,517,0),
 (1965,837,517,0),
 (1966,839,517,0),
 (1967,836,517,0),
 (1968,982,518,0),
 (1969,985,518,0),
 (1970,984,518,0),
 (1971,983,518,0),
 (1972,861,519,0),
 (1973,860,519,0),
 (1974,862,519,0),
 (1975,663,520,0),
 (1976,664,520,0),
 (1977,665,520,0),
 (1978,666,520,0),
 (1979,683,521,0),
 (1980,685,521,0),
 (1981,684,521,0),
 (1982,695,522,0),
 (1983,694,522,0),
 (1984,693,522,0),
 (1985,616,523,0),
 (1986,615,523,0),
 (1987,617,523,0),
 (1988,854,524,0),
 (1989,856,524,0),
 (1990,855,524,0),
 (1991,776,525,0),
 (1992,777,525,0),
 (1993,778,525,0),
 (1994,920,526,0),
 (1995,925,526,0),
 (1996,926,526,0),
 (1997,923,526,0),
 (1998,924,526,0),
 (1999,921,526,0),
 (2000,922,526,0),
 (2001,919,526,0),
 (2002,696,527,0),
 (2003,698,527,0),
 (2004,697,527,0),
 (2005,964,528,0),
 (2006,963,528,0),
 (2007,962,528,0),
 (2008,961,528,0),
 (2009,960,528,0),
 (2010,657,529,0),
 (2011,658,529,0),
 (2012,656,529,0),
 (2013,981,530,0),
 (2014,980,530,0),
 (2015,977,530,0),
 (2016,976,530,0),
 (2017,979,530,0),
 (2018,978,530,0),
 (2019,975,530,0),
 (2020,660,531,0),
 (2021,661,531,0),
 (2022,662,531,0),
 (2023,659,531,0),
 (2024,749,532,0),
 (2025,750,532,0),
 (2026,751,532,0),
 (2027,735,533,0),
 (2028,734,533,0),
 (2029,736,533,0),
 (2030,799,534,0),
 (2031,798,534,0),
 (2032,797,534,0),
 (2033,804,535,0),
 (2034,805,535,0),
 (2035,803,535,0),
 (2036,682,536,0),
 (2037,680,536,0),
 (2038,681,536,0),
 (2039,679,536,0),
 (2040,691,537,0),
 (2041,692,537,0),
 (2042,690,537,0),
 (2043,731,538,0),
 (2044,733,538,0),
 (2045,732,538,0),
 (2046,649,539,0),
 (2047,651,539,0),
 (2048,652,539,0),
 (2049,650,539,0),
 (2050,877,540,0),
 (2051,878,540,0),
 (2052,876,540,0),
 (2053,910,541,0),
 (2054,908,541,0),
 (2055,907,541,0),
 (2056,909,541,0),
 (2057,904,541,0),
 (2058,903,541,0),
 (2059,906,541,0),
 (2060,905,541,0),
 (2061,812,542,0),
 (2062,813,542,0),
 (2063,814,542,0),
 (2064,811,543,0),
 (2065,810,543,0),
 (2066,809,543,0),
 (2067,868,544,0),
 (2068,867,544,0),
 (2069,866,544,0),
 (2070,640,545,0),
 (2071,639,545,0),
 (2072,637,545,0),
 (2073,638,545,0),
 (2074,636,545,0),
 (2075,996,546,0),
 (2076,997,546,0),
 (2077,994,546,0),
 (2078,995,546,0),
 (2079,993,546,0),
 (2080,998,546,0),
 (2081,623,547,0),
 (2082,622,547,0),
 (2083,624,547,0),
 (2084,727,548,0),
 (2085,726,548,0),
 (2086,725,548,0),
 (2087,781,549,0),
 (2088,780,549,0),
 (2089,779,549,0),
 (2090,724,550,0),
 (2091,723,550,0),
 (2092,722,550,0),
 (2093,721,550,0),
 (2094,875,551,0),
 (2095,873,551,0),
 (2096,874,551,0),
 (2097,872,551,0),
 (2098,687,552,0),
 (2099,686,552,0),
 (2100,689,552,0),
 (2101,688,552,0),
 (2102,918,553,0),
 (2103,914,553,0),
 (2104,915,553,0),
 (2105,916,553,0),
 (2106,917,553,0),
 (2107,911,553,0),
 (2108,912,553,0),
 (2109,913,553,0),
 (2110,713,554,0),
 (2111,712,554,0),
 (2112,715,554,0),
 (2113,714,554,0),
 (2114,999,555,0),
 (2115,1003,555,0),
 (2116,1004,555,0),
 (2117,1001,555,0),
 (2118,1002,555,0),
 (2119,1005,555,0),
 (2120,1000,555,0),
 (2121,760,556,0),
 (2122,758,556,0),
 (2123,759,556,0),
 (2124,852,557,0),
 (2125,851,557,0),
 (2126,853,557,0),
 (2127,674,558,0),
 (2128,673,558,0),
 (2129,672,558,0),
 (2130,671,558,0),
 (2131,899,559,0),
 (2132,897,559,0),
 (2133,898,559,0),
 (2134,895,559,0),
 (2135,896,559,0),
 (2136,900,559,0),
 (2137,902,559,0),
 (2138,901,559,0),
 (2139,782,560,0),
 (2140,783,560,0),
 (2141,784,560,0),
 (2142,772,561,0),
 (2143,770,561,0),
 (2144,771,561,0),
 (2145,971,562,0),
 (2146,973,562,0),
 (2147,972,562,0),
 (2148,974,562,0),
 (2149,764,563,0),
 (2150,765,563,0),
 (2151,766,563,0),
 (2152,627,564,0),
 (2153,626,564,0),
 (2154,625,564,0),
 (2155,628,564,0),
 (2156,949,565,0),
 (2157,947,565,0),
 (2158,948,565,0),
 (2159,951,565,0),
 (2160,950,565,0),
 (2161,953,565,0),
 (2162,952,565,0),
 (2163,646,566,0),
 (2164,647,566,0),
 (2165,648,566,0),
 (2166,645,566,0),
 (2167,959,567,0),
 (2168,958,567,0),
 (2169,955,567,0),
 (2170,954,567,0),
 (2171,957,567,0),
 (2172,956,567,0),
 (2173,740,568,0),
 (2174,742,568,0),
 (2175,741,568,0),
 (2176,884,569,0),
 (2177,885,569,0),
 (2178,886,569,0),
 (2179,887,569,0),
 (2180,880,569,0),
 (2181,881,569,0),
 (2182,882,569,0),
 (2183,883,569,0),
 (2184,879,569,0),
 (2185,655,570,0),
 (2186,653,570,0),
 (2187,654,570,0),
 (2188,888,571,0),
 (2189,889,571,0),
 (2190,890,571,0),
 (2191,893,571,0),
 (2192,894,571,0),
 (2193,891,571,0),
 (2194,892,571,0),
 (2195,793,572,0),
 (2196,792,572,0),
 (2197,791,572,0),
 (2198,847,573,0),
 (2199,846,573,0),
 (2200,845,573,0),
 (2201,844,573,0),
 (2202,755,574,0),
 (2203,756,574,0),
 (2204,757,574,0),
 (2205,815,575,0),
 (2206,816,575,0),
 (2207,817,575,0),
 (2208,818,575,0),
 (2209,828,576,0),
 (2210,829,576,0),
 (2211,827,576,0),
 (2212,830,576,0),
 (2213,773,577,0),
 (2214,774,577,0),
 (2215,775,577,0),
 (2216,941,578,0),
 (2217,942,578,0),
 (2218,940,578,0),
 (2219,945,578,0),
 (2220,946,578,0),
 (2221,943,578,0),
 (2222,944,578,0),
 (2223,745,579,0),
 (2224,744,579,0),
 (2225,743,579,0),
 (2226,767,580,0),
 (2227,768,580,0),
 (2228,769,580,0),
 (2229,796,581,0),
 (2230,795,581,0),
 (2231,794,581,0),
 (2232,865,582,0),
 (2233,864,582,0),
 (2234,863,582,0),
 (2235,824,583,1),
 (2236,825,583,0),
 (2237,823,583,0),
 (2238,826,583,0),
 (2239,782,584,0),
 (2240,783,584,1),
 (2241,784,584,0),
 (2242,999,585,0),
 (2243,1003,585,0),
 (2244,1004,585,0),
 (2245,1001,585,0),
 (2246,1002,585,0),
 (2247,1005,585,1),
 (2248,1000,585,0),
 (2249,949,586,0),
 (2250,947,586,1),
 (2251,948,586,0),
 (2252,951,586,0),
 (2253,950,586,0),
 (2254,953,586,0),
 (2255,952,586,0),
 (2256,806,587,0),
 (2257,807,587,1),
 (2258,808,587,0),
 (2259,657,588,0),
 (2260,658,588,1),
 (2261,656,588,0),
 (2262,959,589,1),
 (2263,958,589,0),
 (2264,955,589,0),
 (2265,954,589,0),
 (2266,957,589,0),
 (2267,956,589,0),
 (2268,616,590,0),
 (2269,615,590,1),
 (2270,617,590,0),
 (2271,785,591,0),
 (2272,786,591,1),
 (2273,787,591,0),
 (2274,858,592,0),
 (2275,857,592,1),
 (2276,859,592,0),
 (2277,695,593,0),
 (2278,694,593,1),
 (2279,693,593,0),
 (2280,877,594,0),
 (2281,878,594,0),
 (2282,876,594,1),
 (2283,811,595,0),
 (2284,810,595,0),
 (2285,809,595,1),
 (2286,930,596,0),
 (2287,931,596,0),
 (2288,932,596,1),
 (2289,929,596,0),
 (2290,927,596,0),
 (2291,928,596,0),
 (2292,696,597,0),
 (2293,698,597,0),
 (2294,697,597,1),
 (2295,868,598,0),
 (2296,867,598,1),
 (2297,866,598,0),
 (2298,749,599,0),
 (2299,750,599,1),
 (2300,751,599,0),
 (2301,796,600,0),
 (2302,795,600,0),
 (2303,794,600,1),
 (2304,763,601,0),
 (2305,761,601,0),
 (2306,762,601,1),
 (2307,755,602,0),
 (2308,756,602,1),
 (2309,757,602,0),
 (2310,713,603,1),
 (2311,712,603,0),
 (2312,715,603,0),
 (2313,714,603,0),
 (2314,790,604,1),
 (2315,788,604,0),
 (2316,789,604,0),
 (2317,920,605,0),
 (2318,925,605,0),
 (2319,926,605,0),
 (2320,923,605,0),
 (2321,924,605,1),
 (2322,921,605,0),
 (2323,922,605,0),
 (2324,919,605,0),
 (2325,703,606,0),
 (2326,704,606,1),
 (2327,702,606,0),
 (2328,740,607,0),
 (2329,742,607,1),
 (2330,741,607,0),
 (2331,981,608,0),
 (2332,980,608,0),
 (2333,977,608,0),
 (2334,976,608,1),
 (2335,979,608,0),
 (2336,978,608,0),
 (2337,975,608,0),
 (2338,646,609,0),
 (2339,647,609,0),
 (2340,648,609,1),
 (2341,645,609,0),
 (2342,812,610,1),
 (2343,813,610,0),
 (2344,814,610,0),
 (2345,802,611,0),
 (2346,800,611,0),
 (2347,801,611,1),
 (2348,683,612,0),
 (2349,685,612,0),
 (2350,684,612,1),
 (2351,745,613,1),
 (2352,744,613,0),
 (2353,743,613,0),
 (2354,737,614,1),
 (2355,739,614,0),
 (2356,738,614,0),
 (2357,964,615,1),
 (2358,963,615,0),
 (2359,962,615,0),
 (2360,961,615,0),
 (2361,960,615,0),
 (2362,767,616,0),
 (2363,768,616,0),
 (2364,769,616,1),
 (2365,660,617,0),
 (2366,661,617,0),
 (2367,662,617,1),
 (2368,659,617,0),
 (2369,773,618,0),
 (2370,774,618,0),
 (2371,775,618,1),
 (2372,852,619,0),
 (2373,851,619,0),
 (2374,853,619,1),
 (2375,629,620,0),
 (2376,635,620,0),
 (2377,633,620,0),
 (2378,634,620,0),
 (2379,631,620,0),
 (2380,632,620,1),
 (2381,630,620,0),
 (2382,700,621,0),
 (2383,701,621,1),
 (2384,699,621,0),
 (2385,847,622,0),
 (2386,846,622,1),
 (2387,845,622,0),
 (2388,844,622,0),
 (2389,982,623,0),
 (2390,985,623,0),
 (2391,984,623,1),
 (2392,983,623,0),
 (2393,899,624,0),
 (2394,897,624,0),
 (2395,898,624,1),
 (2396,895,624,0),
 (2397,896,624,0),
 (2398,900,624,0),
 (2399,902,624,0),
 (2400,901,624,0),
 (2401,720,625,1),
 (2402,717,625,0),
 (2403,716,625,0),
 (2404,719,625,0),
 (2405,718,625,0),
 (2406,772,626,0),
 (2407,770,626,1),
 (2408,771,626,0),
 (2409,735,627,1),
 (2410,734,627,0),
 (2411,736,627,0),
 (2412,642,628,1),
 (2413,643,628,0),
 (2414,644,628,0),
 (2415,641,628,0),
 (2416,691,629,1),
 (2417,692,629,0),
 (2418,690,629,0),
 (2419,869,630,1),
 (2420,871,630,0),
 (2421,870,630,0),
 (2422,730,631,0),
 (2423,729,631,1),
 (2424,728,631,0),
 (2425,884,632,0),
 (2426,885,632,0),
 (2427,886,632,0),
 (2428,887,632,0),
 (2429,880,632,0),
 (2430,881,632,0),
 (2431,882,632,0),
 (2432,883,632,0),
 (2433,879,632,1),
 (2434,674,633,1),
 (2435,673,633,0),
 (2436,672,633,0),
 (2437,671,633,0),
 (2438,727,634,1),
 (2439,726,634,0),
 (2440,725,634,0),
 (2441,888,635,0),
 (2442,889,635,0),
 (2443,890,635,0),
 (2444,893,635,1),
 (2445,894,635,0),
 (2446,891,635,0),
 (2447,892,635,0),
 (2448,764,636,0),
 (2449,765,636,0),
 (2450,766,636,1),
 (2451,799,637,0),
 (2452,798,637,1),
 (2453,797,637,0),
 (2454,815,638,0),
 (2455,816,638,0),
 (2456,817,638,0),
 (2457,818,638,1),
 (2458,971,639,0),
 (2459,973,639,0),
 (2460,972,639,0),
 (2461,974,639,1),
 (2462,623,640,0),
 (2463,622,640,0),
 (2464,624,640,1),
 (2465,687,641,0),
 (2466,686,641,0),
 (2467,689,641,0),
 (2468,688,641,0),
 (2469,754,642,0),
 (2470,752,642,1),
 (2471,753,642,0),
 (2472,793,643,0),
 (2473,792,643,1),
 (2474,791,643,0),
 (2475,933,644,0),
 (2476,934,644,0),
 (2477,935,644,0),
 (2478,936,644,0),
 (2479,937,644,0),
 (2480,938,644,1),
 (2481,939,644,0),
 (2482,640,645,0),
 (2483,639,645,0),
 (2484,637,645,0),
 (2485,638,645,1),
 (2486,636,645,0),
 (2487,861,646,1),
 (2488,860,646,0),
 (2489,862,646,0),
 (2490,663,647,0),
 (2491,664,647,0),
 (2492,665,647,0),
 (2493,666,647,1),
 (2494,649,648,0),
 (2495,651,648,0),
 (2496,652,648,1),
 (2497,650,648,0),
 (2498,838,649,0),
 (2499,837,649,0),
 (2500,839,649,0),
 (2501,836,649,1),
 (2502,627,650,0),
 (2503,626,650,0),
 (2504,625,650,1),
 (2505,628,650,0),
 (2506,707,651,0),
 (2507,705,651,0),
 (2508,706,651,1),
 (2509,970,652,0),
 (2510,969,652,0),
 (2511,968,652,0),
 (2512,967,652,0),
 (2513,966,652,1),
 (2514,965,652,0),
 (2515,731,653,0),
 (2516,733,653,0),
 (2517,732,653,1),
 (2518,670,654,0),
 (2519,668,654,0),
 (2520,669,654,0),
 (2521,667,654,1),
 (2522,875,655,0),
 (2523,873,655,0),
 (2524,874,655,0),
 (2525,872,655,1),
 (2526,804,656,1),
 (2527,805,656,0),
 (2528,803,656,0),
 (2529,655,657,0),
 (2530,653,657,0),
 (2531,654,657,0),
 (2532,709,658,0),
 (2533,711,658,1),
 (2534,710,658,0),
 (2535,708,658,0),
 (2536,854,659,0),
 (2537,856,659,0),
 (2538,855,659,1),
 (2539,621,660,1),
 (2540,620,660,0),
 (2541,618,660,0),
 (2542,619,660,0),
 (2543,832,661,0),
 (2544,831,661,0),
 (2545,834,661,0),
 (2546,833,661,0),
 (2547,835,661,1),
 (2548,865,662,0),
 (2549,864,662,0),
 (2550,863,662,0),
 (2551,989,663,0),
 (2552,988,663,0),
 (2553,987,663,0),
 (2554,986,663,1),
 (2555,992,663,0),
 (2556,990,663,0),
 (2557,991,663,0),
 (2558,828,664,1),
 (2559,829,664,0),
 (2560,827,664,0),
 (2561,830,664,0),
 (2562,724,665,0),
 (2563,723,665,0),
 (2564,722,665,0),
 (2565,721,665,1),
 (2566,760,666,0),
 (2567,758,666,0),
 (2568,759,666,1),
 (2569,822,667,0),
 (2570,820,667,0),
 (2571,821,667,1),
 (2572,819,667,0),
 (2573,996,668,0),
 (2574,997,668,0),
 (2575,994,668,0),
 (2576,995,668,0),
 (2577,993,668,0),
 (2578,998,668,1),
 (2579,941,669,0),
 (2580,942,669,1),
 (2581,940,669,0),
 (2582,945,669,0),
 (2583,946,669,0),
 (2584,943,669,0),
 (2585,944,669,0),
 (2586,849,670,0),
 (2587,848,670,1),
 (2588,850,670,0),
 (2589,776,671,1),
 (2590,777,671,0),
 (2591,778,671,0),
 (2592,910,672,0),
 (2593,908,672,1),
 (2594,907,672,0),
 (2595,909,672,0),
 (2596,904,672,0),
 (2597,903,672,0),
 (2598,906,672,0),
 (2599,905,672,0),
 (2600,678,673,0),
 (2601,677,673,1),
 (2602,676,673,0),
 (2603,675,673,0),
 (2604,682,674,0),
 (2605,680,674,0),
 (2606,681,674,0),
 (2607,679,674,0),
 (2608,748,675,0),
 (2609,747,675,0),
 (2610,746,675,1),
 (2611,612,676,0),
 (2612,611,676,0),
 (2613,614,676,1),
 (2614,613,676,0),
 (2615,781,677,0),
 (2616,780,677,1),
 (2617,779,677,0),
 (2618,843,678,0),
 (2619,842,678,0),
 (2620,841,678,1),
 (2621,840,678,0),
 (2622,918,679,0),
 (2623,914,679,0),
 (2624,915,679,0),
 (2625,916,679,0),
 (2626,917,679,1),
 (2627,911,679,0),
 (2628,912,679,0),
 (2629,913,679,0),
 (2630,642,680,1),
 (2631,643,680,0),
 (2632,644,680,0),
 (2633,641,680,0),
 (2634,635,681,0),
 (2635,633,681,1),
 (2636,634,681,0),
 (2637,631,681,0),
 (2638,632,681,0),
 (2639,630,681,0),
 (2640,629,681,0),
 (2641,678,682,0),
 (2642,677,682,0),
 (2643,676,682,0),
 (2644,675,682,1),
 (2645,649,683,1),
 (2646,651,683,0),
 (2647,652,683,0),
 (2648,650,683,0),
 (2649,687,684,0),
 (2650,686,684,1),
 (2651,689,684,0),
 (2652,688,684,0),
 (2653,612,685,0),
 (2654,611,685,1),
 (2655,614,685,0),
 (2656,613,685,0),
 (2657,670,686,1),
 (2658,668,686,0),
 (2659,669,686,0),
 (2660,667,686,0),
 (2661,616,687,0),
 (2662,615,687,0),
 (2663,617,687,1),
 (2664,646,688,0),
 (2665,647,688,0),
 (2666,648,688,1),
 (2667,645,688,0),
 (2668,663,689,0),
 (2669,664,689,0),
 (2670,665,689,1),
 (2671,666,689,0),
 (2672,657,690,0),
 (2673,658,690,1),
 (2674,656,690,0),
 (2675,655,691,0),
 (2676,653,691,0),
 (2677,654,691,1),
 (2678,627,692,1),
 (2679,626,692,0),
 (2680,625,692,0),
 (2681,628,692,0),
 (2682,621,693,0),
 (2683,620,693,0),
 (2684,618,693,0),
 (2685,619,693,1),
 (2686,674,694,0),
 (2687,673,694,0),
 (2688,672,694,0),
 (2689,671,694,1),
 (2690,623,695,0),
 (2691,622,695,0),
 (2692,624,695,1),
 (2693,683,696,0),
 (2694,685,696,0),
 (2695,684,696,1),
 (2696,682,697,0),
 (2697,680,697,0),
 (2698,681,697,1),
 (2699,679,697,0),
 (2700,660,698,0),
 (2701,661,698,0),
 (2702,662,698,0),
 (2703,659,698,1),
 (2704,640,699,1),
 (2705,639,699,0),
 (2706,637,699,0),
 (2707,638,699,0),
 (2708,636,699,0),
 (2709,655,700,0),
 (2710,653,700,0),
 (2711,654,700,1),
 (2712,616,701,1),
 (2713,615,701,1),
 (2714,617,701,0),
 (2715,682,702,0),
 (2716,680,702,1),
 (2717,681,702,1),
 (2718,679,702,0),
 (2719,612,703,1),
 (2720,611,703,0),
 (2721,614,703,0),
 (2722,613,703,1),
 (2723,621,704,0),
 (2724,620,704,0),
 (2725,618,704,0),
 (2726,619,704,1),
 (2727,646,705,0),
 (2728,647,705,0),
 (2729,648,705,1),
 (2730,645,705,0),
 (2731,663,706,0),
 (2732,664,706,0),
 (2733,665,706,1),
 (2734,666,706,0),
 (2735,640,707,0),
 (2736,639,707,0),
 (2737,637,707,0),
 (2738,638,707,0),
 (2739,636,707,0),
 (2740,674,708,1),
 (2741,673,708,1),
 (2742,672,708,0),
 (2743,671,708,0),
 (2744,687,709,1),
 (2745,686,709,0),
 (2746,689,709,0),
 (2747,688,709,0),
 (2748,627,710,0),
 (2749,626,710,0),
 (2750,625,710,1),
 (2751,628,710,0),
 (2752,670,711,1),
 (2753,668,711,0),
 (2754,669,711,0),
 (2755,667,711,0),
 (2756,635,712,0),
 (2757,633,712,0),
 (2758,634,712,0),
 (2759,631,712,0),
 (2760,632,712,0),
 (2761,630,712,0),
 (2762,629,712,0),
 (2763,678,713,0),
 (2764,677,713,0),
 (2765,676,713,1),
 (2766,675,713,0),
 (2767,683,714,0),
 (2768,685,714,1),
 (2769,684,714,0),
 (2770,660,715,1),
 (2771,661,715,0),
 (2772,662,715,0),
 (2773,659,715,0),
 (2774,623,716,0),
 (2775,622,716,1),
 (2776,624,716,0),
 (2777,657,717,0),
 (2778,658,717,1),
 (2779,656,717,0),
 (2780,642,718,0),
 (2781,643,718,0),
 (2782,644,718,1),
 (2783,641,718,0),
 (2784,649,719,0),
 (2785,651,719,0),
 (2786,652,719,1),
 (2787,650,719,0),
 (2788,815,720,0),
 (2789,818,720,1),
 (2790,817,720,0),
 (2791,816,720,0),
 (2792,868,721,0),
 (2793,867,721,1),
 (2794,866,721,0),
 (2795,858,722,0),
 (2796,859,722,0),
 (2797,857,722,1),
 (2798,841,723,0),
 (2799,842,723,1),
 (2800,843,723,0),
 (2801,840,723,0),
 (2802,705,724,1),
 (2803,707,724,0),
 (2804,706,724,0),
 (2805,694,725,0),
 (2806,695,725,0),
 (2807,693,725,1),
 (2808,747,726,0),
 (2809,746,726,1),
 (2810,748,726,0),
 (2811,850,727,0),
 (2812,848,727,1),
 (2813,849,727,0),
 (2814,724,728,0),
 (2815,722,728,0),
 (2816,723,728,1),
 (2817,721,728,0),
 (2818,835,729,1),
 (2819,834,729,0),
 (2820,833,729,0),
 (2821,832,729,0),
 (2822,831,729,0),
 (2823,716,730,0),
 (2824,718,730,0),
 (2825,717,730,0),
 (2826,719,730,0),
 (2827,720,730,1),
 (2828,701,731,0),
 (2829,699,731,0),
 (2830,700,731,1),
 (2831,864,732,0),
 (2832,863,732,0),
 (2833,865,732,1),
 (2834,820,733,0),
 (2835,821,733,1),
 (2836,822,733,0),
 (2837,819,733,0),
 (2838,855,734,0),
 (2839,856,734,1),
 (2840,854,734,0),
 (2841,734,735,1),
 (2842,735,735,0),
 (2843,736,735,0),
 (2844,741,736,1),
 (2845,740,736,0),
 (2846,742,736,0),
 (2847,826,737,0),
 (2848,825,737,0),
 (2849,824,737,1),
 (2850,823,737,0),
 (2851,852,738,1),
 (2852,853,738,0),
 (2853,851,738,0),
 (2854,750,739,0),
 (2855,749,739,1),
 (2856,751,739,0),
 (2857,690,740,0),
 (2858,691,740,1),
 (2859,692,740,0),
 (2860,872,741,0),
 (2861,873,741,0),
 (2862,875,741,0),
 (2863,874,741,1),
 (2864,861,742,0),
 (2865,862,742,0),
 (2866,860,742,1),
 (2867,703,743,0),
 (2868,702,743,0),
 (2869,704,743,1),
 (2870,753,744,0),
 (2871,754,744,1),
 (2872,752,744,0),
 (2873,733,745,0),
 (2874,731,745,1),
 (2875,732,745,0),
 (2876,739,746,0),
 (2877,738,746,0),
 (2878,737,746,1),
 (2879,730,747,0),
 (2880,729,747,0),
 (2881,728,747,1),
 (2882,712,748,1),
 (2883,715,748,0),
 (2884,713,748,0),
 (2885,714,748,0),
 (2886,708,749,1),
 (2887,711,749,0),
 (2888,709,749,0),
 (2889,710,749,0),
 (2890,696,750,0),
 (2891,697,750,0),
 (2892,698,750,1),
 (2893,845,751,1),
 (2894,847,751,0),
 (2895,846,751,0),
 (2896,844,751,0),
 (2897,725,752,1),
 (2898,726,752,0),
 (2899,727,752,0),
 (2900,869,753,1),
 (2901,871,753,0),
 (2902,870,753,0),
 (2903,837,754,0),
 (2904,839,754,0),
 (2905,838,754,0),
 (2906,836,754,1),
 (2907,828,755,0),
 (2908,827,755,1),
 (2909,829,755,0),
 (2910,830,755,0),
 (2911,745,756,0),
 (2912,744,756,1),
 (2913,743,756,0),
 (2914,815,757,0),
 (2915,818,757,1),
 (2916,817,757,0),
 (2917,816,757,0),
 (2918,872,758,0),
 (2919,873,758,0),
 (2920,875,758,0),
 (2921,874,758,1),
 (2922,869,759,1),
 (2923,871,759,0),
 (2924,870,759,0),
 (2925,835,760,1),
 (2926,834,760,0),
 (2927,833,760,0),
 (2928,832,760,0),
 (2929,831,760,0),
 (2930,725,761,1),
 (2931,726,761,0),
 (2932,727,761,0),
 (2933,753,762,0),
 (2934,754,762,1),
 (2935,752,762,0),
 (2936,712,763,1),
 (2937,715,763,0),
 (2938,713,763,0),
 (2939,714,763,0),
 (2940,696,764,0),
 (2941,697,764,0),
 (2942,698,764,1),
 (2943,730,765,0),
 (2944,729,765,0),
 (2945,728,765,1),
 (2946,852,766,0),
 (2947,853,766,1),
 (2948,851,766,0),
 (2949,828,767,0),
 (2950,827,767,1),
 (2951,829,767,0),
 (2952,830,767,0),
 (2953,855,768,0),
 (2954,856,768,1),
 (2955,854,768,0),
 (2956,861,769,0),
 (2957,862,769,0),
 (2958,860,769,0),
 (2959,694,770,0),
 (2960,695,770,0),
 (2961,693,770,1),
 (2962,820,771,0),
 (2963,821,771,1),
 (2964,822,771,0),
 (2965,819,771,0),
 (2966,868,772,0),
 (2967,867,772,1),
 (2968,866,772,0),
 (2969,750,773,0),
 (2970,749,773,1),
 (2971,751,773,0),
 (2972,724,774,1),
 (2973,722,774,0),
 (2974,723,774,0),
 (2975,721,774,0),
 (2976,841,775,0),
 (2977,842,775,1),
 (2978,843,775,0),
 (2979,840,775,0),
 (2980,837,776,0),
 (2981,839,776,0),
 (2982,838,776,0),
 (2983,836,776,1),
 (2984,690,777,0),
 (2985,691,777,1),
 (2986,692,777,0),
 (2987,741,778,0),
 (2988,740,778,0),
 (2989,742,778,1),
 (2990,716,779,0),
 (2991,718,779,0),
 (2992,717,779,0),
 (2993,719,779,0),
 (2994,720,779,1),
 (2995,733,780,0),
 (2996,731,780,1),
 (2997,732,780,0),
 (2998,703,781,0),
 (2999,702,781,0),
 (3000,704,781,1),
 (3001,845,782,0),
 (3002,847,782,0),
 (3003,846,782,0),
 (3004,844,782,0),
 (3005,708,783,0),
 (3006,711,783,0),
 (3007,709,783,0),
 (3008,710,783,1),
 (3009,739,784,1),
 (3010,738,784,0),
 (3011,737,784,0),
 (3012,747,785,0),
 (3013,746,785,1),
 (3014,748,785,0),
 (3015,734,786,1),
 (3016,735,786,0),
 (3017,736,786,0),
 (3018,745,787,0),
 (3019,744,787,1),
 (3020,743,787,1),
 (3021,826,788,1),
 (3022,825,788,0),
 (3023,824,788,0),
 (3024,823,788,0),
 (3025,858,789,0),
 (3026,859,789,0),
 (3027,857,789,1),
 (3028,850,790,0),
 (3029,848,790,1),
 (3030,849,790,0),
 (3031,701,791,0),
 (3032,699,791,0),
 (3033,700,791,1),
 (3034,864,792,0),
 (3035,863,792,0),
 (3036,865,792,1),
 (3037,705,793,0),
 (3038,707,793,1),
 (3039,706,793,0),
 (3040,872,794,0),
 (3041,873,794,0),
 (3042,875,794,0),
 (3043,874,794,1),
 (3044,828,795,0),
 (3045,827,795,1),
 (3046,829,795,0),
 (3047,830,795,0),
 (3048,741,796,0),
 (3049,740,796,0),
 (3050,742,796,1),
 (3051,750,797,1),
 (3052,749,797,0),
 (3053,751,797,0),
 (3054,703,798,0),
 (3055,702,798,0),
 (3056,704,798,1),
 (3057,730,799,0),
 (3058,729,799,0),
 (3059,728,799,1),
 (3060,753,800,0),
 (3061,754,800,1),
 (3062,752,800,0),
 (3063,855,801,0),
 (3064,856,801,1),
 (3065,854,801,0),
 (3066,716,802,0),
 (3067,718,802,1),
 (3068,717,802,0),
 (3069,719,802,0),
 (3070,720,802,0),
 (3071,864,803,0),
 (3072,863,803,0),
 (3073,865,803,1),
 (3074,850,804,0),
 (3075,848,804,1),
 (3076,849,804,0),
 (3077,869,805,1),
 (3078,871,805,0),
 (3079,870,805,0),
 (3080,708,806,0),
 (3081,711,806,0),
 (3082,709,806,1),
 (3083,710,806,0),
 (3084,690,807,0),
 (3085,691,807,1),
 (3086,692,807,0),
 (3087,725,808,1),
 (3088,726,808,0),
 (3089,727,808,0),
 (3090,739,809,0),
 (3091,738,809,0),
 (3092,737,809,1),
 (3093,845,810,1),
 (3094,847,810,0),
 (3095,846,810,0),
 (3096,844,810,0),
 (3097,826,811,0),
 (3098,825,811,0),
 (3099,824,811,0),
 (3100,823,811,1),
 (3101,733,812,0),
 (3102,731,812,0),
 (3103,732,812,1),
 (3104,694,813,0),
 (3105,695,813,0),
 (3106,693,813,1),
 (3107,705,814,0),
 (3108,707,814,0),
 (3109,706,814,1),
 (3110,820,815,0),
 (3111,821,815,1),
 (3112,822,815,0),
 (3113,819,815,0),
 (3114,868,816,0),
 (3115,867,816,1),
 (3116,866,816,0),
 (3117,701,817,0),
 (3118,699,817,0),
 (3119,700,817,1),
 (3120,745,818,0),
 (3121,744,818,1),
 (3122,743,818,0),
 (3123,837,819,0),
 (3124,839,819,0),
 (3125,838,819,0),
 (3126,836,819,1),
 (3127,734,820,1),
 (3128,735,820,0),
 (3129,736,820,0),
 (3130,835,821,1),
 (3131,834,821,0),
 (3132,833,821,0),
 (3133,832,821,0),
 (3134,831,821,0),
 (3135,841,822,0),
 (3136,842,822,1),
 (3137,843,822,0),
 (3138,840,822,0),
 (3139,712,823,1),
 (3140,715,823,0),
 (3141,713,823,0),
 (3142,714,823,0),
 (3143,747,824,0),
 (3144,746,824,1),
 (3145,748,824,0),
 (3146,696,825,0),
 (3147,697,825,0),
 (3148,698,825,1),
 (3149,724,826,0),
 (3150,722,826,0),
 (3151,723,826,1),
 (3152,721,826,0),
 (3153,861,827,0),
 (3154,862,827,0),
 (3155,860,827,1),
 (3156,815,828,0),
 (3157,818,828,1),
 (3158,817,828,0),
 (3159,816,828,0),
 (3160,858,829,0),
 (3161,859,829,0),
 (3162,857,829,1),
 (3163,852,830,1),
 (3164,853,830,0),
 (3165,851,830,0),
 (3166,864,831,0),
 (3167,863,831,0),
 (3168,865,831,1),
 (3169,841,832,0),
 (3170,842,832,1),
 (3171,843,832,0),
 (3172,840,832,0),
 (3173,850,833,0),
 (3174,848,833,1),
 (3175,849,833,0),
 (3176,712,834,1),
 (3177,715,834,0),
 (3178,713,834,0),
 (3179,714,834,0),
 (3180,845,835,0),
 (3181,847,835,0),
 (3182,846,835,0),
 (3183,844,835,0),
 (3184,745,836,0),
 (3185,744,836,1),
 (3186,743,836,0),
 (3187,741,837,1),
 (3188,740,837,1),
 (3189,742,837,0),
 (3190,739,838,1),
 (3191,738,838,0),
 (3192,737,838,0),
 (3193,835,839,0),
 (3194,834,839,0),
 (3195,833,839,1),
 (3196,832,839,0),
 (3197,831,839,0),
 (3198,861,840,0),
 (3199,862,840,0),
 (3200,860,840,1),
 (3201,708,841,0),
 (3202,711,841,0),
 (3203,709,841,1),
 (3204,710,841,0),
 (3205,858,842,0),
 (3206,859,842,0),
 (3207,857,842,1),
 (3208,733,843,0),
 (3209,731,843,1),
 (3210,732,843,0),
 (3211,837,844,0),
 (3212,839,844,0),
 (3213,838,844,0),
 (3214,836,844,1),
 (3215,747,845,0),
 (3216,746,845,0),
 (3217,748,845,0),
 (3218,690,846,0),
 (3219,691,846,1),
 (3220,692,846,0),
 (3221,869,847,1),
 (3222,871,847,0),
 (3223,870,847,0),
 (3224,703,848,0),
 (3225,702,848,0),
 (3226,704,848,1),
 (3227,855,849,0),
 (3228,856,849,1),
 (3229,854,849,0),
 (3230,725,850,1),
 (3231,726,850,0),
 (3232,727,850,0),
 (3233,701,851,0),
 (3234,699,851,0),
 (3235,700,851,1),
 (3236,753,852,0),
 (3237,754,852,0),
 (3238,752,852,0),
 (3239,868,853,0),
 (3240,867,853,1),
 (3241,866,853,0),
 (3242,815,854,0),
 (3243,818,854,1),
 (3244,817,854,0),
 (3245,816,854,0),
 (3246,694,855,0),
 (3247,695,855,0),
 (3248,693,855,1),
 (3249,828,856,0),
 (3250,827,856,1),
 (3251,829,856,0),
 (3252,830,856,0),
 (3253,872,857,0),
 (3254,873,857,0),
 (3255,875,857,0),
 (3256,874,857,1),
 (3257,696,858,0),
 (3258,697,858,0),
 (3259,698,858,1),
 (3260,852,859,1),
 (3261,853,859,0),
 (3262,851,859,0),
 (3263,705,860,0),
 (3264,707,860,1),
 (3265,706,860,0),
 (3266,734,861,0),
 (3267,735,861,1),
 (3268,736,861,0),
 (3269,730,862,0),
 (3270,729,862,0),
 (3271,728,862,1),
 (3272,826,863,0),
 (3273,825,863,0),
 (3274,824,863,0),
 (3275,823,863,1),
 (3276,820,864,0),
 (3277,821,864,1),
 (3278,822,864,0),
 (3279,819,864,0),
 (3280,716,865,0),
 (3281,718,865,1),
 (3282,717,865,0),
 (3283,719,865,0),
 (3284,720,865,0),
 (3285,724,866,0),
 (3286,722,866,1),
 (3287,723,866,0),
 (3288,721,866,0),
 (3289,750,867,0),
 (3290,749,867,0),
 (3291,751,867,0),
 (3292,739,868,0),
 (3293,738,868,0),
 (3294,737,868,1),
 (3295,852,869,0),
 (3296,853,869,1),
 (3297,851,869,0),
 (3298,705,870,0),
 (3299,707,870,0),
 (3300,706,870,1),
 (3301,701,871,0),
 (3302,699,871,0),
 (3303,700,871,1),
 (3304,750,872,0),
 (3305,749,872,1),
 (3306,751,872,0),
 (3307,861,873,0),
 (3308,862,873,0),
 (3309,860,873,1),
 (3310,826,874,1),
 (3311,825,874,0),
 (3312,824,874,0),
 (3313,823,874,0),
 (3314,815,875,0),
 (3315,818,875,1),
 (3316,817,875,0),
 (3317,816,875,0),
 (3318,835,876,0),
 (3319,834,876,0),
 (3320,833,876,1),
 (3321,832,876,0),
 (3322,831,876,0),
 (3323,841,877,0),
 (3324,842,877,1),
 (3325,843,877,0),
 (3326,840,877,0),
 (3327,741,878,0),
 (3328,740,878,0),
 (3329,742,878,1),
 (3330,733,879,0),
 (3331,731,879,1),
 (3332,732,879,0),
 (3333,753,880,0),
 (3334,754,880,1),
 (3335,752,880,0),
 (3336,745,881,0),
 (3337,744,881,1),
 (3338,743,881,0),
 (3339,820,882,0),
 (3340,821,882,1),
 (3341,822,882,0),
 (3342,819,882,0),
 (3343,730,883,0),
 (3344,729,883,0),
 (3345,728,883,1),
 (3346,828,884,1),
 (3347,827,884,0),
 (3348,829,884,0),
 (3349,830,884,0),
 (3350,696,885,1),
 (3351,697,885,0),
 (3352,698,885,0),
 (3353,708,886,0),
 (3354,711,886,0),
 (3355,709,886,1),
 (3356,710,886,0),
 (3357,690,887,0),
 (3358,691,887,1),
 (3359,692,887,0),
 (3360,725,888,1),
 (3361,726,888,0),
 (3362,727,888,0),
 (3363,858,889,0),
 (3364,859,889,0),
 (3365,857,889,1),
 (3366,712,890,1),
 (3367,715,890,0),
 (3368,713,890,0),
 (3369,714,890,0),
 (3370,864,891,0),
 (3371,863,891,0),
 (3372,865,891,1),
 (3373,694,892,0),
 (3374,695,892,1),
 (3375,693,892,0),
 (3376,872,893,0),
 (3377,873,893,0),
 (3378,875,893,0),
 (3379,874,893,1),
 (3380,868,894,0),
 (3381,867,894,1),
 (3382,866,894,0),
 (3383,850,895,0),
 (3384,848,895,1),
 (3385,849,895,0),
 (3386,869,896,1),
 (3387,871,896,0),
 (3388,870,896,0),
 (3389,703,897,0),
 (3390,702,897,0),
 (3391,704,897,1),
 (3392,747,898,0),
 (3393,746,898,0),
 (3394,748,898,1),
 (3395,845,899,0),
 (3396,847,899,0),
 (3397,846,899,1),
 (3398,844,899,0),
 (3399,837,900,0),
 (3400,839,900,0),
 (3401,838,900,0),
 (3402,836,900,1),
 (3403,716,901,0),
 (3404,718,901,0),
 (3405,717,901,0),
 (3406,719,901,0),
 (3407,720,901,1),
 (3408,734,902,1),
 (3409,735,902,0),
 (3410,736,902,0),
 (3411,724,903,0),
 (3412,722,903,0),
 (3413,723,903,1),
 (3414,721,903,0),
 (3415,855,904,0),
 (3416,856,904,1),
 (3417,854,904,0),
 (3418,837,905,0),
 (3419,839,905,0),
 (3420,838,905,0),
 (3421,836,905,1),
 (3422,872,906,0),
 (3423,873,906,0),
 (3424,875,906,0),
 (3425,874,906,1),
 (3426,725,907,0),
 (3427,726,907,0),
 (3428,727,907,1),
 (3429,845,908,0),
 (3430,847,908,0),
 (3431,846,908,0),
 (3432,844,908,1),
 (3433,694,909,0),
 (3434,695,909,0),
 (3435,693,909,0),
 (3436,712,910,0),
 (3437,715,910,0),
 (3438,713,910,0),
 (3439,714,910,0),
 (3440,690,911,1),
 (3441,691,911,0),
 (3442,692,911,0),
 (3443,815,912,0),
 (3444,818,912,1),
 (3445,817,912,0),
 (3446,816,912,0),
 (3447,852,913,1),
 (3448,853,913,0),
 (3449,851,913,0),
 (3450,705,914,0),
 (3451,707,914,0),
 (3452,706,914,0),
 (3453,703,915,0),
 (3454,702,915,0),
 (3455,704,915,0),
 (3456,708,916,0),
 (3457,711,916,0),
 (3458,709,916,0),
 (3459,710,916,0),
 (3460,753,917,0),
 (3461,754,917,0),
 (3462,752,917,0),
 (3463,701,918,0),
 (3464,699,918,0),
 (3465,700,918,0),
 (3466,850,919,0),
 (3467,848,919,0),
 (3468,849,919,1),
 (3469,724,920,0),
 (3470,722,920,0),
 (3471,723,920,0),
 (3472,721,920,0),
 (3473,730,921,0),
 (3474,729,921,0),
 (3475,728,921,1),
 (3476,861,922,0),
 (3477,862,922,0),
 (3478,860,922,0),
 (3479,855,923,0),
 (3480,856,923,1),
 (3481,854,923,0),
 (3482,841,924,0),
 (3483,842,924,1),
 (3484,843,924,0),
 (3485,840,924,0),
 (3486,733,925,0),
 (3487,731,925,0),
 (3488,732,925,0),
 (3489,745,926,0),
 (3490,744,926,0),
 (3491,743,926,0),
 (3492,739,927,0),
 (3493,738,927,0),
 (3494,737,927,1),
 (3495,734,928,0),
 (3496,735,928,0),
 (3497,736,928,0),
 (3498,869,929,1),
 (3499,871,929,0),
 (3500,870,929,0),
 (3501,696,930,0),
 (3502,697,930,1),
 (3503,698,930,0),
 (3504,835,931,0),
 (3505,834,931,1),
 (3506,833,931,0),
 (3507,832,931,0),
 (3508,831,931,0),
 (3509,741,932,0),
 (3510,740,932,0),
 (3511,742,932,1),
 (3512,868,933,0),
 (3513,867,933,0),
 (3514,866,933,1),
 (3515,828,934,1),
 (3516,827,934,0),
 (3517,829,934,0),
 (3518,830,934,0),
 (3519,750,935,0),
 (3520,749,935,0),
 (3521,751,935,0),
 (3522,747,936,0),
 (3523,746,936,0),
 (3524,748,936,0),
 (3525,858,937,0),
 (3526,859,937,0),
 (3527,857,937,1),
 (3528,826,938,0),
 (3529,825,938,0),
 (3530,824,938,0),
 (3531,823,938,1),
 (3532,716,939,0),
 (3533,718,939,0),
 (3534,717,939,0),
 (3535,719,939,0),
 (3536,720,939,0),
 (3537,864,940,0),
 (3538,863,940,0),
 (3539,865,940,1),
 (3540,820,941,0),
 (3541,821,941,1),
 (3542,822,941,0),
 (3543,819,941,0),
 (3544,739,942,0),
 (3545,737,942,0),
 (3546,738,942,1),
 (3547,815,943,0),
 (3548,817,943,0),
 (3549,818,943,1),
 (3550,816,943,0),
 (3551,688,944,0),
 (3552,687,944,0),
 (3553,689,944,1),
 (3554,686,944,0),
 (3555,626,945,0),
 (3556,628,945,0),
 (3557,625,945,0),
 (3558,627,945,1),
 (3559,956,946,0),
 (3560,958,946,0),
 (3561,955,946,0),
 (3562,957,946,0),
 (3563,959,946,1),
 (3564,954,946,0),
 (3565,711,947,1),
 (3566,709,947,0),
 (3567,708,947,0),
 (3568,710,947,0),
 (3569,898,948,0),
 (3570,896,948,0),
 (3571,901,948,0),
 (3572,897,948,0),
 (3573,899,948,0),
 (3574,900,948,0),
 (3575,895,948,0),
 (3576,902,948,1),
 (3577,806,949,0),
 (3578,808,949,0),
 (3579,807,949,1),
 (3580,656,950,0),
 (3581,658,950,0),
 (3582,657,950,0),
 (3583,875,951,0),
 (3584,873,951,0),
 (3585,874,951,1),
 (3586,872,951,0),
 (3587,645,952,0),
 (3588,648,952,0),
 (3589,646,952,1),
 (3590,647,952,0),
 (3591,696,953,1),
 (3592,698,953,0),
 (3593,697,953,0),
 (3594,682,954,0),
 (3595,680,954,0),
 (3596,679,954,0),
 (3597,681,954,0),
 (3598,798,955,1),
 (3599,799,955,0),
 (3600,797,955,0),
 (3601,675,956,0),
 (3602,677,956,0),
 (3603,678,956,0),
 (3604,676,956,0),
 (3605,927,957,0),
 (3606,929,957,1),
 (3607,930,957,0),
 (3608,932,957,0),
 (3609,928,957,0),
 (3610,931,957,0),
 (3611,771,958,0),
 (3612,770,958,1),
 (3613,772,958,0),
 (3614,988,959,1),
 (3615,986,959,0),
 (3616,990,959,0),
 (3617,992,959,0),
 (3618,989,959,0),
 (3619,987,959,0),
 (3620,991,959,0),
 (3621,629,960,0),
 (3622,633,960,1),
 (3623,635,960,0),
 (3624,631,960,0),
 (3625,634,960,0),
 (3626,632,960,0),
 (3627,630,960,0),
 (3628,969,961,1),
 (3629,965,961,0),
 (3630,970,961,0),
 (3631,966,961,0),
 (3632,968,961,0),
 (3633,967,961,0),
 (3634,691,962,0),
 (3635,690,962,0),
 (3636,692,962,1),
 (3637,718,963,0),
 (3638,717,963,0),
 (3639,719,963,1),
 (3640,720,963,0),
 (3641,716,963,0),
 (3642,853,964,0),
 (3643,851,964,1),
 (3644,852,964,0),
 (3645,949,965,1),
 (3646,947,965,0),
 (3647,953,965,0),
 (3648,951,965,0),
 (3649,948,965,0),
 (3650,950,965,0),
 (3651,952,965,0),
 (3652,766,966,0),
 (3653,764,966,0),
 (3654,765,966,1),
 (3655,701,967,1),
 (3656,699,967,0),
 (3657,700,967,0),
 (3658,796,968,0),
 (3659,794,968,1),
 (3660,795,968,0),
 (3661,800,969,0),
 (3662,802,969,0),
 (3663,801,969,1),
 (3664,915,970,0),
 (3665,911,970,0),
 (3666,913,970,0),
 (3667,917,970,1),
 (3668,918,970,0),
 (3669,916,970,0),
 (3670,912,970,0),
 (3671,914,970,0),
 (3672,649,971,0),
 (3673,652,971,1),
 (3674,650,971,0),
 (3675,651,971,0),
 (3676,735,972,1),
 (3677,734,972,0),
 (3678,736,972,0),
 (3679,828,973,0),
 (3680,830,973,0),
 (3681,827,973,0),
 (3682,829,973,1),
 (3683,654,974,1),
 (3684,653,974,0),
 (3685,655,974,0),
 (3686,762,975,0),
 (3687,761,975,1),
 (3688,763,975,0),
 (3689,617,976,1),
 (3690,615,976,0),
 (3691,616,976,0),
 (3692,863,977,1),
 (3693,865,977,0),
 (3694,864,977,0),
 (3695,868,978,1),
 (3696,866,978,1),
 (3697,867,978,1),
 (3698,756,979,1),
 (3699,755,979,0),
 (3700,757,979,0),
 (3701,725,980,0),
 (3702,727,980,1),
 (3703,726,980,0),
 (3704,779,981,1),
 (3705,781,981,0),
 (3706,780,981,0),
 (3707,789,982,0),
 (3708,788,982,0),
 (3709,790,982,1),
 (3710,940,983,0),
 (3711,943,983,1),
 (3712,945,983,0),
 (3713,941,983,0),
 (3714,942,983,0),
 (3715,944,983,0),
 (3716,946,983,0),
 (3717,673,984,0),
 (3718,674,984,0),
 (3719,672,984,0),
 (3720,671,984,0),
 (3721,889,985,0),
 (3722,890,985,0),
 (3723,894,985,0),
 (3724,892,985,0),
 (3725,891,985,0),
 (3726,888,985,1),
 (3727,893,985,0),
 (3728,859,986,0),
 (3729,857,986,1),
 (3730,858,986,0),
 (3731,703,987,0),
 (3732,702,987,0),
 (3733,704,987,1),
 (3734,842,988,0),
 (3735,840,988,1),
 (3736,841,988,0),
 (3737,843,988,0),
 (3738,621,989,0),
 (3739,618,989,0),
 (3740,620,989,0),
 (3741,619,989,1),
 (3742,925,990,0),
 (3743,923,990,1),
 (3744,921,990,0),
 (3745,919,990,0),
 (3746,920,990,0),
 (3747,926,990,0),
 (3748,924,990,0),
 (3749,922,990,0),
 (3750,668,991,0),
 (3751,669,991,0),
 (3752,670,991,1),
 (3753,667,991,0),
 (3754,639,992,0),
 (3755,637,992,0),
 (3756,640,992,0),
 (3757,638,992,1),
 (3758,636,992,0),
 (3759,982,993,0),
 (3760,984,993,0),
 (3761,985,993,1),
 (3762,983,993,0),
 (3763,834,994,1),
 (3764,832,994,0),
 (3765,835,994,0),
 (3766,833,994,0),
 (3767,831,994,0),
 (3768,905,995,0),
 (3769,907,995,0),
 (3770,903,995,0),
 (3771,908,995,0),
 (3772,906,995,1),
 (3773,904,995,0),
 (3774,910,995,0),
 (3775,909,995,0),
 (3776,785,996,0),
 (3777,787,996,0),
 (3778,786,996,1),
 (3779,623,997,0),
 (3780,624,997,0),
 (3781,622,997,1),
 (3782,813,998,1),
 (3783,812,998,0),
 (3784,814,998,0),
 (3785,768,999,1),
 (3786,769,999,0),
 (3787,767,999,0),
 (3788,777,1000,1),
 (3789,776,1000,0),
 (3790,778,1000,0),
 (3791,760,1001,1),
 (3792,758,1001,0),
 (3793,759,1001,0),
 (3794,730,1002,0),
 (3795,728,1002,0),
 (3796,729,1002,1),
 (3797,791,1003,1),
 (3798,793,1003,0),
 (3799,792,1003,0),
 (3800,1000,1004,0),
 (3801,1004,1004,0),
 (3802,1002,1004,0),
 (3803,1001,1004,1),
 (3804,1005,1004,0),
 (3805,1003,1004,0),
 (3806,999,1004,0),
 (3807,877,1005,0),
 (3808,878,1005,1),
 (3809,876,1005,0),
 (3810,723,1006,1),
 (3811,721,1006,0),
 (3812,724,1006,0),
 (3813,722,1006,0),
 (3814,819,1007,0),
 (3815,820,1007,0),
 (3816,822,1007,0),
 (3817,821,1007,1),
 (3818,685,1008,1),
 (3819,683,1008,0),
 (3820,684,1008,0),
 (3821,844,1009,0),
 (3822,845,1009,0),
 (3823,847,1009,1),
 (3824,846,1009,0),
 (3825,715,1010,1),
 (3826,713,1010,0),
 (3827,712,1010,0),
 (3828,714,1010,0),
 (3829,775,1011,1),
 (3830,773,1011,0),
 (3831,774,1011,0),
 (3832,662,1012,1),
 (3833,660,1012,0),
 (3834,661,1012,0),
 (3835,659,1012,0),
 (3836,732,1013,0),
 (3837,733,1013,1),
 (3838,731,1013,0),
 (3839,972,1014,0),
 (3840,974,1014,0),
 (3841,971,1014,1),
 (3842,973,1014,0),
 (3843,871,1015,0),
 (3844,869,1015,1),
 (3845,870,1015,0),
 (3846,826,1016,0),
 (3847,824,1016,1),
 (3848,825,1016,0),
 (3849,823,1016,0),
 (3850,744,1017,1),
 (3851,745,1017,0),
 (3852,743,1017,0),
 (3853,861,1018,0),
 (3854,862,1018,0),
 (3855,860,1018,1),
 (3856,641,1019,0),
 (3857,643,1019,1),
 (3858,642,1019,0),
 (3859,644,1019,0),
 (3860,740,1020,0),
 (3861,742,1020,1),
 (3862,741,1020,0),
 (3863,885,1021,0),
 (3864,887,1021,1),
 (3865,883,1021,0),
 (3866,881,1021,0),
 (3867,879,1021,0),
 (3868,886,1021,0),
 (3869,884,1021,0),
 (3870,882,1021,0),
 (3871,880,1021,0),
 (3872,980,1022,1),
 (3873,976,1022,0),
 (3874,978,1022,0),
 (3875,981,1022,0),
 (3876,975,1022,0),
 (3877,979,1022,0),
 (3878,977,1022,0),
 (3879,936,1023,1),
 (3880,934,1023,0),
 (3881,938,1023,0),
 (3882,939,1023,0),
 (3883,935,1023,0),
 (3884,937,1023,0),
 (3885,933,1023,0),
 (3886,961,1024,0),
 (3887,963,1024,0),
 (3888,960,1024,1),
 (3889,964,1024,0),
 (3890,962,1024,0),
 (3891,614,1025,1),
 (3892,613,1025,0),
 (3893,611,1025,0),
 (3894,612,1025,0),
 (3895,694,1026,0),
 (3896,693,1026,0),
 (3897,695,1026,1),
 (3898,783,1027,0),
 (3899,784,1027,0),
 (3900,782,1027,1),
 (3901,855,1028,0),
 (3902,856,1028,0),
 (3903,854,1028,1),
 (3904,754,1029,0),
 (3905,752,1029,0),
 (3906,753,1029,1),
 (3907,804,1030,0),
 (3908,805,1030,0),
 (3909,803,1030,1),
 (3910,747,1031,0),
 (3911,746,1031,1),
 (3912,748,1031,0),
 (3913,750,1032,0),
 (3914,749,1032,0),
 (3915,751,1032,1),
 (3916,811,1033,1),
 (3917,809,1033,0),
 (3918,810,1033,0),
 (3919,849,1034,0),
 (3920,850,1034,1),
 (3921,848,1034,0),
 (3922,996,1035,0),
 (3923,998,1035,0),
 (3924,994,1035,1),
 (3925,995,1035,0),
 (3926,997,1035,0),
 (3927,993,1035,0),
 (3928,705,1036,0),
 (3929,707,1036,1),
 (3930,706,1036,0),
 (3931,666,1037,0),
 (3932,664,1037,1),
 (3933,665,1037,0),
 (3934,663,1037,0),
 (3935,837,1038,0),
 (3936,839,1038,0),
 (3937,838,1038,0),
 (3938,836,1038,1),
 (3939,694,1039,0),
 (3940,695,1039,0),
 (3941,693,1039,0),
 (3942,845,1040,0),
 (3943,847,1040,0),
 (3944,846,1040,0),
 (3945,844,1040,0),
 (3946,724,1041,0),
 (3947,722,1041,0),
 (3948,723,1041,0),
 (3949,721,1041,0),
 (3950,815,1042,0),
 (3951,818,1042,0),
 (3952,817,1042,0),
 (3953,816,1042,0),
 (3954,837,1043,0),
 (3955,839,1043,0),
 (3956,838,1043,0),
 (3957,836,1043,0),
 (3958,701,1044,0),
 (3959,699,1044,0),
 (3960,700,1044,0),
 (3961,852,1045,0),
 (3962,853,1045,0),
 (3963,851,1045,0),
 (3964,703,1046,0),
 (3965,702,1046,0),
 (3966,704,1046,0),
 (3967,826,1047,0),
 (3968,825,1047,0),
 (3969,824,1047,0),
 (3970,823,1047,0),
 (3971,861,1048,0),
 (3972,862,1048,0),
 (3973,860,1048,0),
 (3974,850,1049,0),
 (3975,848,1049,0),
 (3976,849,1049,0),
 (3977,733,1050,0),
 (3978,731,1050,0),
 (3979,732,1050,0),
 (3980,696,1051,0),
 (3981,697,1051,0),
 (3982,698,1051,0),
 (3983,690,1052,0),
 (3984,691,1052,0),
 (3985,692,1052,0),
 (3986,708,1053,0),
 (3987,711,1053,0),
 (3988,709,1053,0),
 (3989,710,1053,0),
 (3990,739,1054,0),
 (3991,738,1054,0),
 (3992,737,1054,0),
 (3993,872,1055,0),
 (3994,873,1055,0),
 (3995,875,1055,0),
 (3996,874,1055,0),
 (3997,855,1056,0),
 (3998,856,1056,0),
 (3999,854,1056,0),
 (4000,750,1057,0),
 (4001,749,1057,0),
 (4002,751,1057,0),
 (4003,747,1058,0),
 (4004,746,1058,0),
 (4005,748,1058,0),
 (4006,828,1059,0),
 (4007,827,1059,0),
 (4008,829,1059,0),
 (4009,830,1059,0),
 (4010,753,1060,0),
 (4011,754,1060,0),
 (4012,752,1060,0),
 (4013,835,1061,0),
 (4014,834,1061,0),
 (4015,833,1061,0),
 (4016,832,1061,0),
 (4017,831,1061,0),
 (4018,716,1062,0),
 (4019,718,1062,0),
 (4020,717,1062,0),
 (4021,719,1062,0),
 (4022,720,1062,0),
 (4023,705,1063,0);
INSERT INTO `option_chosed` (`id`,`option_id`,`question_answered_id`,`checked`) VALUES 
 (4024,707,1063,0),
 (4025,706,1063,0),
 (4026,869,1064,0),
 (4027,871,1064,0),
 (4028,870,1064,0),
 (4029,868,1065,0),
 (4030,867,1065,0),
 (4031,866,1065,0),
 (4032,741,1066,0),
 (4033,740,1066,0),
 (4034,742,1066,0),
 (4035,841,1067,0),
 (4036,842,1067,0),
 (4037,843,1067,0),
 (4038,840,1067,0),
 (4039,745,1068,0),
 (4040,744,1068,0),
 (4041,743,1068,0),
 (4042,864,1069,0),
 (4043,863,1069,0),
 (4044,865,1069,0),
 (4045,730,1070,0),
 (4046,729,1070,0),
 (4047,728,1070,0),
 (4048,725,1071,0),
 (4049,726,1071,0),
 (4050,727,1071,0),
 (4051,858,1072,0),
 (4052,859,1072,0),
 (4053,857,1072,0),
 (4054,734,1073,0),
 (4055,735,1073,0),
 (4056,736,1073,0),
 (4057,820,1074,0),
 (4058,821,1074,0),
 (4059,822,1074,0),
 (4060,819,1074,0),
 (4061,712,1075,0),
 (4062,715,1075,0),
 (4063,713,1075,0),
 (4064,714,1075,0),
 (4065,858,1076,0),
 (4066,859,1076,0),
 (4067,857,1076,1),
 (4068,696,1077,0),
 (4069,697,1077,0),
 (4070,698,1077,1),
 (4071,820,1078,0),
 (4072,821,1078,1),
 (4073,822,1078,0),
 (4074,819,1078,0),
 (4075,724,1079,1),
 (4076,722,1079,0),
 (4077,723,1079,0),
 (4078,721,1079,0),
 (4079,745,1080,0),
 (4080,744,1080,1),
 (4081,743,1080,0),
 (4082,855,1081,0),
 (4083,856,1081,1),
 (4084,854,1081,0),
 (4085,690,1082,0),
 (4086,691,1082,1),
 (4087,692,1082,0),
 (4088,835,1083,1),
 (4089,834,1083,0),
 (4090,833,1083,0),
 (4091,832,1083,0),
 (4092,831,1083,0),
 (4093,734,1084,1),
 (4094,735,1084,0),
 (4095,736,1084,0),
 (4096,741,1085,0),
 (4097,740,1085,1),
 (4098,742,1085,0),
 (4099,828,1086,0),
 (4100,827,1086,1),
 (4101,829,1086,0),
 (4102,830,1086,0),
 (4103,730,1087,0),
 (4104,729,1087,0),
 (4105,728,1087,1),
 (4106,864,1088,0),
 (4107,863,1088,0),
 (4108,865,1088,1),
 (4109,852,1089,1),
 (4110,853,1089,0),
 (4111,851,1089,0),
 (4112,725,1090,1),
 (4113,726,1090,0),
 (4114,727,1090,0),
 (4115,753,1091,0),
 (4116,754,1091,1),
 (4117,752,1091,0),
 (4118,703,1092,0),
 (4119,702,1092,0),
 (4120,704,1092,1),
 (4121,733,1093,1),
 (4122,731,1093,0),
 (4123,732,1093,0),
 (4124,747,1094,0),
 (4125,746,1094,0),
 (4126,748,1094,1),
 (4127,750,1095,1),
 (4128,749,1095,0),
 (4129,751,1095,0),
 (4130,845,1096,0),
 (4131,847,1096,0),
 (4132,846,1096,0),
 (4133,844,1096,1),
 (4134,815,1097,0),
 (4135,818,1097,1),
 (4136,817,1097,0),
 (4137,816,1097,0),
 (4138,861,1098,0),
 (4139,862,1098,0),
 (4140,860,1098,1),
 (4141,716,1099,0),
 (4142,718,1099,1),
 (4143,717,1099,0),
 (4144,719,1099,0),
 (4145,720,1099,0),
 (4146,826,1100,0),
 (4147,825,1100,0),
 (4148,824,1100,0),
 (4149,823,1100,1),
 (4150,701,1101,0),
 (4151,699,1101,0),
 (4152,700,1101,1),
 (4153,872,1102,0),
 (4154,873,1102,0),
 (4155,875,1102,0),
 (4156,874,1102,1),
 (4157,712,1103,1),
 (4158,715,1103,0),
 (4159,713,1103,0),
 (4160,714,1103,0),
 (4161,869,1104,1),
 (4162,871,1104,0),
 (4163,870,1104,0),
 (4164,694,1105,0),
 (4165,695,1105,0),
 (4166,693,1105,1),
 (4167,708,1106,0),
 (4168,711,1106,0),
 (4169,709,1106,1),
 (4170,710,1106,0),
 (4171,705,1107,1),
 (4172,707,1107,0),
 (4173,706,1107,0),
 (4174,868,1108,0),
 (4175,867,1108,1),
 (4176,866,1108,0),
 (4177,837,1109,0),
 (4178,839,1109,0),
 (4179,838,1109,0),
 (4180,836,1109,1),
 (4181,850,1110,0),
 (4182,848,1110,1),
 (4183,849,1110,0),
 (4184,841,1111,0),
 (4185,842,1111,1),
 (4186,843,1111,0),
 (4187,840,1111,0),
 (4188,739,1112,0),
 (4189,738,1112,0),
 (4190,737,1112,1),
 (4191,853,1113,0),
 (4192,851,1113,0),
 (4193,852,1113,1),
 (4194,800,1114,0),
 (4195,802,1114,0),
 (4196,801,1114,1),
 (4197,875,1115,0),
 (4198,873,1115,0),
 (4199,874,1115,1),
 (4200,872,1115,0),
 (4201,645,1116,0),
 (4202,648,1116,0),
 (4203,646,1116,1),
 (4204,647,1116,0),
 (4205,735,1117,1),
 (4206,734,1117,0),
 (4207,736,1117,0),
 (4208,666,1118,0),
 (4209,664,1118,1),
 (4210,665,1118,0),
 (4211,663,1118,0),
 (4212,936,1119,0),
 (4213,934,1119,1),
 (4214,938,1119,0),
 (4215,939,1119,0),
 (4216,935,1119,0),
 (4217,937,1119,0),
 (4218,933,1119,0),
 (4219,641,1120,1),
 (4220,643,1120,0),
 (4221,642,1120,0),
 (4222,644,1120,0),
 (4223,925,1121,0),
 (4224,923,1121,1),
 (4225,921,1121,0),
 (4226,919,1121,0),
 (4227,920,1121,0),
 (4228,926,1121,0),
 (4229,924,1121,0),
 (4230,922,1121,0),
 (4231,871,1122,0),
 (4232,869,1122,1),
 (4233,870,1122,0),
 (4234,756,1123,1),
 (4235,755,1123,0),
 (4236,757,1123,0),
 (4237,777,1124,0),
 (4238,776,1124,1),
 (4239,778,1124,0),
 (4240,837,1125,0),
 (4241,839,1125,0),
 (4242,838,1125,0),
 (4243,836,1125,1),
 (4244,673,1126,1),
 (4245,674,1126,0),
 (4246,672,1126,0),
 (4247,671,1126,0),
 (4248,703,1127,0),
 (4249,702,1127,0),
 (4250,704,1127,1),
 (4251,806,1128,0),
 (4252,808,1128,0),
 (4253,807,1128,1),
 (4254,859,1129,0),
 (4255,857,1129,1),
 (4256,858,1129,0),
 (4257,826,1130,0),
 (4258,824,1130,0),
 (4259,825,1130,0),
 (4260,823,1130,1),
 (4261,988,1131,1),
 (4262,986,1131,0),
 (4263,990,1131,0),
 (4264,992,1131,0),
 (4265,989,1131,0),
 (4266,987,1131,0),
 (4267,991,1131,0),
 (4268,682,1132,0),
 (4269,680,1132,0),
 (4270,679,1132,0),
 (4271,681,1132,1),
 (4272,905,1133,0),
 (4273,907,1133,0),
 (4274,903,1133,0),
 (4275,908,1133,1),
 (4276,906,1133,0),
 (4277,904,1133,0),
 (4278,910,1133,0),
 (4279,909,1133,0),
 (4280,811,1134,0),
 (4281,809,1134,0),
 (4282,810,1134,1),
 (4283,861,1135,0),
 (4284,862,1135,0),
 (4285,860,1135,1),
 (4286,656,1136,0),
 (4287,658,1136,0),
 (4288,657,1136,1),
 (4289,694,1137,0),
 (4290,693,1137,1),
 (4291,695,1137,0),
 (4292,739,1138,0),
 (4293,737,1138,1),
 (4294,738,1138,0),
 (4295,762,1139,1),
 (4296,761,1139,0),
 (4297,763,1139,0),
 (4298,668,1140,0),
 (4299,669,1140,0),
 (4300,670,1140,0),
 (4301,667,1140,1),
 (4302,940,1141,0),
 (4303,943,1141,0),
 (4304,945,1141,0),
 (4305,941,1141,1),
 (4306,942,1141,0),
 (4307,944,1141,0),
 (4308,946,1141,0),
 (4309,980,1142,0),
 (4310,976,1142,0),
 (4311,978,1142,0),
 (4312,981,1142,0),
 (4313,975,1142,0),
 (4314,979,1142,0),
 (4315,977,1142,1),
 (4316,972,1143,1),
 (4317,974,1143,0),
 (4318,971,1143,0),
 (4319,973,1143,0),
 (4320,760,1144,0),
 (4321,758,1144,0),
 (4322,759,1144,1),
 (4323,815,1145,0),
 (4324,817,1145,0),
 (4325,818,1145,1),
 (4326,816,1145,0),
 (4327,662,1146,1),
 (4328,660,1146,0),
 (4329,661,1146,0),
 (4330,659,1146,0),
 (4331,842,1147,1),
 (4332,840,1147,0),
 (4333,841,1147,0),
 (4334,843,1147,0),
 (4335,844,1148,0),
 (4336,845,1148,1),
 (4337,847,1148,0),
 (4338,846,1148,0),
 (4339,744,1149,1),
 (4340,745,1149,0),
 (4341,743,1149,0),
 (4342,785,1150,1),
 (4343,787,1150,0),
 (4344,786,1150,0),
 (4345,889,1151,0),
 (4346,890,1151,1),
 (4347,894,1151,0),
 (4348,892,1151,0),
 (4349,891,1151,0),
 (4350,888,1151,0),
 (4351,893,1151,0),
 (4352,813,1152,0),
 (4353,812,1152,1),
 (4354,814,1152,0),
 (4355,898,1153,0),
 (4356,896,1153,0),
 (4357,901,1153,0),
 (4358,897,1153,0),
 (4359,899,1153,0),
 (4360,900,1153,1),
 (4361,895,1153,0),
 (4362,902,1153,0),
 (4363,798,1154,1),
 (4364,799,1154,0),
 (4365,797,1154,0),
 (4366,956,1155,0),
 (4367,958,1155,1),
 (4368,955,1155,0),
 (4369,957,1155,0),
 (4370,959,1155,0),
 (4371,954,1155,0),
 (4372,796,1156,1),
 (4373,794,1156,0),
 (4374,795,1156,0),
 (4375,732,1157,1),
 (4376,733,1157,0),
 (4377,731,1157,0),
 (4378,828,1158,1),
 (4379,830,1158,0),
 (4380,827,1158,0),
 (4381,829,1158,0),
 (4382,621,1159,0),
 (4383,618,1159,1),
 (4384,620,1159,0),
 (4385,619,1159,0),
 (4386,969,1160,0),
 (4387,965,1160,1),
 (4388,970,1160,0),
 (4389,966,1160,0),
 (4390,968,1160,0),
 (4391,967,1160,0),
 (4392,766,1161,0),
 (4393,764,1161,0),
 (4394,765,1161,1),
 (4395,696,1162,1),
 (4396,698,1162,1),
 (4397,697,1162,0),
 (4398,855,1163,0),
 (4399,856,1163,1),
 (4400,854,1163,0),
 (4401,649,1164,1),
 (4402,652,1164,0),
 (4403,650,1164,0),
 (4404,651,1164,0),
 (4405,791,1165,1),
 (4406,793,1165,0),
 (4407,792,1165,0),
 (4408,834,1166,0),
 (4409,832,1166,0),
 (4410,835,1166,1),
 (4411,833,1166,0),
 (4412,831,1166,0),
 (4413,701,1167,0),
 (4414,699,1167,0),
 (4415,700,1167,1),
 (4416,915,1168,0),
 (4417,911,1168,0),
 (4418,913,1168,0),
 (4419,917,1168,1),
 (4420,918,1168,0),
 (4421,916,1168,0),
 (4422,912,1168,0),
 (4423,914,1168,0),
 (4424,725,1169,1),
 (4425,727,1169,0),
 (4426,726,1169,0),
 (4427,885,1170,0),
 (4428,887,1170,0),
 (4429,883,1170,0),
 (4430,881,1170,0),
 (4431,879,1170,0),
 (4432,886,1170,0),
 (4433,884,1170,1),
 (4434,882,1170,0),
 (4435,880,1170,0),
 (4436,783,1171,0),
 (4437,784,1171,0),
 (4438,782,1171,1),
 (4439,819,1172,0),
 (4440,820,1172,0),
 (4441,822,1172,0),
 (4442,821,1172,1),
 (4443,927,1173,0),
 (4444,929,1173,0),
 (4445,930,1173,0),
 (4446,932,1173,0),
 (4447,928,1173,1),
 (4448,931,1173,0),
 (4449,768,1174,0),
 (4450,769,1174,1),
 (4451,767,1174,0),
 (4452,691,1175,1),
 (4453,690,1175,0),
 (4454,692,1175,0),
 (4455,711,1176,0),
 (4456,709,1176,1),
 (4457,708,1176,0),
 (4458,710,1176,0),
 (4459,626,1177,0),
 (4460,628,1177,0),
 (4461,625,1177,0),
 (4462,627,1177,1),
 (4463,996,1178,0),
 (4464,998,1178,0),
 (4465,994,1178,0),
 (4466,995,1178,1),
 (4467,997,1178,0),
 (4468,993,1178,0),
 (4469,789,1179,1),
 (4470,788,1179,0),
 (4471,790,1179,0),
 (4472,639,1180,0),
 (4473,637,1180,0),
 (4474,640,1180,0),
 (4475,638,1180,1),
 (4476,636,1180,0),
 (4477,804,1181,0),
 (4478,805,1181,1),
 (4479,803,1181,0),
 (4480,747,1182,1),
 (4481,746,1182,0),
 (4482,748,1182,0),
 (4483,718,1183,0),
 (4484,717,1183,0),
 (4485,719,1183,0),
 (4486,720,1183,1),
 (4487,716,1183,0),
 (4488,705,1184,1),
 (4489,707,1184,0),
 (4490,706,1184,0),
 (4491,863,1185,1),
 (4492,865,1185,0),
 (4493,864,1185,0),
 (4494,949,1186,1),
 (4495,947,1186,0),
 (4496,953,1186,0),
 (4497,951,1186,0),
 (4498,948,1186,0),
 (4499,950,1186,0),
 (4500,952,1186,0),
 (4501,623,1187,0),
 (4502,624,1187,1),
 (4503,622,1187,0),
 (4504,982,1188,1),
 (4505,984,1188,0),
 (4506,985,1188,0),
 (4507,983,1188,0),
 (4508,614,1189,0),
 (4509,613,1189,1),
 (4510,611,1189,0),
 (4511,612,1189,0),
 (4512,750,1190,0),
 (4513,749,1190,1),
 (4514,751,1190,0),
 (4515,715,1191,0),
 (4516,713,1191,0),
 (4517,712,1191,1),
 (4518,714,1191,0),
 (4519,685,1192,1),
 (4520,683,1192,0),
 (4521,684,1192,0),
 (4522,617,1193,0),
 (4523,615,1193,0),
 (4524,616,1193,1),
 (4525,675,1194,0),
 (4526,677,1194,0),
 (4527,678,1194,0),
 (4528,676,1194,1),
 (4529,775,1195,0),
 (4530,773,1195,0),
 (4531,774,1195,1),
 (4532,779,1196,0),
 (4533,781,1196,1),
 (4534,780,1196,0),
 (4535,1000,1197,0),
 (4536,1004,1197,0),
 (4537,1002,1197,0),
 (4538,1001,1197,0),
 (4539,1005,1197,0),
 (4540,1003,1197,0),
 (4541,999,1197,1),
 (4542,754,1198,1),
 (4543,752,1198,0),
 (4544,753,1198,0),
 (4545,730,1199,0),
 (4546,728,1199,1),
 (4547,729,1199,0),
 (4548,688,1200,0),
 (4549,687,1200,0),
 (4550,689,1200,1),
 (4551,686,1200,0),
 (4552,740,1201,0),
 (4553,742,1201,0),
 (4554,741,1201,1),
 (4555,868,1202,0),
 (4556,866,1202,0),
 (4557,867,1202,1),
 (4558,771,1203,0),
 (4559,770,1203,1),
 (4560,772,1203,0),
 (4561,961,1204,1),
 (4562,963,1204,0),
 (4563,960,1204,0),
 (4564,964,1204,0),
 (4565,962,1204,0),
 (4566,654,1205,0),
 (4567,653,1205,0),
 (4568,655,1205,1),
 (4569,723,1206,0),
 (4570,721,1206,0),
 (4571,724,1206,0),
 (4572,722,1206,1),
 (4573,629,1207,0),
 (4574,633,1207,0),
 (4575,635,1207,0),
 (4576,631,1207,1),
 (4577,634,1207,0),
 (4578,632,1207,0),
 (4579,630,1207,0),
 (4580,849,1208,1),
 (4581,850,1208,0),
 (4582,848,1208,0),
 (4583,877,1209,1),
 (4584,878,1209,0),
 (4585,876,1209,0),
 (4586,1335,1210,1),
 (4587,1334,1210,0),
 (4588,1333,1210,0),
 (4589,1341,1211,0),
 (4590,1342,1211,0),
 (4591,1340,1211,1),
 (4592,1368,1212,0),
 (4593,1369,1212,1),
 (4594,1370,1212,0),
 (4595,1372,1213,1),
 (4596,1373,1213,0),
 (4597,1371,1213,0),
 (4598,845,1214,0),
 (4599,847,1214,0),
 (4600,846,1214,0),
 (4601,844,1214,1),
 (4602,1375,1215,0),
 (4603,1376,1215,1),
 (4604,1374,1215,0),
 (4605,826,1216,0),
 (4606,825,1216,0),
 (4607,824,1216,0),
 (4608,823,1216,1),
 (4609,861,1217,0),
 (4610,862,1217,0),
 (4611,860,1217,1),
 (4612,1320,1218,0),
 (4613,1319,1218,0),
 (4614,1318,1218,1),
 (4615,1365,1219,1),
 (4616,1366,1219,0),
 (4617,1367,1219,0),
 (4618,1328,1220,1),
 (4619,1329,1220,0),
 (4620,1327,1220,0),
 (4621,1330,1220,0),
 (4622,1344,1221,0),
 (4623,1347,1221,0),
 (4624,1346,1221,0),
 (4625,1343,1221,0),
 (4626,1345,1221,1),
 (4627,1339,1222,1),
 (4628,1336,1222,0),
 (4629,1337,1222,0),
 (4630,1338,1222,0),
 (4631,828,1223,0),
 (4632,827,1223,1),
 (4633,829,1223,0),
 (4634,830,1223,0),
 (4635,848,1224,1),
 (4636,849,1224,0),
 (4637,850,1224,0),
 (4638,730,1225,1),
 (4639,729,1225,0),
 (4640,728,1225,0),
 (4641,703,1226,1),
 (4642,702,1226,0),
 (4643,704,1226,0),
 (4644,872,1227,0),
 (4645,873,1227,0),
 (4646,875,1227,0),
 (4647,874,1227,1),
 (4648,745,1228,0),
 (4649,744,1228,1),
 (4650,743,1228,0),
 (4651,741,1229,0),
 (4652,740,1229,0),
 (4653,742,1229,1),
 (4654,869,1230,0),
 (4655,871,1230,1),
 (4656,870,1230,0),
 (4657,820,1231,0),
 (4658,821,1231,1),
 (4659,822,1231,0),
 (4660,819,1231,0),
 (4661,841,1232,0),
 (4662,842,1232,0),
 (4663,843,1232,1),
 (4664,840,1232,0),
 (4665,712,1233,0),
 (4666,715,1233,0),
 (4667,713,1233,1),
 (4668,714,1233,0),
 (4669,864,1234,0),
 (4670,863,1234,0),
 (4671,865,1234,1),
 (4672,826,1235,0),
 (4673,825,1235,0),
 (4674,824,1235,0),
 (4675,823,1235,1),
 (4676,747,1236,0),
 (4677,746,1236,1),
 (4678,748,1236,0),
 (4679,716,1237,0),
 (4680,718,1237,1),
 (4681,717,1237,0),
 (4682,719,1237,0),
 (4683,720,1237,0),
 (4684,725,1238,0),
 (4685,726,1238,0),
 (4686,727,1238,1),
 (4687,858,1239,0),
 (4688,859,1239,0),
 (4689,857,1239,1),
 (4690,724,1240,0),
 (4691,722,1240,1),
 (4692,723,1240,0),
 (4693,721,1240,0),
 (4694,750,1241,1),
 (4695,749,1241,0),
 (4696,751,1241,0),
 (4697,861,1242,1),
 (4698,862,1242,0),
 (4699,860,1242,0),
 (4700,696,1243,1),
 (4701,697,1243,0),
 (4702,698,1243,0),
 (4703,850,1244,0),
 (4704,848,1244,0),
 (4705,849,1244,1),
 (4706,753,1245,1),
 (4707,754,1245,0),
 (4708,752,1245,0),
 (4709,845,1246,1),
 (4710,847,1246,0),
 (4711,846,1246,0),
 (4712,844,1246,0),
 (4713,739,1247,0),
 (4714,738,1247,0),
 (4715,737,1247,1),
 (4716,733,1248,0),
 (4717,731,1248,1),
 (4718,732,1248,0),
 (4719,701,1249,0),
 (4720,699,1249,0),
 (4721,700,1249,1),
 (4722,835,1250,0),
 (4723,834,1250,1),
 (4724,833,1250,0),
 (4725,832,1250,0),
 (4726,831,1250,0),
 (4727,694,1251,0),
 (4728,695,1251,0),
 (4729,693,1251,1),
 (4730,868,1252,0),
 (4731,867,1252,0),
 (4732,866,1252,1),
 (4733,828,1253,0),
 (4734,827,1253,1),
 (4735,829,1253,0),
 (4736,830,1253,0),
 (4737,855,1254,0),
 (4738,856,1254,0),
 (4739,854,1254,1),
 (4740,815,1255,0),
 (4741,818,1255,1),
 (4742,817,1255,0),
 (4743,816,1255,0),
 (4744,708,1256,1),
 (4745,711,1256,0),
 (4746,709,1256,0),
 (4747,710,1256,0),
 (4748,690,1257,0),
 (4749,691,1257,1),
 (4750,692,1257,0),
 (4751,734,1258,0),
 (4752,735,1258,1),
 (4753,736,1258,0),
 (4754,705,1259,0),
 (4755,707,1259,1),
 (4756,706,1259,0),
 (4757,852,1260,1),
 (4758,853,1260,0),
 (4759,851,1260,0),
 (4760,837,1261,0),
 (4761,839,1261,0),
 (4762,838,1261,0),
 (4763,836,1261,1),
 (4764,826,1262,0),
 (4765,825,1262,0),
 (4766,824,1262,0),
 (4767,823,1262,1),
 (4768,868,1263,0),
 (4769,867,1263,1),
 (4770,866,1263,0),
 (4771,828,1264,0),
 (4772,827,1264,0),
 (4773,829,1264,1),
 (4774,830,1264,0),
 (4775,739,1265,1),
 (4776,738,1265,0),
 (4777,737,1265,0),
 (4778,872,1266,0),
 (4779,873,1266,0),
 (4780,875,1266,0),
 (4781,874,1266,1),
 (4782,703,1267,0),
 (4783,702,1267,0),
 (4784,704,1267,1),
 (4785,741,1268,1),
 (4786,740,1268,0),
 (4787,742,1268,0),
 (4788,733,1269,0),
 (4789,731,1269,1),
 (4790,732,1269,0),
 (4791,690,1270,0),
 (4792,691,1270,1),
 (4793,692,1270,0),
 (4794,734,1271,0),
 (4795,735,1271,0),
 (4796,736,1271,1),
 (4797,716,1272,0),
 (4798,718,1272,0),
 (4799,717,1272,0),
 (4800,719,1272,0),
 (4801,720,1272,1),
 (4802,747,1273,0),
 (4803,746,1273,1),
 (4804,748,1273,0),
 (4805,820,1274,0),
 (4806,821,1274,1),
 (4807,822,1274,0),
 (4808,819,1274,0),
 (4809,750,1275,0),
 (4810,749,1275,1),
 (4811,751,1275,0),
 (4812,705,1276,1),
 (4813,707,1276,0),
 (4814,706,1276,0),
 (4815,835,1277,0),
 (4816,834,1277,0),
 (4817,833,1277,1),
 (4818,832,1277,0),
 (4819,831,1277,0),
 (4820,861,1278,0),
 (4821,862,1278,0),
 (4822,860,1278,1),
 (4823,725,1279,1),
 (4824,726,1279,0),
 (4825,727,1279,0),
 (4826,696,1280,0),
 (4827,697,1280,0),
 (4828,698,1280,1),
 (4829,712,1281,1),
 (4830,715,1281,0),
 (4831,713,1281,0),
 (4832,714,1281,0),
 (4833,753,1282,0),
 (4834,754,1282,1),
 (4835,752,1282,0),
 (4836,745,1283,0),
 (4837,744,1283,1),
 (4838,743,1283,0),
 (4839,864,1284,0),
 (4840,863,1284,0),
 (4841,865,1284,1),
 (4842,850,1285,0),
 (4843,848,1285,1),
 (4844,849,1285,0),
 (4845,837,1286,0),
 (4846,839,1286,0),
 (4847,838,1286,0),
 (4848,836,1286,1),
 (4849,708,1287,0),
 (4850,711,1287,0),
 (4851,709,1287,0),
 (4852,710,1287,1),
 (4853,694,1288,0),
 (4854,695,1288,0),
 (4855,693,1288,1),
 (4856,724,1289,0),
 (4857,722,1289,1),
 (4858,723,1289,0),
 (4859,721,1289,0),
 (4860,855,1290,0),
 (4861,856,1290,0),
 (4862,854,1290,1),
 (4863,841,1291,0),
 (4864,842,1291,1),
 (4865,843,1291,0),
 (4866,840,1291,0),
 (4867,869,1292,1),
 (4868,871,1292,0),
 (4869,870,1292,0),
 (4870,858,1293,0),
 (4871,859,1293,0),
 (4872,857,1293,1),
 (4873,701,1294,0),
 (4874,699,1294,0),
 (4875,700,1294,1),
 (4876,815,1295,0),
 (4877,818,1295,1),
 (4878,817,1295,0),
 (4879,816,1295,0),
 (4880,730,1296,0),
 (4881,729,1296,0),
 (4882,728,1296,1),
 (4883,845,1297,0),
 (4884,847,1297,0),
 (4885,846,1297,1),
 (4886,844,1297,0),
 (4887,852,1298,1),
 (4888,853,1298,0),
 (4889,851,1298,0),
 (4890,640,1299,0),
 (4891,637,1299,0),
 (4892,636,1299,0),
 (4893,639,1299,0),
 (4894,638,1299,1),
 (4895,643,1300,0),
 (4896,641,1300,1),
 (4897,644,1300,0),
 (4898,642,1300,0),
 (4899,651,1301,1),
 (4900,652,1301,1),
 (4901,650,1301,1),
 (4902,649,1301,1),
 (4903,618,1302,1),
 (4904,619,1302,0),
 (4905,621,1302,0),
 (4906,620,1302,0),
 (4907,667,1303,0),
 (4908,668,1303,0),
 (4909,669,1303,0),
 (4910,670,1303,1),
 (4911,666,1304,0),
 (4912,665,1304,0),
 (4913,663,1304,0),
 (4914,664,1304,1),
 (4915,616,1305,1),
 (4916,615,1305,0),
 (4917,617,1305,0),
 (4918,626,1306,0),
 (4919,625,1306,0),
 (4920,628,1306,0),
 (4921,627,1306,1),
 (4922,687,1307,0),
 (4923,689,1307,1),
 (4924,688,1307,0),
 (4925,686,1307,0),
 (4926,629,1308,0),
 (4927,630,1308,0),
 (4928,634,1308,0),
 (4929,631,1308,1),
 (4930,632,1308,0),
 (4931,633,1308,0),
 (4932,635,1308,0),
 (4933,623,1309,0),
 (4934,624,1309,1),
 (4935,622,1309,0),
 (4936,678,1310,0),
 (4937,675,1310,0),
 (4938,677,1310,0),
 (4939,676,1310,1),
 (4940,653,1311,0),
 (4941,654,1311,0),
 (4942,655,1311,1),
 (4943,681,1312,1),
 (4944,682,1312,0),
 (4945,680,1312,0),
 (4946,679,1312,0),
 (4947,660,1313,0),
 (4948,659,1313,1),
 (4949,662,1313,0),
 (4950,661,1313,0),
 (4951,645,1314,0),
 (4952,646,1314,1),
 (4953,647,1314,0),
 (4954,648,1314,0),
 (4955,656,1315,0),
 (4956,657,1315,1),
 (4957,658,1315,0),
 (4958,684,1316,0),
 (4959,685,1316,1),
 (4960,683,1316,0),
 (4961,612,1317,0),
 (4962,613,1317,1),
 (4963,614,1317,0),
 (4964,611,1317,0),
 (4965,674,1318,0),
 (4966,673,1318,1),
 (4967,671,1318,0),
 (4968,672,1318,0),
 (4969,739,1319,0),
 (4970,738,1319,0),
 (4971,737,1319,1),
 (4972,705,1320,1),
 (4973,707,1320,0),
 (4974,706,1320,0),
 (4975,835,1321,1),
 (4976,834,1321,0),
 (4977,833,1321,0),
 (4978,832,1321,0),
 (4979,831,1321,0),
 (4980,690,1322,0),
 (4981,691,1322,1),
 (4982,692,1322,0),
 (4983,820,1323,0),
 (4984,821,1323,1),
 (4985,822,1323,0),
 (4986,819,1323,0),
 (4987,828,1324,0),
 (4988,827,1324,1),
 (4989,829,1324,0),
 (4990,830,1324,0),
 (4991,841,1325,0),
 (4992,842,1325,1),
 (4993,843,1325,0),
 (4994,840,1325,0),
 (4995,725,1326,1),
 (4996,726,1326,1),
 (4997,727,1326,0),
 (4998,716,1327,0),
 (4999,718,1327,1),
 (5000,717,1327,0),
 (5001,719,1327,0),
 (5002,720,1327,0),
 (5003,703,1328,0),
 (5004,702,1328,0),
 (5005,704,1328,1),
 (5006,861,1329,0),
 (5007,862,1329,0),
 (5008,860,1329,1),
 (5009,845,1330,1),
 (5010,847,1330,0),
 (5011,846,1330,0),
 (5012,844,1330,0),
 (5013,747,1331,0),
 (5014,746,1331,0),
 (5015,748,1331,1),
 (5016,850,1332,0),
 (5017,848,1332,1),
 (5018,849,1332,0),
 (5019,724,1333,0),
 (5020,722,1333,1),
 (5021,723,1333,0),
 (5022,721,1333,0),
 (5023,815,1334,0),
 (5024,818,1334,1),
 (5025,817,1334,0),
 (5026,816,1334,0),
 (5027,826,1335,0),
 (5028,825,1335,0),
 (5029,824,1335,0),
 (5030,823,1335,1),
 (5031,701,1336,0),
 (5032,699,1336,0),
 (5033,700,1336,1),
 (5034,708,1337,0),
 (5035,711,1337,0),
 (5036,709,1337,0),
 (5037,710,1337,1),
 (5038,712,1338,1),
 (5039,715,1338,0),
 (5040,713,1338,0),
 (5041,714,1338,0),
 (5042,864,1339,0),
 (5043,863,1339,0),
 (5044,865,1339,1),
 (5045,858,1340,0),
 (5046,859,1340,0),
 (5047,857,1340,1),
 (5048,734,1341,1),
 (5049,735,1341,1),
 (5050,736,1341,1),
 (5051,868,1342,0),
 (5052,867,1342,1),
 (5053,866,1342,0),
 (5054,745,1343,0),
 (5055,744,1343,1),
 (5056,743,1343,0),
 (5057,852,1344,1),
 (5058,853,1344,0),
 (5059,851,1344,0),
 (5060,872,1345,0),
 (5061,873,1345,0),
 (5062,875,1345,0),
 (5063,874,1345,1),
 (5064,694,1346,0),
 (5065,695,1346,0),
 (5066,693,1346,1),
 (5067,733,1347,0),
 (5068,731,1347,1),
 (5069,732,1347,0),
 (5070,750,1348,1),
 (5071,749,1348,0),
 (5072,751,1348,0),
 (5073,837,1349,0),
 (5074,839,1349,0),
 (5075,838,1349,0),
 (5076,836,1349,1),
 (5077,741,1350,0),
 (5078,740,1350,0),
 (5079,742,1350,1),
 (5080,696,1351,0),
 (5081,697,1351,0),
 (5082,698,1351,1),
 (5083,730,1352,0),
 (5084,729,1352,0),
 (5085,728,1352,1),
 (5086,855,1353,0),
 (5087,856,1353,1),
 (5088,854,1353,0),
 (5089,753,1354,0),
 (5090,754,1354,1),
 (5091,752,1354,0),
 (5092,869,1355,1),
 (5093,871,1355,0),
 (5094,870,1355,0),
 (5095,869,1356,1),
 (5096,871,1356,0),
 (5097,870,1356,0),
 (5098,796,1357,0),
 (5099,795,1357,0),
 (5100,794,1357,1),
 (5101,835,1358,1),
 (5102,834,1358,0),
 (5103,833,1358,0),
 (5104,832,1358,0),
 (5105,831,1358,0),
 (5106,837,1359,0),
 (5107,839,1359,0),
 (5108,838,1359,0),
 (5109,836,1359,1),
 (5110,760,1360,0),
 (5111,758,1360,1),
 (5112,759,1360,0),
 (5113,741,1361,0),
 (5114,740,1361,0),
 (5115,742,1361,1),
 (5116,623,1362,0),
 (5117,624,1362,1),
 (5118,622,1362,0),
 (5119,889,1363,0),
 (5120,890,1363,0),
 (5121,894,1363,0),
 (5122,891,1363,1),
 (5123,888,1363,0),
 (5124,893,1363,0),
 (5125,892,1363,0),
 (5126,940,1364,0),
 (5127,941,1364,0),
 (5128,943,1364,1),
 (5129,942,1364,0),
 (5130,945,1364,0),
 (5131,944,1364,0),
 (5132,946,1364,0),
 (5133,858,1365,0),
 (5134,859,1365,0),
 (5135,857,1365,1),
 (5136,855,1366,0),
 (5137,856,1366,1),
 (5138,854,1366,0),
 (5139,949,1367,0),
 (5140,948,1367,0),
 (5141,947,1367,0),
 (5142,953,1367,0),
 (5143,951,1367,1),
 (5144,950,1367,0),
 (5145,952,1367,0),
 (5146,841,1368,0),
 (5147,842,1368,0),
 (5148,843,1368,1),
 (5149,840,1368,0),
 (5150,927,1369,0),
 (5151,929,1369,0),
 (5152,930,1369,1),
 (5153,932,1369,0),
 (5154,928,1369,0),
 (5155,931,1369,0),
 (5156,1000,1370,0),
 (5157,1001,1370,0),
 (5158,1004,1370,0),
 (5159,1005,1370,0),
 (5160,1003,1370,1),
 (5161,999,1370,0),
 (5162,1002,1370,0),
 (5163,733,1371,0),
 (5164,731,1371,1),
 (5165,732,1371,0),
 (5166,770,1372,0),
 (5167,771,1372,0),
 (5168,772,1372,1),
 (5169,918,1373,0),
 (5170,915,1373,0),
 (5171,916,1373,0),
 (5172,911,1373,0),
 (5173,912,1373,0),
 (5174,913,1373,0),
 (5175,917,1373,1),
 (5176,914,1373,0),
 (5177,705,1374,0),
 (5178,707,1374,0),
 (5179,706,1374,1),
 (5180,687,1375,0),
 (5181,689,1375,1),
 (5182,688,1375,0),
 (5183,686,1375,0),
 (5184,828,1376,0),
 (5185,827,1376,0),
 (5186,829,1376,1),
 (5187,830,1376,0),
 (5188,696,1377,0),
 (5189,697,1377,0),
 (5190,698,1377,1),
 (5191,805,1378,1),
 (5192,803,1378,0),
 (5193,804,1378,0),
 (5194,725,1379,0),
 (5195,726,1379,1),
 (5196,727,1379,0),
 (5197,982,1380,0),
 (5198,984,1380,0),
 (5199,985,1380,0),
 (5200,983,1380,1),
 (5201,815,1381,0),
 (5202,818,1381,0),
 (5203,817,1381,0),
 (5204,816,1381,1),
 (5205,724,1382,0),
 (5206,722,1382,1),
 (5207,723,1382,0),
 (5208,721,1382,0),
 (5209,925,1383,0),
 (5210,920,1383,0),
 (5211,926,1383,1),
 (5212,923,1383,0),
 (5213,924,1383,0),
 (5214,922,1383,0),
 (5215,921,1383,0),
 (5216,919,1383,0),
 (5217,640,1384,0),
 (5218,639,1384,0),
 (5219,638,1384,1),
 (5220,637,1384,0),
 (5221,636,1384,0),
 (5222,667,1385,0),
 (5223,668,1385,0),
 (5224,669,1385,0),
 (5225,670,1385,1),
 (5226,852,1386,0),
 (5227,853,1386,0),
 (5228,851,1386,1),
 (5229,662,1387,0),
 (5230,661,1387,1),
 (5231,659,1387,0),
 (5232,660,1387,0),
 (5233,906,1388,0),
 (5234,904,1388,0),
 (5235,905,1388,0),
 (5236,907,1388,0),
 (5237,903,1388,0),
 (5238,910,1388,1),
 (5239,909,1388,0),
 (5240,908,1388,0),
 (5241,793,1389,0),
 (5242,792,1389,0),
 (5243,791,1389,1),
 (5244,968,1390,0),
 (5245,969,1390,0),
 (5246,965,1390,0),
 (5247,970,1390,0),
 (5248,967,1390,1),
 (5249,966,1390,0),
 (5250,980,1391,0),
 (5251,981,1391,0),
 (5252,975,1391,0),
 (5253,976,1391,1),
 (5254,979,1391,0),
 (5255,977,1391,0),
 (5256,978,1391,0),
 (5257,886,1392,1),
 (5258,885,1392,0),
 (5259,887,1392,0),
 (5260,883,1392,0),
 (5261,884,1392,0),
 (5262,882,1392,0),
 (5263,881,1392,0),
 (5264,879,1392,0),
 (5265,880,1392,0),
 (5266,750,1393,1),
 (5267,749,1393,0),
 (5268,751,1393,0),
 (5269,799,1394,0),
 (5270,797,1394,0),
 (5271,798,1394,1),
 (5272,812,1395,0),
 (5273,814,1395,0),
 (5274,813,1395,1),
 (5275,769,1396,1),
 (5276,768,1396,0),
 (5277,767,1396,0),
 (5278,641,1397,0),
 (5279,642,1397,0),
 (5280,643,1397,1),
 (5281,644,1397,0),
 (5282,878,1398,0),
 (5283,876,1398,0),
 (5284,877,1398,1),
 (5285,811,1399,0),
 (5286,809,1399,0),
 (5287,810,1399,1),
 (5288,753,1400,0),
 (5289,754,1400,1),
 (5290,752,1400,0),
 (5291,897,1401,0),
 (5292,898,1401,0),
 (5293,899,1401,0),
 (5294,896,1401,0),
 (5295,900,1401,0),
 (5296,895,1401,1),
 (5297,902,1401,0),
 (5298,901,1401,0),
 (5299,960,1402,1),
 (5300,964,1402,0),
 (5301,961,1402,0),
 (5302,962,1402,0),
 (5303,963,1402,0),
 (5304,956,1403,0),
 (5305,955,1403,0),
 (5306,958,1403,0),
 (5307,957,1403,1),
 (5308,959,1403,0),
 (5309,954,1403,0),
 (5310,629,1404,0),
 (5311,634,1404,0),
 (5312,632,1404,0),
 (5313,633,1404,0),
 (5314,635,1404,0),
 (5315,630,1404,0),
 (5316,631,1404,1),
 (5317,683,1405,0),
 (5318,684,1405,0),
 (5319,685,1405,1),
 (5320,666,1406,1),
 (5321,665,1406,0),
 (5322,663,1406,0),
 (5323,664,1406,0),
 (5324,806,1407,0),
 (5325,808,1407,0),
 (5326,807,1407,1),
 (5327,785,1408,1),
 (5328,786,1408,0),
 (5329,787,1408,0),
 (5330,864,1409,0),
 (5331,863,1409,0),
 (5332,865,1409,1),
 (5333,739,1410,0),
 (5334,738,1410,0),
 (5335,737,1410,1),
 (5336,766,1411,1),
 (5337,764,1411,0),
 (5338,765,1411,0),
 (5339,615,1412,0),
 (5340,616,1412,1),
 (5341,617,1412,0),
 (5342,653,1413,0),
 (5343,654,1413,0),
 (5344,655,1413,1),
 (5345,755,1414,0),
 (5346,756,1414,1),
 (5347,757,1414,0),
 (5348,776,1415,0),
 (5349,778,1415,0),
 (5350,777,1415,1),
 (5351,995,1416,1),
 (5352,996,1416,0),
 (5353,998,1416,0),
 (5354,997,1416,0),
 (5355,994,1416,0),
 (5356,993,1416,0),
 (5357,747,1417,1),
 (5358,746,1417,0),
 (5359,748,1417,0),
 (5360,971,1418,0),
 (5361,972,1418,1),
 (5362,973,1418,0),
 (5363,974,1418,0),
 (5364,674,1419,1),
 (5365,673,1419,0),
 (5366,672,1419,0),
 (5367,671,1419,0),
 (5368,779,1420,0),
 (5369,780,1420,1),
 (5370,781,1420,0),
 (5371,866,1421,0),
 (5372,868,1421,0),
 (5373,867,1421,1),
 (5374,682,1422,1),
 (5375,680,1422,0),
 (5376,681,1422,0),
 (5377,679,1422,0),
 (5378,861,1423,0),
 (5379,862,1423,0),
 (5380,860,1423,1),
 (5381,789,1424,1),
 (5382,788,1424,0),
 (5383,790,1424,0),
 (5384,819,1425,0),
 (5385,820,1425,0),
 (5386,821,1425,1),
 (5387,822,1425,0),
 (5388,826,1426,0),
 (5389,825,1426,0),
 (5390,824,1426,0),
 (5391,823,1426,1),
 (5392,774,1427,1),
 (5393,775,1427,0),
 (5394,773,1427,0),
 (5395,626,1428,0),
 (5396,625,1428,0),
 (5397,628,1428,0),
 (5398,627,1428,1),
 (5399,784,1429,0),
 (5400,782,1429,1),
 (5401,783,1429,0),
 (5402,690,1430,0),
 (5403,691,1430,0),
 (5404,692,1430,0),
 (5405,656,1431,0),
 (5406,657,1431,1),
 (5407,658,1431,0),
 (5408,989,1432,0),
 (5409,988,1432,0),
 (5410,987,1432,0),
 (5411,986,1432,0),
 (5412,990,1432,1),
 (5413,991,1432,0),
 (5414,992,1432,0),
 (5415,708,1433,0),
 (5416,711,1433,0),
 (5417,709,1433,1),
 (5418,710,1433,0),
 (5419,745,1434,0),
 (5420,744,1434,1),
 (5421,743,1434,0),
 (5422,678,1435,1),
 (5423,675,1435,0),
 (5424,677,1435,0),
 (5425,676,1435,0),
 (5426,844,1436,0),
 (5427,845,1436,0),
 (5428,847,1436,0),
 (5429,846,1436,1),
 (5430,761,1437,1),
 (5431,763,1437,0),
 (5432,762,1437,0),
 (5433,800,1438,0),
 (5434,802,1438,0),
 (5435,801,1438,1),
 (5436,730,1439,0),
 (5437,729,1439,1),
 (5438,728,1439,0),
 (5439,939,1440,0),
 (5440,935,1440,0),
 (5441,937,1440,0),
 (5442,936,1440,0),
 (5443,934,1440,1),
 (5444,938,1440,0),
 (5445,933,1440,0),
 (5446,712,1441,0),
 (5447,715,1441,0),
 (5448,713,1441,1),
 (5449,714,1441,0),
 (5450,699,1442,0),
 (5451,701,1442,0),
 (5452,700,1442,1),
 (5453,850,1443,0),
 (5454,848,1443,0),
 (5455,849,1443,1),
 (5456,718,1444,1),
 (5457,717,1444,0),
 (5458,719,1444,0),
 (5459,720,1444,0),
 (5460,716,1444,0),
 (5461,875,1445,0),
 (5462,874,1445,1),
 (5463,872,1445,0),
 (5464,873,1445,0),
 (5465,703,1446,0),
 (5466,702,1446,0),
 (5467,704,1446,1),
 (5468,735,1447,0),
 (5469,736,1447,1),
 (5470,734,1447,0),
 (5471,694,1448,0),
 (5472,695,1448,0),
 (5473,693,1448,1),
 (5474,1213,1449,1),
 (5475,1212,1449,0),
 (5476,1211,1449,0),
 (5477,1209,1449,0),
 (5478,1210,1449,0),
 (5479,1208,1449,0),
 (5480,1178,1450,0),
 (5481,1177,1450,1),
 (5482,1176,1450,0),
 (5483,1180,1450,0),
 (5484,1179,1450,0),
 (5485,1193,1451,0),
 (5486,1192,1451,1),
 (5487,1191,1451,0),
 (5488,1190,1451,0),
 (5489,1305,1452,0),
 (5490,1304,1452,1),
 (5491,1231,1453,1),
 (5492,1230,1453,0),
 (5493,1232,1453,0),
 (5494,1296,1454,0),
 (5495,1299,1454,0),
 (5496,1297,1454,1),
 (5497,1298,1454,0),
 (5498,1181,1455,0),
 (5499,1182,1455,1),
 (5500,1183,1455,0),
 (5501,1222,1456,0),
 (5502,1223,1456,1),
 (5503,1224,1456,0),
 (5504,1225,1456,0),
 (5505,1185,1457,0),
 (5506,1186,1457,0),
 (5507,1187,1457,0),
 (5508,1184,1457,1),
 (5509,1199,1458,0),
 (5510,1198,1458,0),
 (5511,1196,1458,0),
 (5512,1197,1458,1),
 (5513,1312,1459,0),
 (5514,1310,1459,0),
 (5515,1313,1459,0),
 (5516,1311,1459,1),
 (5517,1200,1460,1),
 (5518,1202,1460,0),
 (5519,1201,1460,0),
 (5520,1203,1460,0),
 (5521,1218,1461,0),
 (5522,1217,1461,0),
 (5523,1220,1461,1),
 (5524,1221,1461,0),
 (5525,1219,1461,0),
 (5526,1188,1462,0),
 (5527,1189,1462,1),
 (5528,1280,1463,1),
 (5529,1281,1463,0),
 (5530,1282,1463,0),
 (5531,1283,1463,0),
 (5532,1216,1464,0),
 (5533,1215,1464,1),
 (5534,1214,1464,0),
 (5535,1228,1465,0),
 (5536,1227,1465,0),
 (5537,1226,1465,1),
 (5538,1229,1465,0),
 (5539,1207,1466,0),
 (5540,1204,1466,0),
 (5541,1206,1466,1),
 (5542,1205,1466,0),
 (5543,1234,1468,1),
 (5544,1236,1468,0),
 (5545,1233,1468,0),
 (5546,1235,1468,0),
 (5547,1277,1469,0),
 (5548,1279,1469,0),
 (5549,1278,1469,1),
 (5550,1276,1469,0),
 (5551,1245,1470,0),
 (5552,1247,1470,0),
 (5553,1244,1470,0),
 (5554,1246,1470,1),
 (5555,1274,1471,0),
 (5556,1275,1471,1),
 (5557,1273,1471,0),
 (5558,1272,1471,0),
 (5559,1239,1472,0),
 (5560,1237,1472,1),
 (5561,1238,1472,0),
 (5562,1293,1473,0),
 (5563,1295,1473,0),
 (5564,1292,1473,1),
 (5565,1294,1473,0),
 (5566,1286,1474,0),
 (5567,1287,1474,1),
 (5568,1285,1474,0),
 (5569,1284,1474,0),
 (5570,1306,1475,0),
 (5571,1309,1475,0),
 (5572,1307,1475,0),
 (5573,1308,1475,1),
 (5574,1195,1476,1),
 (5575,1194,1476,0),
 (5576,1242,1477,0),
 (5577,1243,1477,0),
 (5578,1241,1477,0),
 (5579,1240,1477,1),
 (5580,1104,1478,0),
 (5581,1103,1478,1),
 (5582,1105,1478,0),
 (5583,1144,1479,0),
 (5584,1141,1479,0),
 (5585,1142,1479,0),
 (5586,1143,1479,0),
 (5587,1145,1479,0),
 (5588,1146,1479,1),
 (5589,1266,1480,1),
 (5590,1267,1480,0),
 (5591,1264,1480,0),
 (5592,1265,1480,0),
 (5593,1116,1481,0),
 (5594,1117,1481,0),
 (5595,1114,1481,0),
 (5596,1115,1481,1),
 (5597,1155,1482,0),
 (5598,1154,1482,0),
 (5599,1156,1482,1),
 (5600,1151,1483,0),
 (5601,1152,1483,1),
 (5602,1153,1483,0),
 (5603,1130,1484,0),
 (5604,1131,1484,0),
 (5605,1133,1484,0),
 (5606,1132,1484,1),
 (5607,1100,1485,0),
 (5608,1099,1485,1),
 (5609,1101,1485,0),
 (5610,1102,1485,0),
 (5611,1293,1486,0),
 (5612,1295,1486,0),
 (5613,1292,1486,1),
 (5614,1294,1486,0),
 (5615,1303,1487,0),
 (5616,1302,1487,0),
 (5617,1300,1487,0),
 (5618,1301,1487,1),
 (5619,1157,1488,0),
 (5620,1160,1488,0),
 (5621,1159,1488,0),
 (5622,1158,1488,1),
 (5623,1091,1489,0),
 (5624,1092,1489,0),
 (5625,1094,1489,0),
 (5626,1093,1489,1),
 (5627,1111,1490,0),
 (5628,1110,1490,1),
 (5629,1113,1490,0),
 (5630,1112,1490,0),
 (5631,1286,1491,0),
 (5632,1287,1491,1),
 (5633,1285,1491,0),
 (5634,1284,1491,0),
 (5635,1140,1492,1),
 (5636,1139,1492,0),
 (5637,1138,1492,0),
 (5638,1136,1492,0),
 (5639,1137,1492,0),
 (5640,1134,1492,0),
 (5641,1135,1492,0),
 (5642,1129,1493,0),
 (5643,1127,1493,0),
 (5644,1128,1493,1),
 (5645,1126,1493,0),
 (5646,1277,1494,0),
 (5647,1279,1494,0),
 (5648,1278,1494,1),
 (5649,1276,1494,0),
 (5650,1150,1495,0),
 (5651,1148,1495,0),
 (5652,1147,1495,0),
 (5653,1149,1495,1),
 (5654,1314,1496,1),
 (5655,1315,1496,0),
 (5656,1317,1496,0),
 (5657,1316,1496,0),
 (5658,1174,1497,0),
 (5659,1175,1497,1),
 (5660,1173,1497,0),
 (5661,1172,1497,0),
 (5662,1263,1498,0),
 (5663,1262,1498,0),
 (5664,1260,1498,1),
 (5665,1261,1498,0),
 (5666,1296,1499,0),
 (5667,1299,1499,0),
 (5668,1297,1499,1),
 (5669,1298,1499,0),
 (5670,1253,1500,0),
 (5671,1255,1500,0),
 (5672,1254,1500,1),
 (5673,1120,1501,0),
 (5674,1121,1501,0),
 (5675,1118,1501,0),
 (5676,1119,1501,1),
 (5677,1125,1502,1),
 (5678,1124,1502,0),
 (5679,1122,1502,0),
 (5680,1123,1502,0),
 (5681,1090,1504,0),
 (5682,1088,1504,0),
 (5683,1089,1504,1),
 (5684,1168,1505,0),
 (5685,1170,1505,0),
 (5686,1171,1505,1),
 (5687,1169,1505,0),
 (5688,1306,1506,0),
 (5689,1309,1506,0),
 (5690,1307,1506,0),
 (5691,1308,1506,1),
 (5692,1107,1507,0),
 (5693,1108,1507,0),
 (5694,1109,1507,1),
 (5695,1106,1507,0),
 (5696,722,1508,0),
 (5697,724,1508,0),
 (5698,723,1508,1),
 (5699,721,1508,0),
 (5700,845,1509,1),
 (5701,847,1509,0),
 (5702,846,1509,0),
 (5703,844,1509,0),
 (5704,1422,1510,1),
 (5705,1421,1510,0),
 (5706,833,1511,0),
 (5707,832,1511,0),
 (5708,831,1511,0),
 (5709,835,1511,1),
 (5710,834,1511,0),
 (5711,861,1512,0),
 (5712,862,1512,0),
 (5713,860,1512,1),
 (5714,745,1513,0),
 (5715,744,1513,1),
 (5716,743,1513,0),
 (5717,1425,1514,0),
 (5718,1423,1514,0),
 (5719,1424,1514,1),
 (5720,828,1515,0),
 (5721,827,1515,1),
 (5722,829,1515,0),
 (5723,830,1515,0),
 (5724,852,1516,0),
 (5725,853,1516,1),
 (5726,851,1516,0),
 (5727,1416,1517,0),
 (5728,1414,1517,1),
 (5729,1415,1517,0),
 (5730,1404,1518,0),
 (5731,1402,1518,1),
 (5732,1403,1518,0),
 (5733,855,1519,0),
 (5734,856,1519,1),
 (5735,854,1519,0),
 (5736,819,1520,0),
 (5737,820,1520,0),
 (5738,821,1520,1),
 (5739,822,1520,0),
 (5740,696,1521,0),
 (5741,697,1521,0),
 (5742,698,1521,1),
 (5743,1388,1522,1),
 (5744,1387,1522,0),
 (5745,1389,1522,0),
 (5746,842,1523,0),
 (5747,843,1523,1),
 (5748,840,1523,0),
 (5749,841,1523,0),
 (5750,703,1524,0),
 (5751,702,1524,0),
 (5752,704,1524,1),
 (5753,1398,1525,0),
 (5754,1396,1525,1),
 (5755,1397,1525,0),
 (5756,864,1526,0),
 (5757,863,1526,0),
 (5758,865,1526,1),
 (5759,1385,1527,0),
 (5760,1386,1527,0),
 (5761,1384,1527,1),
 (5762,1395,1528,0),
 (5763,1394,1528,0),
 (5764,1393,1528,1),
 (5765,749,1529,0),
 (5766,751,1529,0),
 (5767,750,1529,1),
 (5768,1436,1530,0),
 (5769,1435,1530,1),
 (5770,1440,1531,1),
 (5771,1441,1531,0),
 (5772,725,1532,1),
 (5773,726,1532,0),
 (5774,727,1532,0),
 (5775,1383,1533,0),
 (5776,1382,1533,1),
 (5777,1381,1533,0),
 (5778,1388,1534,1),
 (5779,1387,1534,0),
 (5780,1389,1534,0),
 (5781,749,1535,1),
 (5782,751,1535,0),
 (5783,750,1535,0),
 (5784,1436,1536,0),
 (5785,1435,1536,1),
 (5786,864,1537,0),
 (5787,863,1537,0),
 (5788,865,1537,1),
 (5789,739,1538,0),
 (5790,738,1538,0),
 (5791,737,1538,1),
 (5792,732,1539,1),
 (5793,733,1539,0),
 (5794,731,1539,0),
 (5795,1420,1540,1),
 (5796,1419,1540,0),
 (5797,752,1541,0),
 (5798,753,1541,0),
 (5799,754,1541,1),
 (5800,1428,1542,0),
 (5801,1429,1542,0),
 (5802,1430,1542,1),
 (5803,848,1543,0),
 (5804,849,1543,1),
 (5805,850,1543,0),
 (5806,1426,1544,1),
 (5807,1427,1544,0),
 (5808,828,1545,1),
 (5809,827,1545,0),
 (5810,829,1545,0),
 (5811,830,1545,0),
 (5812,1416,1546,0),
 (5813,1414,1546,1),
 (5814,1415,1546,0),
 (5815,1425,1547,0),
 (5816,1423,1547,0),
 (5817,1424,1547,1),
 (5818,735,1548,1),
 (5819,736,1548,0),
 (5820,734,1548,0),
 (5821,842,1549,1),
 (5822,843,1549,0),
 (5823,840,1549,0),
 (5824,841,1549,0),
 (5825,1413,1550,0),
 (5826,1412,1550,0),
 (5827,1411,1550,1),
 (5828,690,1551,0),
 (5829,691,1551,1),
 (5830,692,1551,0),
 (5831,1401,1552,0),
 (5832,1399,1552,1),
 (5833,1400,1552,0),
 (5834,1432,1553,0),
 (5835,1434,1553,1),
 (5836,1433,1553,0),
 (5837,1431,1553,0),
 (5838,855,1554,0),
 (5839,856,1554,0),
 (5840,854,1554,1),
 (5841,819,1555,1),
 (5842,820,1555,0),
 (5843,821,1555,0),
 (5844,822,1555,0),
 (5845,1385,1556,0),
 (5846,1386,1556,0),
 (5847,1384,1556,1),
 (5848,826,1557,0),
 (5849,825,1557,1),
 (5850,824,1557,0),
 (5851,823,1557,0),
 (5852,1398,1558,0),
 (5853,1396,1558,0),
 (5854,1397,1558,1),
 (5855,1440,1559,0),
 (5856,1441,1559,1),
 (5857,1416,1560,0),
 (5858,1414,1560,1),
 (5859,1415,1560,0),
 (5860,1417,1561,0),
 (5861,1418,1561,1),
 (5862,1332,1562,0),
 (5863,1331,1562,0),
 (5864,1349,1563,0),
 (5865,1348,1563,0),
 (5866,1363,1564,0),
 (5867,1364,1564,0),
 (5868,1362,1564,0),
 (5869,712,1565,0),
 (5870,715,1565,0),
 (5871,713,1565,0),
 (5872,714,1565,0),
 (5873,852,1566,0),
 (5874,853,1566,0),
 (5875,851,1566,0),
 (5876,734,1567,0),
 (5877,735,1567,0),
 (5878,736,1567,0),
 (5879,1339,1568,0),
 (5880,1337,1568,0),
 (5881,1338,1568,0),
 (5882,1336,1568,0),
 (5883,724,1569,0),
 (5884,722,1569,0),
 (5885,723,1569,0),
 (5886,721,1569,0),
 (5887,837,1570,0),
 (5888,839,1570,0),
 (5889,838,1570,1),
 (5890,836,1570,0),
 (5891,733,1571,0),
 (5892,731,1571,0),
 (5893,732,1571,1),
 (5894,1407,1572,0),
 (5895,1406,1572,1),
 (5896,1405,1572,0),
 (5897,1335,1573,0),
 (5898,1334,1573,0),
 (5899,1333,1573,0),
 (5900,1354,1574,0),
 (5901,1355,1574,0),
 (5902,1353,1574,0),
 (5903,747,1575,0),
 (5904,746,1575,0),
 (5905,748,1575,0),
 (5906,1398,1576,0),
 (5907,1396,1576,1),
 (5908,1397,1576,0),
 (5909,1440,1577,1),
 (5910,1441,1577,0),
 (5911,1328,1578,0),
 (5912,1327,1578,0),
 (5913,1329,1578,0),
 (5914,1330,1578,0),
 (5915,1385,1579,0),
 (5916,1386,1579,1),
 (5917,1384,1579,0),
 (5918,1361,1580,0),
 (5919,1360,1580,0),
 (5920,1359,1580,0),
 (5921,753,1581,0),
 (5922,754,1581,0),
 (5923,752,1581,0),
 (5924,1368,1582,0),
 (5925,1369,1582,0),
 (5926,1370,1582,0),
 (5927,1395,1583,0),
 (5928,1394,1583,0),
 (5929,1393,1583,1),
 (5930,1344,1584,0),
 (5931,1347,1584,0),
 (5932,1346,1584,0),
 (5933,1343,1584,0),
 (5934,1345,1584,0),
 (5935,741,1585,0),
 (5936,740,1585,0),
 (5937,742,1585,0),
 (5938,1434,1586,1),
 (5939,1433,1586,0),
 (5940,1431,1586,0),
 (5941,1432,1586,0),
 (5942,1377,1587,0),
 (5943,1379,1587,0),
 (5944,1380,1587,0),
 (5945,1378,1587,0),
 (5946,1341,1588,0),
 (5947,1342,1588,0),
 (5948,1340,1588,0),
 (5949,739,1589,0),
 (5950,738,1589,0),
 (5951,737,1589,0),
 (5952,716,1590,0),
 (5953,718,1590,0),
 (5954,717,1590,0),
 (5955,719,1590,0),
 (5956,720,1590,0),
 (5957,705,1591,0),
 (5958,707,1591,0),
 (5959,706,1591,0),
 (5960,747,1592,0),
 (5961,746,1592,1),
 (5962,748,1592,0),
 (5963,1344,1593,0),
 (5964,1347,1593,0),
 (5965,1346,1593,0),
 (5966,1343,1593,0),
 (5967,1345,1593,1),
 (5968,705,1594,1),
 (5969,707,1594,0),
 (5970,706,1594,0),
 (5971,753,1595,0),
 (5972,754,1595,1),
 (5973,752,1595,0),
 (5974,1341,1596,0),
 (5975,1342,1596,0),
 (5976,1340,1596,1),
 (5977,1339,1597,0),
 (5978,1337,1597,0),
 (5979,1338,1597,1),
 (5980,1336,1597,0),
 (5981,861,1598,0),
 (5982,862,1598,0),
 (5983,860,1598,1),
 (5984,1440,1599,0),
 (5985,1441,1599,1),
 (5986,852,1600,1),
 (5987,853,1600,0),
 (5988,851,1600,0),
 (5989,815,1601,0),
 (5990,818,1601,1),
 (5991,817,1601,0),
 (5992,816,1601,0),
 (5993,724,1602,0),
 (5994,722,1602,0),
 (5995,723,1602,1),
 (5996,721,1602,0),
 (5997,828,1603,0),
 (5998,827,1603,1),
 (5999,829,1603,0),
 (6000,830,1603,0),
 (6001,1361,1604,1),
 (6002,1360,1604,0),
 (6003,1359,1604,0),
 (6004,741,1605,0),
 (6005,740,1605,1),
 (6006,742,1605,0),
 (6007,1363,1606,0),
 (6008,1364,1606,0),
 (6009,1362,1606,1),
 (6010,1328,1607,1),
 (6011,1327,1607,0),
 (6012,1329,1607,0),
 (6013,1330,1607,0),
 (6014,1419,1608,0),
 (6015,1420,1608,1),
 (6016,739,1609,0),
 (6017,738,1609,0),
 (6018,737,1609,1),
 (6019,745,1610,0),
 (6020,744,1610,1),
 (6021,743,1610,0),
 (6022,1368,1611,0),
 (6023,1369,1611,1),
 (6024,1370,1611,0),
 (6025,1350,1612,0),
 (6026,1351,1612,1),
 (6027,1352,1612,0),
 (6028,701,1613,0),
 (6029,699,1613,0),
 (6030,700,1613,1),
 (6031,1354,1614,0),
 (6032,1355,1614,0),
 (6033,1353,1614,1),
 (6034,1436,1615,0),
 (6035,1435,1615,1),
 (6036,1398,1616,1),
 (6037,1396,1616,0),
 (6038,1397,1616,0),
 (6039,696,1617,0),
 (6040,697,1617,0),
 (6041,698,1617,1),
 (6042,1392,1618,1),
 (6043,1391,1618,0),
 (6044,1390,1618,0),
 (6045,1411,1619,0),
 (6046,1413,1619,1),
 (6047,1412,1619,0),
 (6048,1377,1620,1),
 (6049,1379,1620,0),
 (6050,1380,1620,0),
 (6051,1378,1620,0),
 (6052,1349,1621,0),
 (6053,1348,1621,1),
 (6054,716,1622,0),
 (6055,718,1622,1),
 (6056,717,1622,0),
 (6057,719,1622,0),
 (6058,720,1622,0),
 (6059,1335,1623,0),
 (6060,1334,1623,1),
 (6061,1333,1623,0),
 (6062,739,1624,0),
 (6063,738,1624,0),
 (6064,737,1624,1),
 (6065,850,1625,0),
 (6066,848,1625,1),
 (6067,849,1625,0),
 (6068,1350,1626,0),
 (6069,1351,1626,1),
 (6070,1352,1626,0),
 (6071,694,1627,0),
 (6072,695,1627,0),
 (6073,693,1627,1),
 (6074,1354,1628,0),
 (6075,1355,1628,0),
 (6076,1353,1628,1),
 (6077,1339,1629,1),
 (6078,1337,1629,0),
 (6079,1338,1629,0),
 (6080,1336,1629,0),
 (6081,703,1630,0),
 (6082,702,1630,0),
 (6083,704,1630,1),
 (6084,841,1631,0),
 (6085,842,1631,1),
 (6086,843,1631,0),
 (6087,840,1631,0),
 (6088,1328,1632,0),
 (6089,1327,1632,1),
 (6090,1329,1632,0),
 (6091,1330,1632,0),
 (6092,725,1633,1),
 (6093,726,1633,0),
 (6094,727,1633,0),
 (6095,1344,1634,0),
 (6096,1347,1634,0),
 (6097,1346,1634,0),
 (6098,1343,1634,0),
 (6099,1345,1634,1),
 (6100,1361,1635,1),
 (6101,1360,1635,0),
 (6102,1359,1635,0),
 (6103,733,1636,0),
 (6104,731,1636,1),
 (6105,732,1636,0),
 (6106,1417,1637,1),
 (6107,1418,1637,0),
 (6108,696,1638,0),
 (6109,697,1638,0),
 (6110,698,1638,1),
 (6111,1419,1639,0),
 (6112,1420,1639,1),
 (6113,1341,1640,0),
 (6114,1342,1640,0),
 (6115,1340,1640,1),
 (6116,690,1641,0),
 (6117,691,1641,1),
 (6118,692,1641,0),
 (6119,1398,1642,0),
 (6120,1396,1642,1),
 (6121,1397,1642,0),
 (6122,1434,1643,1),
 (6123,1433,1643,0),
 (6124,1431,1643,0),
 (6125,1432,1643,0),
 (6126,745,1644,0),
 (6127,744,1644,1),
 (6128,743,1644,0),
 (6129,1368,1645,0),
 (6130,1369,1645,1),
 (6131,1370,1645,0),
 (6132,1392,1646,1),
 (6133,1391,1646,0),
 (6134,1390,1646,0),
 (6135,858,1647,0),
 (6136,859,1647,0),
 (6137,857,1647,1),
 (6138,1349,1648,0),
 (6139,1348,1648,1),
 (6140,1335,1649,1),
 (6141,1334,1649,0),
 (6142,1333,1649,0),
 (6143,708,1650,0),
 (6144,711,1650,0),
 (6145,709,1650,1),
 (6146,710,1650,0),
 (6147,815,1651,0),
 (6148,818,1651,1),
 (6149,817,1651,0),
 (6150,816,1651,0),
 (6151,724,1652,0),
 (6152,722,1652,0),
 (6153,723,1652,1),
 (6154,721,1652,0),
 (6155,1377,1653,0),
 (6156,1379,1653,1),
 (6157,1380,1653,0),
 (6158,1378,1653,0),
 (6159,1363,1654,0),
 (6160,1364,1654,0),
 (6161,1362,1654,1),
 (6162,1388,1655,1),
 (6163,1387,1655,0),
 (6164,1389,1655,0),
 (6165,1401,1656,1),
 (6166,1399,1656,0),
 (6167,1400,1656,0),
 (6168,868,1657,0),
 (6169,867,1657,1),
 (6170,866,1657,0),
 (6171,1341,1658,0),
 (6172,1342,1658,0),
 (6173,1340,1658,0),
 (6174,864,1659,0),
 (6175,863,1659,1),
 (6176,865,1659,0),
 (6177,1350,1660,0),
 (6178,1351,1660,0),
 (6179,1352,1660,0),
 (6180,1419,1661,0),
 (6181,1420,1661,1),
 (6182,696,1662,1),
 (6183,697,1662,0),
 (6184,698,1662,0),
 (6185,1383,1663,1),
 (6186,1382,1663,0),
 (6187,1381,1663,0),
 (6188,826,1664,0),
 (6189,825,1664,0),
 (6190,824,1664,0),
 (6191,823,1664,1),
 (6192,1395,1665,1),
 (6193,1394,1665,0),
 (6194,1393,1665,0),
 (6195,1407,1666,0),
 (6196,1406,1666,0),
 (6197,1405,1666,0),
 (6198,1440,1667,1),
 (6199,1441,1667,0),
 (6200,1392,1668,1),
 (6201,1391,1668,0),
 (6202,1390,1668,0),
 (6203,1385,1669,1),
 (6204,1386,1669,0),
 (6205,1384,1669,0),
 (6206,1332,1670,0),
 (6207,1331,1670,0),
 (6208,741,1671,0),
 (6209,740,1671,0),
 (6210,742,1671,1),
 (6211,1339,1672,0),
 (6212,1337,1672,0),
 (6213,1338,1672,0),
 (6214,1336,1672,0),
 (6215,828,1673,0),
 (6216,827,1673,1),
 (6217,829,1673,0),
 (6218,830,1673,0),
 (6219,1411,1674,0),
 (6220,1413,1674,0),
 (6221,1412,1674,0),
 (6222,858,1675,0),
 (6223,859,1675,0),
 (6224,857,1675,1),
 (6225,1417,1676,1),
 (6226,1418,1676,0),
 (6227,1368,1677,0),
 (6228,1369,1677,0),
 (6229,1370,1677,0),
 (6230,1422,1678,0),
 (6231,1421,1678,1),
 (6232,837,1679,0),
 (6233,839,1679,0),
 (6234,838,1679,0),
 (6235,836,1679,1),
 (6236,1434,1680,0),
 (6237,1433,1680,0),
 (6238,1431,1680,0),
 (6239,1432,1680,0),
 (6240,845,1681,0),
 (6241,847,1681,0),
 (6242,846,1681,0),
 (6243,844,1681,0),
 (6244,872,1682,0),
 (6245,873,1682,0),
 (6246,875,1682,0),
 (6247,874,1682,1),
 (6248,815,1683,0),
 (6249,818,1683,1),
 (6250,817,1683,0),
 (6251,816,1683,0),
 (6252,1388,1684,1),
 (6253,1387,1684,0),
 (6254,1389,1684,0),
 (6255,750,1685,0),
 (6256,749,1685,0),
 (6257,751,1685,0),
 (6258,753,1686,0),
 (6259,754,1686,1),
 (6260,752,1686,0),
 (6261,1404,1687,0),
 (6262,1402,1687,0),
 (6263,1403,1687,1),
 (6264,852,1688,1),
 (6265,853,1688,0),
 (6266,851,1688,0),
 (6267,716,1689,0),
 (6268,718,1689,1),
 (6269,717,1689,0),
 (6270,719,1689,0),
 (6271,720,1689,0),
 (6272,1408,1690,0),
 (6273,1409,1690,0),
 (6274,1410,1690,1),
 (6275,1426,1691,1),
 (6276,1427,1691,0),
 (6277,690,1692,0),
 (6278,691,1692,1),
 (6279,692,1692,0),
 (6280,1436,1693,0),
 (6281,1435,1693,1),
 (6282,855,1694,1),
 (6283,856,1694,0),
 (6284,854,1694,0),
 (6285,705,1695,0),
 (6286,707,1695,0),
 (6287,706,1695,0),
 (6288,1416,1696,0),
 (6289,1414,1696,1),
 (6290,1415,1696,0),
 (6291,747,1697,0),
 (6292,746,1697,0),
 (6293,748,1697,1),
 (6294,869,1698,0),
 (6295,871,1698,1),
 (6296,870,1698,0),
 (6297,1377,1699,0),
 (6298,1379,1699,1),
 (6299,1380,1699,0),
 (6300,1378,1699,0),
 (6301,1368,1700,0),
 (6302,1369,1700,1),
 (6303,1370,1700,0),
 (6304,1425,1701,0),
 (6305,1423,1701,0),
 (6306,1424,1701,1),
 (6307,1328,1702,1),
 (6308,1327,1702,0),
 (6309,1329,1702,0),
 (6310,1330,1702,0),
 (6311,1361,1703,1),
 (6312,1360,1703,0),
 (6313,1359,1703,0),
 (6314,1385,1704,1),
 (6315,1386,1704,0),
 (6316,1384,1704,0),
 (6317,716,1705,1),
 (6318,718,1705,0),
 (6319,717,1705,0),
 (6320,719,1705,0),
 (6321,720,1705,0),
 (6322,739,1706,1),
 (6323,738,1706,0),
 (6324,737,1706,0),
 (6325,705,1707,1),
 (6326,707,1707,0),
 (6327,706,1707,0),
 (6328,750,1708,0),
 (6329,749,1708,1),
 (6330,751,1708,0),
 (6331,1354,1709,1),
 (6332,1355,1709,0),
 (6333,1353,1709,0),
 (6334,725,1710,1),
 (6335,726,1710,0),
 (6336,727,1710,0),
 (6337,1436,1711,0),
 (6338,1435,1711,1),
 (6339,1363,1712,0),
 (6340,1364,1712,1),
 (6341,1362,1712,0),
 (6342,1335,1713,0),
 (6343,1334,1713,1),
 (6344,1333,1713,0),
 (6345,1341,1714,1),
 (6346,1342,1714,0),
 (6347,1340,1714,0),
 (6348,864,1715,0),
 (6349,863,1715,0),
 (6350,865,1715,1),
 (6351,1417,1716,1),
 (6352,1418,1716,0),
 (6353,850,1717,0),
 (6354,848,1717,1),
 (6355,849,1717,0),
 (6356,741,1718,0),
 (6357,740,1718,1),
 (6358,742,1718,0),
 (6359,701,1719,0),
 (6360,699,1719,0),
 (6361,700,1719,1),
 (6362,1392,1720,1),
 (6363,1391,1720,0),
 (6364,1390,1720,0),
 (6365,745,1721,0),
 (6366,744,1721,1),
 (6367,743,1721,0),
 (6368,747,1722,0),
 (6369,746,1722,1),
 (6370,748,1722,0),
 (6371,1350,1723,0),
 (6372,1351,1723,1),
 (6373,1352,1723,0),
 (6374,696,1724,0),
 (6375,697,1724,0),
 (6376,698,1724,1),
 (6377,1395,1725,1),
 (6378,1394,1725,0),
 (6379,1393,1725,0),
 (6380,1434,1726,1),
 (6381,1433,1726,0),
 (6382,1431,1726,0),
 (6383,1432,1726,0),
 (6384,1344,1727,1),
 (6385,1347,1727,0),
 (6386,1346,1727,0),
 (6387,1343,1727,0),
 (6388,1345,1727,0),
 (6389,1416,1728,0),
 (6390,1414,1728,1),
 (6391,1415,1728,0),
 (6392,1332,1729,1),
 (6393,1331,1729,0),
 (6394,1349,1730,1),
 (6395,1348,1730,0),
 (6396,696,1731,0),
 (6397,697,1731,0),
 (6398,698,1731,1),
 (6399,866,1732,0),
 (6400,868,1732,0),
 (6401,867,1732,1),
 (6402,869,1733,1),
 (6403,871,1733,0),
 (6404,870,1733,0),
 (6405,640,1734,0),
 (6406,639,1734,1),
 (6407,638,1734,0),
 (6408,637,1734,0),
 (6409,636,1734,0),
 (6410,995,1735,1),
 (6411,996,1735,0),
 (6412,998,1735,0),
 (6413,997,1735,0),
 (6414,994,1735,0),
 (6415,993,1735,0),
 (6416,774,1736,1),
 (6417,775,1736,0),
 (6418,773,1736,0),
 (6419,690,1737,0),
 (6420,691,1737,1),
 (6421,692,1737,0),
 (6422,844,1738,0),
 (6423,845,1738,1),
 (6424,847,1738,0),
 (6425,846,1738,0),
 (6426,858,1739,0),
 (6427,859,1739,0),
 (6428,857,1739,1),
 (6429,980,1740,1),
 (6430,981,1740,0),
 (6431,975,1740,0),
 (6432,976,1740,0),
 (6433,979,1740,0),
 (6434,977,1740,0),
 (6435,978,1740,0),
 (6436,761,1741,0),
 (6437,763,1741,1),
 (6438,762,1741,0),
 (6439,708,1742,0),
 (6440,711,1742,0),
 (6441,709,1742,1),
 (6442,710,1742,0),
 (6443,789,1743,1),
 (6444,788,1743,0),
 (6445,790,1743,0),
 (6446,949,1744,0),
 (6447,948,1744,1),
 (6448,947,1744,0),
 (6449,953,1744,0),
 (6450,951,1744,0),
 (6451,950,1744,0),
 (6452,952,1744,0),
 (6453,666,1745,0),
 (6454,665,1745,0),
 (6455,663,1745,0),
 (6456,664,1745,1),
 (6457,776,1746,1),
 (6458,778,1746,0),
 (6459,777,1746,0),
 (6460,805,1747,1),
 (6461,803,1747,0),
 (6462,804,1747,0),
 (6463,705,1748,1),
 (6464,707,1748,0),
 (6465,706,1748,0),
 (6466,852,1749,1),
 (6467,853,1749,0),
 (6468,851,1749,0),
 (6469,699,1750,0),
 (6470,701,1750,0),
 (6471,700,1750,1),
 (6472,939,1751,0),
 (6473,935,1751,0),
 (6474,937,1751,0),
 (6475,936,1751,0),
 (6476,934,1751,1),
 (6477,938,1751,0),
 (6478,933,1751,0),
 (6479,875,1752,0),
 (6480,874,1752,1),
 (6481,872,1752,0),
 (6482,873,1752,0),
 (6483,750,1753,0),
 (6484,749,1753,1),
 (6485,751,1753,0),
 (6486,800,1754,0),
 (6487,802,1754,0),
 (6488,801,1754,1),
 (6489,1426,1755,1),
 (6490,1427,1755,0),
 (6491,1417,1756,1),
 (6492,1418,1756,0),
 (6493,687,1757,0),
 (6494,689,1757,1),
 (6495,688,1757,0),
 (6496,686,1757,0),
 (6497,755,1758,0),
 (6498,756,1758,1),
 (6499,757,1758,0),
 (6500,626,1759,0),
 (6501,625,1759,0),
 (6502,628,1759,0),
 (6503,627,1759,1),
 (6504,741,1760,0),
 (6505,740,1760,0),
 (6506,742,1760,1),
 (6507,629,1761,0),
 (6508,634,1761,0),
 (6509,632,1761,0),
 (6510,633,1761,1),
 (6511,635,1761,0),
 (6512,630,1761,1),
 (6513,631,1761,1),
 (6514,989,1762,0),
 (6515,988,1762,1),
 (6516,987,1762,0),
 (6517,986,1762,0),
 (6518,990,1762,0),
 (6519,991,1762,0),
 (6520,992,1762,0),
 (6521,819,1763,0),
 (6522,820,1763,0),
 (6523,821,1763,1),
 (6524,822,1763,0),
 (6525,1440,1764,0),
 (6526,1441,1764,1),
 (6527,747,1765,0),
 (6528,746,1765,1),
 (6529,748,1765,0),
 (6530,940,1766,0),
 (6531,941,1766,0),
 (6532,943,1766,0),
 (6533,942,1766,0),
 (6534,945,1766,0),
 (6535,944,1766,0),
 (6536,946,1766,1),
 (6537,653,1767,0),
 (6538,654,1767,0),
 (6539,655,1767,1),
 (6540,779,1768,0),
 (6541,780,1768,1),
 (6542,781,1768,0),
 (6543,735,1769,1),
 (6544,736,1769,0),
 (6545,734,1769,0),
 (6546,623,1770,0),
 (6547,624,1770,1),
 (6548,622,1770,0),
 (6549,1428,1771,1),
 (6550,1429,1771,0),
 (6551,1430,1771,0),
 (6552,745,1772,0),
 (6553,744,1772,1),
 (6554,743,1772,0),
 (6555,770,1773,1),
 (6556,771,1773,0),
 (6557,772,1773,0),
 (6558,739,1774,0),
 (6559,738,1774,0),
 (6560,737,1774,1),
 (6561,730,1775,0),
 (6562,729,1775,0),
 (6563,728,1775,1),
 (6564,725,1776,1),
 (6565,726,1776,0),
 (6566,727,1776,0),
 (6567,918,1777,0),
 (6568,915,1777,0),
 (6569,916,1777,0),
 (6570,911,1777,0),
 (6571,912,1777,0),
 (6572,913,1777,0),
 (6573,917,1777,1),
 (6574,914,1777,0),
 (6575,1000,1778,0),
 (6576,1001,1778,0),
 (6577,1004,1778,0),
 (6578,1005,1778,1),
 (6579,1003,1778,0),
 (6580,999,1778,0),
 (6581,1002,1778,0),
 (6582,656,1779,1),
 (6583,657,1779,0),
 (6584,658,1779,0),
 (6585,766,1780,1),
 (6586,764,1780,0),
 (6587,765,1780,0),
 (6588,796,1781,1),
 (6589,795,1781,0),
 (6590,794,1781,0),
 (6591,753,1782,0),
 (6592,754,1782,1),
 (6593,752,1782,0),
 (6594,1425,1783,0),
 (6595,1423,1783,0),
 (6596,1424,1783,1),
 (6597,703,1784,0),
 (6598,702,1784,0),
 (6599,704,1784,1),
 (6600,785,1785,1),
 (6601,786,1785,0),
 (6602,787,1785,0),
 (6603,1437,1786,1),
 (6604,1439,1786,0),
 (6605,1438,1786,0),
 (6606,712,1787,1),
 (6607,715,1787,0),
 (6608,713,1787,0),
 (6609,714,1787,0),
 (6610,1434,1788,1),
 (6611,1433,1788,0),
 (6612,1431,1788,0),
 (6613,1432,1788,0),
 (6614,760,1789,0),
 (6615,758,1789,0),
 (6616,759,1789,1),
 (6617,889,1790,0),
 (6618,890,1790,0),
 (6619,891,1790,1),
 (6620,894,1790,0),
 (6621,888,1790,0),
 (6622,893,1790,0),
 (6623,892,1790,0),
 (6624,674,1791,1),
 (6625,673,1791,0),
 (6626,672,1791,0),
 (6627,671,1791,0),
 (6628,1422,1792,1),
 (6629,1421,1792,0),
 (6630,724,1793,0),
 (6631,722,1793,1),
 (6632,723,1793,0),
 (6633,721,1793,0),
 (6634,835,1794,0),
 (6635,834,1794,0),
 (6636,833,1794,0),
 (6637,832,1794,0),
 (6638,831,1794,0),
 (6639,927,1795,0),
 (6640,929,1795,1),
 (6641,930,1795,0),
 (6642,932,1795,0),
 (6643,928,1795,0),
 (6644,931,1795,0),
 (6645,878,1796,0),
 (6646,876,1796,0),
 (6647,877,1796,1),
 (6648,850,1797,0),
 (6649,848,1797,0),
 (6650,849,1797,0),
 (6651,662,1798,0),
 (6652,661,1798,0),
 (6653,659,1798,1),
 (6654,660,1798,0),
 (6655,897,1799,1),
 (6656,898,1799,0),
 (6657,899,1799,0),
 (6658,896,1799,0),
 (6659,900,1799,0),
 (6660,895,1799,0),
 (6661,902,1799,0),
 (6662,901,1799,0),
 (6663,968,1800,0),
 (6664,969,1800,0),
 (6665,965,1800,1),
 (6666,970,1800,0),
 (6667,967,1800,0),
 (6668,966,1800,0),
 (6669,718,1801,1),
 (6670,717,1801,0),
 (6671,719,1801,0),
 (6672,720,1801,0),
 (6673,716,1801,0),
 (6674,667,1802,0),
 (6675,668,1802,0),
 (6676,669,1802,1),
 (6677,670,1802,0),
 (6678,982,1803,1),
 (6679,984,1803,0),
 (6680,985,1803,0),
 (6681,983,1803,0),
 (6682,799,1804,0),
 (6683,797,1804,0),
 (6684,798,1804,1),
 (6685,811,1805,0),
 (6686,809,1805,0),
 (6687,810,1805,1),
 (6688,906,1806,0),
 (6689,904,1806,0),
 (6690,905,1806,1),
 (6691,907,1806,0),
 (6692,903,1806,0),
 (6693,910,1806,0),
 (6694,909,1806,0),
 (6695,908,1806,0),
 (6696,649,1807,1),
 (6697,651,1807,0),
 (6698,652,1807,0),
 (6699,650,1807,0),
 (6700,769,1808,1),
 (6701,768,1808,0),
 (6702,767,1808,0),
 (6703,784,1809,0),
 (6704,782,1809,1),
 (6705,783,1809,0),
 (6706,1436,1810,0),
 (6707,1435,1810,1),
 (6708,956,1811,0),
 (6709,955,1811,1),
 (6710,958,1811,0),
 (6711,957,1811,0),
 (6712,959,1811,0),
 (6713,954,1811,0),
 (6714,733,1812,0),
 (6715,731,1812,0),
 (6716,732,1812,1),
 (6717,960,1813,0),
 (6718,964,1813,0),
 (6719,961,1813,0),
 (6720,962,1813,0),
 (6721,963,1813,1),
 (6722,694,1814,0),
 (6723,695,1814,0),
 (6724,693,1814,1),
 (6725,806,1815,1),
 (6726,808,1815,0),
 (6727,807,1815,0),
 (6728,1419,1816,0),
 (6729,1420,1816,1),
 (6730,683,1817,0),
 (6731,684,1817,0),
 (6732,685,1817,1),
 (6733,682,1818,1),
 (6734,680,1818,0),
 (6735,681,1818,0),
 (6736,679,1818,0),
 (6737,886,1819,0),
 (6738,885,1819,1),
 (6739,887,1819,0),
 (6740,883,1819,0),
 (6741,884,1819,0),
 (6742,882,1819,0),
 (6743,881,1819,0),
 (6744,879,1819,0),
 (6745,880,1819,0),
 (6746,925,1820,0),
 (6747,920,1820,1),
 (6748,926,1820,0),
 (6749,923,1820,0),
 (6750,924,1820,0),
 (6751,922,1820,0),
 (6752,921,1820,0),
 (6753,919,1820,0),
 (6754,837,1821,0),
 (6755,839,1821,0),
 (6756,838,1821,0),
 (6757,836,1821,1),
 (6758,678,1822,1),
 (6759,675,1822,0),
 (6760,677,1822,0),
 (6761,676,1822,0),
 (6762,812,1823,0),
 (6763,814,1823,0),
 (6764,813,1823,1),
 (6765,793,1824,0),
 (6766,792,1824,1),
 (6767,791,1824,0),
 (6768,971,1825,0),
 (6769,972,1825,1),
 (6770,973,1825,0),
 (6771,974,1825,0),
 (6772,615,1826,0),
 (6773,616,1826,1),
 (6774,617,1826,0),
 (6775,866,1827,0),
 (6776,868,1827,0),
 (6777,867,1827,1),
 (6778,615,1828,0),
 (6779,616,1828,0),
 (6780,617,1828,1),
 (6781,733,1829,0),
 (6782,731,1829,1),
 (6783,732,1829,0),
 (6784,819,1830,0),
 (6785,820,1830,0),
 (6786,821,1830,1),
 (6787,822,1830,0),
 (6788,799,1831,0),
 (6789,797,1831,0),
 (6790,798,1831,1),
 (6791,696,1832,0),
 (6792,697,1832,0),
 (6793,698,1832,1),
 (6794,784,1833,0),
 (6795,782,1833,1),
 (6796,783,1833,0),
 (6797,750,1834,0),
 (6798,749,1834,0),
 (6799,751,1834,0),
 (6800,1422,1835,1),
 (6801,1421,1835,0),
 (6802,776,1836,0),
 (6803,778,1836,0),
 (6804,777,1836,1),
 (6805,640,1837,0),
 (6806,639,1837,0),
 (6807,638,1837,0),
 (6808,637,1837,1),
 (6809,636,1837,0),
 (6810,629,1838,0),
 (6811,634,1838,0),
 (6812,632,1838,0),
 (6813,633,1838,0),
 (6814,635,1838,1),
 (6815,630,1838,0),
 (6816,631,1838,0),
 (6817,925,1839,0),
 (6818,920,1839,0),
 (6819,926,1839,1),
 (6820,923,1839,0),
 (6821,924,1839,0),
 (6822,922,1839,0),
 (6823,921,1839,0),
 (6824,919,1839,0),
 (6825,878,1840,0),
 (6826,876,1840,0),
 (6827,877,1840,1),
 (6828,666,1841,1),
 (6829,665,1841,0),
 (6830,663,1841,0),
 (6831,664,1841,0),
 (6832,960,1842,0),
 (6833,964,1842,0),
 (6834,961,1842,0),
 (6835,962,1842,0),
 (6836,963,1842,1),
 (6837,906,1843,0),
 (6838,904,1843,0),
 (6839,905,1843,0),
 (6840,907,1843,1),
 (6841,903,1843,0),
 (6842,910,1843,0),
 (6843,909,1843,0),
 (6844,908,1843,0),
 (6845,662,1844,1),
 (6846,661,1844,0),
 (6847,659,1844,0),
 (6848,660,1844,0),
 (6849,858,1845,0),
 (6850,859,1845,0),
 (6851,857,1845,1),
 (6852,837,1846,0),
 (6853,839,1846,0),
 (6854,838,1846,0),
 (6855,836,1846,1),
 (6856,667,1847,1),
 (6857,668,1847,0),
 (6858,669,1847,0),
 (6859,670,1847,0),
 (6860,1428,1848,0),
 (6861,1429,1848,1),
 (6862,1430,1848,0),
 (6863,712,1849,0),
 (6864,715,1849,1),
 (6865,713,1849,0),
 (6866,714,1849,0),
 (6867,835,1850,0),
 (6868,834,1850,0),
 (6869,833,1850,0),
 (6870,832,1850,1),
 (6871,831,1850,0),
 (6872,753,1851,0),
 (6873,754,1851,1),
 (6874,752,1851,0),
 (6875,674,1852,0),
 (6876,673,1852,1),
 (6877,672,1852,0),
 (6878,671,1852,0),
 (6879,940,1853,0),
 (6880,941,1853,0),
 (6881,943,1853,0),
 (6882,942,1853,1),
 (6883,945,1853,0),
 (6884,944,1853,0),
 (6885,946,1853,0),
 (6886,1426,1855,1),
 (6887,1427,1855,0),
 (6888,927,1856,0),
 (6889,929,1856,0),
 (6890,930,1856,0),
 (6891,932,1856,0),
 (6892,928,1856,1),
 (6893,931,1856,0),
 (6894,971,1857,0),
 (6895,972,1857,1),
 (6896,973,1857,0),
 (6897,974,1857,0),
 (6898,761,1858,1),
 (6899,763,1858,0),
 (6900,762,1858,0),
 (6901,779,1859,0),
 (6902,780,1859,0),
 (6903,781,1859,1),
 (6904,980,1860,0),
 (6905,981,1860,0),
 (6906,975,1860,0),
 (6907,976,1860,0),
 (6908,979,1860,1),
 (6909,977,1860,0),
 (6910,978,1860,0),
 (6911,811,1861,1),
 (6912,809,1861,0),
 (6913,810,1861,0),
 (6914,687,1862,0),
 (6915,689,1862,1),
 (6916,688,1862,0),
 (6917,686,1862,0),
 (6918,699,1863,0),
 (6919,701,1863,0),
 (6920,700,1863,1),
 (6921,989,1864,0),
 (6922,988,1864,1),
 (6923,987,1864,0),
 (6924,986,1864,0),
 (6925,990,1864,0),
 (6926,991,1864,0),
 (6927,992,1864,0),
 (6928,653,1865,0),
 (6929,654,1865,0),
 (6930,655,1865,1),
 (6931,724,1866,0),
 (6932,722,1866,0),
 (6933,723,1866,1),
 (6934,721,1866,0),
 (6935,968,1867,1),
 (6936,969,1867,0),
 (6937,965,1867,0),
 (6938,970,1867,0),
 (6939,967,1867,0),
 (6940,966,1867,0),
 (6941,769,1868,1),
 (6942,768,1868,0),
 (6943,767,1868,0),
 (6944,869,1869,1),
 (6945,871,1869,0),
 (6946,870,1869,0),
 (6947,735,1870,0),
 (6948,736,1870,0),
 (6949,734,1870,1),
 (6950,793,1871,1),
 (6951,792,1871,0),
 (6952,791,1871,0),
 (6953,796,1872,1),
 (6954,795,1872,0),
 (6955,794,1872,0),
 (6956,1440,1873,0),
 (6957,1441,1873,1),
 (6958,886,1874,1),
 (6959,885,1874,0),
 (6960,887,1874,0),
 (6961,883,1874,0),
 (6962,884,1874,0),
 (6963,882,1874,0),
 (6964,881,1874,0),
 (6965,879,1874,0),
 (6966,880,1874,1),
 (6967,855,1875,0),
 (6968,856,1875,1),
 (6969,854,1875,0),
 (6970,806,1876,1),
 (6971,808,1876,0),
 (6972,807,1876,0),
 (6973,852,1877,1),
 (6974,853,1877,0),
 (6975,851,1877,0),
 (6976,675,1878,0),
 (6977,678,1878,1),
 (6978,677,1878,0),
 (6979,676,1878,0),
 (6980,805,1879,1),
 (6981,803,1879,0),
 (6982,804,1879,0),
 (6983,694,1880,0),
 (6984,695,1880,0),
 (6985,693,1880,1),
 (6986,889,1881,0),
 (6987,890,1881,0),
 (6988,891,1881,0),
 (6989,894,1881,0),
 (6990,888,1881,0),
 (6991,893,1881,0),
 (6992,892,1881,1),
 (6993,800,1882,0),
 (6994,802,1882,1),
 (6995,801,1882,0),
 (6996,774,1883,1),
 (6997,775,1883,0),
 (6998,773,1883,0),
 (6999,760,1884,0),
 (7000,758,1884,1),
 (7001,759,1884,0),
 (7002,705,1885,0),
 (7003,707,1885,0),
 (7004,706,1885,1),
 (7005,897,1886,0),
 (7006,898,1886,0),
 (7007,899,1886,0),
 (7008,896,1886,0),
 (7009,900,1886,0),
 (7010,895,1886,0),
 (7011,902,1886,0),
 (7012,901,1886,1),
 (7013,725,1887,0),
 (7014,726,1887,1),
 (7015,727,1887,0),
 (7016,649,1888,0),
 (7017,651,1888,0),
 (7018,652,1888,0),
 (7019,650,1888,1),
 (7020,770,1889,1),
 (7021,771,1889,0),
 (7022,772,1889,0),
 (7023,703,1890,0),
 (7024,702,1890,0),
 (7025,704,1890,1),
 (7026,690,1891,0),
 (7027,691,1891,1),
 (7028,692,1891,0),
 (7029,861,1892,0),
 (7030,862,1892,0),
 (7031,860,1892,1),
 (7032,844,1893,1),
 (7033,845,1893,0),
 (7034,847,1893,0),
 (7035,846,1893,0),
 (7036,812,1894,0),
 (7037,814,1894,0),
 (7038,813,1894,1),
 (7039,741,1895,0),
 (7040,740,1895,0),
 (7041,742,1895,1),
 (7042,755,1896,0),
 (7043,756,1896,1),
 (7044,757,1896,0),
 (7045,718,1897,0),
 (7046,717,1897,0),
 (7047,719,1897,0),
 (7048,720,1897,0),
 (7049,716,1897,1),
 (7050,789,1898,1),
 (7051,788,1898,0),
 (7052,790,1898,0),
 (7053,1437,1899,0),
 (7054,1439,1899,1),
 (7055,1438,1899,0),
 (7056,747,1900,1),
 (7057,746,1900,0),
 (7058,748,1900,0),
 (7059,739,1901,0),
 (7060,738,1901,0),
 (7061,737,1901,1),
 (7062,949,1902,0),
 (7063,948,1902,0),
 (7064,947,1902,0),
 (7065,953,1902,0),
 (7066,951,1902,0),
 (7067,950,1902,0),
 (7068,952,1902,0),
 (7069,1425,1903,0),
 (7070,1423,1903,1),
 (7071,1424,1903,0),
 (7072,626,1904,0),
 (7073,625,1904,0),
 (7074,628,1904,0),
 (7075,627,1904,1),
 (7076,875,1905,0),
 (7077,874,1905,1),
 (7078,872,1905,0),
 (7079,873,1905,0),
 (7080,1434,1906,1),
 (7081,1433,1906,0),
 (7082,1431,1906,0),
 (7083,1432,1906,0),
 (7084,982,1907,1),
 (7085,984,1907,0),
 (7086,985,1907,0),
 (7087,983,1907,0),
 (7088,745,1908,0),
 (7089,744,1908,1),
 (7090,743,1908,0),
 (7091,623,1909,0),
 (7092,624,1909,1),
 (7093,622,1909,0),
 (7094,1000,1910,0),
 (7095,1001,1910,0),
 (7096,1004,1910,0),
 (7097,1005,1910,0),
 (7098,1003,1910,1),
 (7099,999,1910,0),
 (7100,1002,1910,0),
 (7101,730,1911,0),
 (7102,729,1911,1),
 (7103,728,1911,0),
 (7104,656,1912,0),
 (7105,657,1912,1),
 (7106,658,1912,0),
 (7107,682,1913,0),
 (7108,680,1913,1),
 (7109,681,1913,0),
 (7110,679,1913,0),
 (7111,785,1914,1),
 (7112,786,1914,0),
 (7113,787,1914,0),
 (7114,708,1915,0),
 (7115,711,1915,1),
 (7116,709,1915,0),
 (7117,710,1915,0),
 (7118,766,1916,1),
 (7119,764,1916,0),
 (7120,765,1916,0),
 (7121,939,1917,0),
 (7122,935,1917,1),
 (7123,937,1917,0),
 (7124,936,1917,0),
 (7125,934,1917,0),
 (7126,938,1917,0),
 (7127,933,1917,0),
 (7128,683,1918,0),
 (7129,684,1918,0),
 (7130,685,1918,1),
 (7131,850,1919,0),
 (7132,848,1919,0),
 (7133,849,1919,1),
 (7134,956,1920,0),
 (7135,955,1920,0),
 (7136,958,1920,0),
 (7137,957,1920,0),
 (7138,959,1920,1),
 (7139,954,1920,0),
 (7140,995,1921,1),
 (7141,996,1921,0),
 (7142,998,1921,0),
 (7143,997,1921,0),
 (7144,994,1921,0),
 (7145,993,1921,0),
 (7146,918,1922,0),
 (7147,915,1922,0),
 (7148,916,1922,0),
 (7149,911,1922,0),
 (7150,912,1922,0),
 (7151,913,1922,0),
 (7152,917,1922,1),
 (7153,914,1922,0),
 (7154,687,1923,0),
 (7155,689,1923,1),
 (7156,688,1923,0),
 (7157,686,1923,0),
 (7158,861,1924,0),
 (7159,862,1924,0),
 (7160,860,1924,1),
 (7161,982,1925,1),
 (7162,984,1925,0),
 (7163,985,1925,0),
 (7164,983,1925,0),
 (7165,735,1926,0),
 (7166,736,1926,0),
 (7167,734,1926,1),
 (7168,850,1927,0),
 (7169,848,1927,0),
 (7170,849,1927,1),
 (7171,897,1928,0),
 (7172,898,1928,0),
 (7173,899,1928,0),
 (7174,896,1928,0),
 (7175,900,1928,0),
 (7176,895,1928,1),
 (7177,902,1928,0),
 (7178,901,1928,0),
 (7179,796,1929,1),
 (7180,795,1929,0),
 (7181,794,1929,0),
 (7182,835,1930,1),
 (7183,834,1930,0),
 (7184,833,1930,1),
 (7185,832,1930,0),
 (7186,831,1930,0);
INSERT INTO `option_chosed` (`id`,`option_id`,`question_answered_id`,`checked`) VALUES 
 (7187,741,1931,0),
 (7188,740,1931,0),
 (7189,742,1931,1),
 (7190,755,1932,0),
 (7191,756,1932,1),
 (7192,757,1932,0),
 (7193,949,1933,0),
 (7194,948,1933,0),
 (7195,947,1933,0),
 (7196,953,1933,0),
 (7197,951,1933,1),
 (7198,950,1933,0),
 (7199,952,1933,0),
 (7200,725,1934,0),
 (7201,726,1934,1),
 (7202,727,1934,0),
 (7203,956,1935,0),
 (7204,955,1935,0),
 (7205,958,1935,1),
 (7206,957,1935,0),
 (7207,959,1935,0),
 (7208,954,1935,0),
 (7209,918,1936,0),
 (7210,915,1936,0),
 (7211,916,1936,0),
 (7212,911,1936,0),
 (7213,912,1936,0),
 (7214,913,1936,0),
 (7215,917,1936,1),
 (7216,914,1936,0),
 (7217,869,1937,1),
 (7218,871,1937,0),
 (7219,870,1937,0),
 (7220,699,1938,0),
 (7221,701,1938,0),
 (7222,700,1938,1),
 (7223,730,1939,1),
 (7224,729,1939,0),
 (7225,728,1939,0),
 (7226,878,1940,0),
 (7227,876,1940,0),
 (7228,877,1940,1),
 (7229,1425,1941,0),
 (7230,1423,1941,0),
 (7231,1424,1941,1),
 (7232,858,1942,0),
 (7233,859,1942,0),
 (7234,857,1942,1),
 (7235,753,1943,0),
 (7236,754,1943,1),
 (7237,752,1943,0),
 (7238,718,1944,1),
 (7239,717,1944,0),
 (7240,719,1944,0),
 (7241,720,1944,0),
 (7242,716,1944,0),
 (7243,626,1945,0),
 (7244,625,1945,0),
 (7245,628,1945,0),
 (7246,627,1945,1),
 (7247,750,1946,0),
 (7248,749,1946,0),
 (7249,751,1946,1),
 (7250,812,1947,1),
 (7251,814,1947,0),
 (7252,813,1947,0),
 (7253,886,1948,1),
 (7254,885,1948,0),
 (7255,887,1948,0),
 (7256,883,1948,0),
 (7257,884,1948,0),
 (7258,882,1948,0),
 (7259,881,1948,0),
 (7260,879,1948,0),
 (7261,880,1948,0),
 (7262,855,1949,0),
 (7263,856,1949,1),
 (7264,854,1949,0),
 (7265,793,1950,1),
 (7266,792,1950,0),
 (7267,791,1950,0),
 (7268,1436,1951,0),
 (7269,1435,1951,1),
 (7270,615,1952,0),
 (7271,616,1952,0),
 (7272,617,1952,1),
 (7273,666,1953,0),
 (7274,665,1953,0),
 (7275,663,1953,0),
 (7276,664,1953,1),
 (7277,805,1954,1),
 (7278,803,1954,0),
 (7279,804,1954,0),
 (7280,769,1955,1),
 (7281,768,1955,0),
 (7282,767,1955,0),
 (7283,745,1956,0),
 (7284,744,1956,1),
 (7285,743,1956,0),
 (7286,1000,1957,0),
 (7287,1001,1957,1),
 (7288,1004,1957,0),
 (7289,1005,1957,0),
 (7290,1003,1957,0),
 (7291,999,1957,0),
 (7292,1002,1957,0),
 (7293,939,1958,0),
 (7294,935,1958,0),
 (7295,937,1958,0),
 (7296,936,1958,0),
 (7297,934,1958,1),
 (7298,938,1958,0),
 (7299,933,1958,0),
 (7300,1422,1959,0),
 (7301,1421,1959,1),
 (7302,800,1960,0),
 (7303,802,1960,0),
 (7304,801,1960,1),
 (7305,696,1961,0),
 (7306,697,1961,0),
 (7307,698,1961,1),
 (7308,712,1962,0),
 (7309,715,1962,0),
 (7310,713,1962,0),
 (7311,714,1962,1),
 (7312,866,1963,0),
 (7313,868,1963,0),
 (7314,867,1963,1),
 (7315,667,1964,1),
 (7316,668,1964,0),
 (7317,669,1964,0),
 (7318,670,1964,0),
 (7319,968,1965,0),
 (7320,969,1965,0),
 (7321,965,1965,0),
 (7322,970,1965,0),
 (7323,967,1965,1),
 (7324,966,1965,0),
 (7325,766,1966,0),
 (7326,764,1966,0),
 (7327,765,1966,1),
 (7328,811,1967,1),
 (7329,809,1967,0),
 (7330,810,1967,0),
 (7331,703,1968,0),
 (7332,702,1968,0),
 (7333,704,1968,1),
 (7334,733,1969,0),
 (7335,731,1969,1),
 (7336,732,1969,0),
 (7337,674,1970,1),
 (7338,673,1970,0),
 (7339,672,1970,0),
 (7340,671,1970,0),
 (7341,940,1971,0),
 (7342,941,1971,1),
 (7343,943,1971,0),
 (7344,942,1971,0),
 (7345,945,1971,0),
 (7346,944,1971,0),
 (7347,946,1971,0),
 (7348,774,1972,0),
 (7349,775,1972,1),
 (7350,773,1972,0),
 (7351,995,1973,0),
 (7352,996,1973,0),
 (7353,998,1973,0),
 (7354,997,1973,0),
 (7355,994,1973,0),
 (7356,993,1973,1),
 (7357,789,1974,0),
 (7358,788,1974,1),
 (7359,790,1974,0),
 (7360,770,1975,0),
 (7361,771,1975,0),
 (7362,772,1975,1),
 (7363,761,1976,0),
 (7364,763,1976,1),
 (7365,762,1976,0),
 (7366,656,1978,0),
 (7367,657,1978,1),
 (7368,658,1978,0),
 (7369,662,1979,0),
 (7370,661,1979,0),
 (7371,659,1979,1),
 (7372,660,1979,0),
 (7373,1428,1980,0),
 (7374,1429,1980,0),
 (7375,1430,1980,1),
 (7376,779,1981,0),
 (7377,780,1981,1),
 (7378,781,1981,0),
 (7379,844,1982,0),
 (7380,845,1982,1),
 (7381,847,1982,0),
 (7382,846,1982,0),
 (7383,1426,1983,0),
 (7384,1427,1983,1),
 (7385,678,1984,0),
 (7386,675,1984,0),
 (7387,677,1984,0),
 (7388,676,1984,1),
 (7389,682,1985,0),
 (7390,680,1985,1),
 (7391,681,1985,0),
 (7392,679,1985,0),
 (7393,649,1986,0),
 (7394,651,1986,1),
 (7395,652,1986,0),
 (7396,650,1986,0),
 (7397,776,1987,1),
 (7398,778,1987,0),
 (7399,777,1987,0),
 (7400,1434,1988,1),
 (7401,1433,1988,0),
 (7402,1431,1988,0),
 (7403,1432,1988,0),
 (7404,683,1989,0),
 (7405,684,1989,0),
 (7406,685,1989,1),
 (7407,960,1991,1),
 (7408,964,1991,0),
 (7409,961,1991,0),
 (7410,962,1991,0),
 (7411,963,1991,0),
 (7412,927,1992,1),
 (7413,929,1992,0),
 (7414,930,1992,0),
 (7415,932,1992,0),
 (7416,928,1992,0),
 (7417,931,1992,0),
 (7418,760,1993,0),
 (7419,758,1993,1),
 (7420,759,1993,0),
 (7421,1417,1994,0),
 (7422,1418,1994,1),
 (7423,819,1998,0),
 (7424,820,1998,0),
 (7425,821,1998,1),
 (7426,822,1998,0),
 (7427,889,1999,0),
 (7428,890,1999,0),
 (7429,891,1999,0),
 (7430,894,1999,0),
 (7431,888,1999,0),
 (7432,893,1999,0),
 (7433,892,1999,1),
 (7434,640,2000,0),
 (7435,639,2000,0),
 (7436,638,2000,1),
 (7437,637,2000,0),
 (7438,636,2000,0),
 (7439,785,2001,0),
 (7440,786,2001,1),
 (7441,787,2001,0),
 (7442,971,2002,0),
 (7443,972,2002,0),
 (7444,973,2002,0),
 (7445,974,2002,1),
 (7446,852,2003,0),
 (7447,853,2003,0),
 (7448,851,2003,1),
 (7449,806,2004,0),
 (7450,808,2004,0),
 (7451,807,2004,1),
 (7452,837,2005,0),
 (7453,839,2005,0),
 (7454,838,2005,0),
 (7455,836,2005,1),
 (7456,1437,2006,1),
 (7457,1439,2006,0),
 (7458,1438,2006,0),
 (7459,925,2007,0),
 (7460,920,2007,0),
 (7461,926,2007,0),
 (7462,923,2007,0),
 (7463,924,2007,1),
 (7464,922,2007,0),
 (7465,921,2007,0),
 (7466,919,2007,0),
 (7467,906,2008,0),
 (7468,904,2008,0),
 (7469,905,2008,0),
 (7470,907,2008,0),
 (7471,903,2008,0),
 (7472,910,2008,0),
 (7473,909,2008,1),
 (7474,908,2008,0),
 (7475,980,2009,0),
 (7476,981,2009,0),
 (7477,975,2009,0),
 (7478,976,2009,0),
 (7479,979,2009,0),
 (7480,977,2009,0),
 (7481,978,2009,1),
 (7482,641,2010,0),
 (7483,642,2010,1),
 (7484,643,2010,0),
 (7485,644,2010,0),
 (7486,784,2011,0),
 (7487,782,2011,1),
 (7488,783,2011,0),
 (7489,875,2012,0),
 (7490,874,2012,1),
 (7491,872,2012,0),
 (7492,873,2012,0),
 (7493,799,2014,0),
 (7494,797,2014,0),
 (7495,798,2014,1),
 (7496,653,2015,0),
 (7497,654,2015,1),
 (7498,655,2015,0),
 (7499,989,2016,0),
 (7500,988,2016,0),
 (7501,987,2016,0),
 (7502,986,2016,0),
 (7503,990,2016,1),
 (7504,991,2016,0),
 (7505,992,2016,0),
 (7506,623,2017,0),
 (7507,624,2017,1),
 (7508,622,2017,0),
 (7509,1303,2019,0),
 (7510,1302,2019,0),
 (7511,1300,2019,0),
 (7512,1301,2019,1),
 (7513,1268,2020,0),
 (7514,1270,2020,1),
 (7515,1271,2020,0),
 (7516,1269,2020,0),
 (7517,1150,2021,0),
 (7518,1148,2021,0),
 (7519,1147,2021,0),
 (7520,1149,2021,1),
 (7521,1312,2022,0),
 (7522,1310,2022,0),
 (7523,1313,2022,0),
 (7524,1311,2022,1),
 (7525,1116,2023,0),
 (7526,1117,2023,0),
 (7527,1114,2023,0),
 (7528,1115,2023,1),
 (7529,1129,2024,0),
 (7530,1127,2024,0),
 (7531,1128,2024,1),
 (7532,1126,2024,0),
 (7533,1274,2025,0),
 (7534,1275,2025,0),
 (7535,1273,2025,1),
 (7536,1272,2025,0),
 (7537,1263,2026,0),
 (7538,1262,2026,0),
 (7539,1260,2026,1),
 (7540,1261,2026,0),
 (7541,1253,2027,1),
 (7542,1255,2027,0),
 (7543,1254,2027,0),
 (7544,1097,2028,0),
 (7545,1098,2028,0),
 (7546,1095,2028,1),
 (7547,1096,2028,0),
 (7548,1305,2029,0),
 (7549,1304,2029,1),
 (7550,1144,2030,0),
 (7551,1141,2030,0),
 (7552,1142,2030,1),
 (7553,1143,2030,1),
 (7554,1145,2030,0),
 (7555,1146,2030,0),
 (7556,1100,2031,0),
 (7557,1099,2031,1),
 (7558,1101,2031,0),
 (7559,1102,2031,0),
 (7560,1168,2032,1),
 (7561,1170,2032,0),
 (7562,1171,2032,0),
 (7563,1169,2032,0),
 (7564,1256,2033,0),
 (7565,1257,2033,0),
 (7566,1259,2033,0),
 (7567,1258,2033,1),
 (7568,1107,2034,0),
 (7569,1108,2034,0),
 (7570,1109,2034,1),
 (7571,1106,2034,0),
 (7572,1125,2035,1),
 (7573,1124,2035,0),
 (7574,1122,2035,0),
 (7575,1123,2035,0),
 (7576,1130,2036,0),
 (7577,1131,2036,1),
 (7578,1133,2036,0),
 (7579,1132,2036,0),
 (7580,1120,2037,1),
 (7581,1121,2037,0),
 (7582,1118,2037,0),
 (7583,1119,2037,0),
 (7584,1157,2038,0),
 (7585,1160,2038,0),
 (7586,1159,2038,0),
 (7587,1158,2038,1),
 (7588,1286,2039,0),
 (7589,1287,2039,1),
 (7590,1285,2039,0),
 (7591,1284,2039,0),
 (7592,1140,2040,0),
 (7593,1139,2040,0),
 (7594,1138,2040,0),
 (7595,1136,2040,1),
 (7596,1137,2040,1),
 (7597,1134,2040,0),
 (7598,1135,2040,1),
 (7599,1288,2041,0),
 (7600,1290,2041,0),
 (7601,1291,2041,0),
 (7602,1289,2041,1),
 (7603,1111,2042,0),
 (7604,1110,2042,1),
 (7605,1113,2042,0),
 (7606,1112,2042,0),
 (7607,1151,2043,0),
 (7608,1152,2043,1),
 (7609,1153,2043,0),
 (7610,1090,2044,0),
 (7611,1088,2044,0),
 (7612,1089,2044,1),
 (7613,1104,2045,0),
 (7614,1103,2045,0),
 (7615,1105,2045,1),
 (7616,1277,2046,0),
 (7617,1279,2046,0),
 (7618,1278,2046,1),
 (7619,1276,2046,0),
 (7620,1174,2047,1),
 (7621,1175,2047,0),
 (7622,1173,2047,0),
 (7623,1172,2047,0),
 (7624,1091,2048,1),
 (7625,1092,2048,0),
 (7626,1094,2048,0),
 (7627,1093,2048,0),
 (7628,1034,2049,1),
 (7629,1036,2049,0),
 (7630,1035,2049,0),
 (7631,1037,2049,0),
 (7632,1051,2050,1),
 (7633,1052,2050,0),
 (7634,1266,2051,0),
 (7635,1267,2051,0),
 (7636,1264,2051,1),
 (7637,1265,2051,0),
 (7638,1280,2052,1),
 (7639,1281,2052,0),
 (7640,1282,2052,0),
 (7641,1283,2052,0),
 (7642,1021,2053,1),
 (7643,1022,2053,0),
 (7644,1023,2053,0),
 (7645,1306,2054,0),
 (7646,1309,2054,0),
 (7647,1307,2054,0),
 (7648,1308,2054,1),
 (7649,1286,2055,0),
 (7650,1287,2055,0),
 (7651,1285,2055,0),
 (7652,1284,2055,1),
 (7653,1033,2056,0),
 (7654,1032,2056,0),
 (7655,1031,2056,0),
 (7656,1030,2056,1),
 (7657,1084,2057,1),
 (7658,1085,2057,0),
 (7659,1087,2057,0),
 (7660,1086,2057,0),
 (7661,1011,2058,0),
 (7662,1010,2058,0),
 (7663,1012,2058,0),
 (7664,1252,2059,0),
 (7665,1251,2059,0),
 (7666,1249,2059,1),
 (7667,1250,2059,0),
 (7668,1312,2060,0),
 (7669,1310,2060,0),
 (7670,1313,2060,0),
 (7671,1311,2060,1),
 (7672,1056,2061,0),
 (7673,1059,2061,0),
 (7674,1058,2061,0),
 (7675,1057,2061,0),
 (7676,1060,2061,1),
 (7677,1068,2063,0),
 (7678,1065,2063,1),
 (7679,1066,2063,0),
 (7680,1067,2063,0),
 (7681,1256,2064,0),
 (7682,1257,2064,0),
 (7683,1259,2064,0),
 (7684,1258,2064,1),
 (7685,1303,2065,1),
 (7686,1302,2065,0),
 (7687,1300,2065,0),
 (7688,1301,2065,0),
 (7689,1043,2066,0),
 (7690,1044,2066,0),
 (7691,1045,2066,1),
 (7692,1046,2066,0),
 (7693,1050,2067,0),
 (7694,1049,2067,1),
 (7695,1047,2067,0),
 (7696,1048,2067,0),
 (7697,1083,2068,0),
 (7698,1081,2068,0),
 (7699,1080,2068,1),
 (7700,1082,2068,0),
 (7701,1027,2069,0),
 (7702,1028,2069,1),
 (7703,1029,2069,0),
 (7704,1314,2070,0),
 (7705,1315,2070,1),
 (7706,1317,2070,0),
 (7707,1316,2070,0),
 (7708,1062,2071,1),
 (7709,1063,2071,0),
 (7710,1064,2071,0),
 (7711,1061,2071,0),
 (7712,1040,2072,0),
 (7713,1041,2072,0),
 (7714,1038,2072,0),
 (7715,1042,2072,0),
 (7716,1039,2072,1),
 (7717,1017,2073,0),
 (7718,1020,2073,0),
 (7719,1019,2073,1),
 (7720,1018,2073,0),
 (7721,1079,2074,0),
 (7722,1076,2074,0),
 (7723,1078,2074,1),
 (7724,1077,2074,0),
 (7725,1070,2075,0),
 (7726,1069,2075,1),
 (7727,1071,2075,0),
 (7728,1006,2076,0),
 (7729,1007,2076,0),
 (7730,1008,2076,0),
 (7731,1009,2076,1),
 (7732,1293,2077,0),
 (7733,1295,2077,0),
 (7734,1292,2077,1),
 (7735,1294,2077,0),
 (7736,1263,2078,1),
 (7737,1262,2078,0),
 (7738,1260,2078,0),
 (7739,1261,2078,0);
/*!40000 ALTER TABLE `option_chosed` ENABLE KEYS */;


--
-- Definition of table `profile`
--

DROP TABLE IF EXISTS `profile`;
CREATE TABLE `profile` (
  `id` int(11) NOT NULL AUTO_INCREMENT,
  `description` varchar(255) NOT NULL,
  PRIMARY KEY (`id`)
) ENGINE=MyISAM AUTO_INCREMENT=26 DEFAULT CHARSET=latin1;

--
-- Dumping data for table `profile`
--

/*!40000 ALTER TABLE `profile` DISABLE KEYS */;
INSERT INTO `profile` (`id`,`description`) VALUES 
 (1,'JAVA'),
 (21,'Web Developer'),
 (22,'.NET'),
 (23,'Web Developer SSR'),
 (24,'WS'),
 (25,'WD4');
/*!40000 ALTER TABLE `profile` ENABLE KEYS */;


--
-- Definition of table `question`
--

DROP TABLE IF EXISTS `question`;
CREATE TABLE `question` (
  `id` int(11) NOT NULL AUTO_INCREMENT,
  `description` text CHARACTER SET latin1 NOT NULL,
  `technology_id` int(11) DEFAULT NULL,
  `profile_id` int(11) DEFAULT NULL,
  `seniority_id` int(11) DEFAULT NULL,
  PRIMARY KEY (`id`),
  KEY `FK_question_prof` (`technology_id`),
  KEY `FK_question_seniority` (`seniority_id`),
  KEY `FK_question_profile` (`profile_id`)
) ENGINE=MyISAM AUTO_INCREMENT=403 DEFAULT CHARSET=utf8 CHECKSUM=1 DELAY_KEY_WRITE=1 ROW_FORMAT=DYNAMIC;

--
-- Dumping data for table `question`
--

/*!40000 ALTER TABLE `question` DISABLE KEYS */;
INSERT INTO `question` (`id`,`description`,`technology_id`,`profile_id`,`seniority_id`) VALUES 
 (183,'A JSP is a servlet',1,NULL,1),
 (184,'The difference between a Servlet container and a EJB container is',1,NULL,2),
 (185,'Your JSP Bean \"people\" has a private member \"friend\" with proper setters and getters, you would have which line in your jsp page to obtain its value?',1,NULL,1),
 (186,'If we’re using MVC our POJO would be',1,NULL,2),
 (187,'Read the following code below.\r\npublic interface AQuestion{\r\n	public abstract void someMethod() throws Exception;\r\n}\r\nA Class implementing this interface should\r\n',1,NULL,2),
 (188,'Given:\r\n public class Messager implements Runnable {\r\n    public static void main(String[] args) {\r\n        new Thread(new Messager(\"Wallace\")).start() ;\r\n        new Thread(new Messager(\"Gromit\")).start();\r\n    }\r\n    private String  name;\r\n    public Messager(String name) { this.name = name; }\r\n    public void run() {\r\n        message(1);\r\n        message(2);\r\n    }\r\n    private synchronized void message(int n) {\r\n         System.out.print(name + \"-\" + n + \" \");\r\n    }\r\n}\r\nWhich of the following is a possible result? (Choose all that apply.)',1,NULL,2),
 (189,'The following block of code creates a Thread using a Runnable target:\r\nRunnable target = new MyRunnable();\r\nThread myThread = new Thread(target);\r\nWhich of the following classes can be used to create the target, so that the preceding code compiles correctly?',1,NULL,3),
 (190,'What is the output for the below code ?\r\n\r\npublic class NameBean {\r\n	private String str;\r\n	\r\n	NameBean(String str ){\r\n		this.str = str;\r\n	}\r\n	\r\n	public String toString() {\r\n		return str;\r\n	}\r\n}								\r\n								\r\nimport java.util.HashSet;\r\n\r\npublic class CollClient {\r\n	\r\n	public static void main(String ... sss) {\r\n		HashSet myMap = new HashSet();\r\n		String s1 = new String(\"das\");\r\n		String s2 = new String(\"das\");\r\n	NameBean s3 = new NameBean(\"abcdef\");\r\n	NameBean s4 = new NameBean(\"abcdef\");\r\n		\r\n		myMap.add(s1);\r\n		myMap.add(s2);\r\n		myMap.add(s3);\r\n		myMap.add(s4);\r\n		\r\n		System.out.println(myMap);\r\n	}	\r\n}',1,NULL,2),
 (191,'What is the result of executing the following code, using the parameters 0 and 3 ?\r\n\r\npublic void divide(int a, int b) {\r\n	try {\r\n		int c = a / b;\r\n	} catch (Exception e) {\r\n		System.out.print(\"Exception \");\r\n	} finally {\r\n		System.out.println(\"Finally\");\r\n	}\r\n}',1,NULL,1),
 (192,'Which of the following statements are true? ',1,NULL,2),
 (193,'What will happen if you attempt to compile and run the following code? \r\nclass Base {}\r\nclass Sub extends Base {}\r\nclass Sub2 extends Base {}\r\npublic class CEx{\r\n    public static void main(String argv[]){\r\n	Base b=new Base();\r\n	Sub s=(Sub) b;\r\n    }\r\n}\r\n',1,NULL,2),
 (194,'What is the use of the ActionServlet in Struts ?',1,NULL,2),
 (195,'Which of the following tag libraries is not provided by struts',1,NULL,3),
 (196,'Struts framework is based on',1,NULL,2),
 (197,'Which of the following delegates the request handling to the RequestProcessor instance?',1,NULL,3),
 (198,'How many instances can be created per application module by the RequestProcessor class?',1,NULL,3),
 (199,'What is the limitation of creating ActionServlet instances per web application?',1,NULL,3),
 (200,'Which of the following are the struts pre-built Action classes?',1,NULL,3),
 (201,'The dispatch from the controller to the Action class is based on a configuration that is provided by a',1,NULL,2),
 (202,'Which of the following tag is a valid form submission in Struts framework? [ some-action.do is a sample]',1,NULL,2),
 (203,'HOW DO YOU INCLUDE A JAVASCRIPT CODE IN A HTML PAGE?',4,NULL,2),
 (204,'WHAT IS THE CORRECT WAY TO DECLARE A STRING VARIABLE?',4,NULL,2),
 (205,'HOW DO YOU COMMENT A LINE IN JAVASCRIPT?',4,NULL,2),
 (206,'HOW DO YOU CALL A JAVASCRIPT FILE FROM OUTSIDE?',4,NULL,2),
 (207,'SELECT THE RIGHT OPTION FOR SHOWS THE MESSAGE \"HELLO\" WHEN LOADS THE PAGE AND THE MESSAGE \"GOOD BYE\" WHEN YOU\'RE OUT OF THE PAGE. ',4,NULL,2),
 (208,'THIS PROGRAM WORKS OK, BUT IT ISN\'T 100% EXACT. THE PROGRAM ENDS WHEN INSERT THE NUMBER 0. IDENTIFY WHY THIS PROGRAM ISN\'T EXACT.\r\n\r\n<script language=\"javascript\">\r\n  var value;\r\n  do {\r\n    value=prompt(\'Insert a number between 0 y 999:\',\'\');\r\n    value=parseInt(value);\r\n    document.write(\'The number \'+value+\' \');\r\n    if (value<10)\r\n    {document.write(\'has 1 digit\');}\r\n    else\r\n    {if (value<=100){document.write(\'has 2 digits\');}else{document.write(\'has 3 digits\');}}\r\n    document.write(\'<br>\');}\r\n  while(value!=0);\r\n</script>\r\n',4,NULL,2),
 (209,'WHAT DOES THIS CODE?:\r\n\r\n<script language=\"JavaScript\">\r\nfunction empty(control)\r\n{control.value=\'\';}\r\nfunction verifyEntry(control)\r\n{if (control.value==\'\')\r\n alert(\'Must be insert data\');\r\n}\r\n</script>\r\n<form name=\"form1\">\r\nInsert your name:\r\n<input type=\"text\" name=\"name\" onFocus=\"empty(this)\" onBlur=\" verifyEntry(this)\"><br>\r\nInsert your age:\r\n<input type=\"text\" name=\"age\" onFocus=\" empty(this)\" onBlur=\" verifyEntry(this)\"><br>\r\n<input type=\"button\" value=\"Confirm\">\r\n</form>\r\n',4,NULL,2),
 (210,'WHAT OPTION IS THE RIGHT ONE IF THE CURSOR IS OVER THE LINK AND CHANGES THE BACKGROUND COLOR WITH THE LINK COLOR? (WHEN THE CURSOR IS OUT OF THE LINK, THE BACKGROUND COLOR IS WHITE):',4,NULL,2),
 (211,'SELECT THE RIGHT OPTION (REPLACE “??” WITH ONE OF THE OPTIONS BELOW THE CODE):\r\n\r\n<script language=\"javascript\">\r\n  var num1,num2;\r\n  num1=prompt(\'Insert the first number:\',\'\');\r\n  num2=prompt(\' Insert the second number:\',\'\');\r\n  num1=parseInt(num1);\r\n  num2=parseInt(num2);\r\n	             ??\r\n  {document.write(\'the higher is \'+num1);}\r\n  else\r\n  {document.write(\'the higher is \'+num2);}\r\n</script>\r\n',4,NULL,2),
 (212,'SELECT MOST EXACTLY OPTION THAT EXPLAINS HOW THE CODE WORKS:\r\n\r\n<script language=\"JavaScript\">\r\nvar replaceu= /\\+/gi;\r\nvar url = window.location.href;\r\nurl = unescape(url);\r\nurl = url.replace(replaceu, \" \");\r\nurl = url.toUpperCase();\r\n\r\nfunction get_value(variable)\r\n{\r\nvar variable_may = variable.toUpperCase();\r\nvar variable_pos = url.indexOf(variable_may);\r\n\r\nif (variable_pos != -1)\r\n{var pos_sep = url.indexOf(\"&\", variable_pos);\r\n\r\n	if (pos_sep != -1)\r\n	{return url.substring(variable_pos + variable_may.length + 1, pos_sep);} \r\n	else\r\n	{return url.substring(variable_pos + variable_may.length + 1, url.length);}\r\n	} \r\n}\r\n\r\nvar valueu = get_value(\"seeinfo\");\r\n\r\nif (valueu == 1)\r\n{document.write (\'The value is 1, ....\');}\r\nif (valueu == 2)\r\n{document.write (\'The value is 2,...\');}\r\nif (valueu == 3)\r\n{document.write (\'The value is 3,...\');} \r\n</script>\r\n',4,NULL,2),
 (213,'WHICH SELECTOR SHOULD BE USED IN JQUERY  TO SELECT EVERY ELEMENTS COINTAINING A PARTICULAR CLASS?',4,NULL,2),
 (214,' WHICH SELECTOR SHOULD BE USED WITH JQUERY  TO SELECT ONE ELEMENT THAT COINTAINS A PARTICULAR ID?',4,NULL,2),
 (215,'IS IT POSSIBLE TO WORK  WITH JQUERY AND OTHER JAVASCRIPT´S  LIBRARIES IN THE SAME PAGE?',4,NULL,2),
 (216,'WHICH IS THE MAIN ADVANTAGE OF HANDLING THE ONLOAD  EVENT FROM JQUERY?',4,NULL,2),
 (217,' WHICH IS THE JQUERY METHOD USED TO DETECT MOUSE MOVEMENTS?',4,NULL,2),
 (218,'WHICH OF THE FOLOWING SENTENCES ABOUT JQUERY IS FALSE?',4,NULL,2),
 (219,'¿ FOR WHAT IT IS USED AJAX TECHNOLOGY?',4,NULL,2),
 (220,'WHICH IS THE JQUERY METHOD TO DO AN AJAX CALL?',4,NULL,2),
 (221,' WHICH IS THE CORRECT WAY TO PASS VARIABLES WITH THE JQUERY´S AJAX METHOD?',4,NULL,2),
 (222,'WHICH IS THE JQUERY METHOD TO INVOKE A JSON OBJECT?',4,NULL,2),
 (223,'cd ',2,NULL,2),
 (224,'Pwd',2,NULL,2),
 (225,'show variables',2,NULL,2),
 (226,'List hidden files',2,NULL,2),
 (227,'rm –r dir_name',2,NULL,2),
 (228,'cat file',2,NULL,2),
 (229,'How do you show a command help',2,NULL,2),
 (230,'What’s the –f option of tail command for?',2,NULL,2),
 (231,'grep –c text file.txt',2,NULL,2),
 (232,'What’s the –i option in grep command for?',2,NULL,2),
 (233,'The wc command is for',2,NULL,2),
 (234,'Which command prints the process',2,NULL,2),
 (235,'What does the “>” symbol mean in this line: command > file',2,NULL,2),
 (236,'What means the “x” permission.',2,NULL,2),
 (237,'Which command should be used to change file permissions',2,NULL,2),
 (238,'What’s the diff command for',2,NULL,2),
 (239,'What command allows to change a file owner',2,NULL,2),
 (240,'How do I quit vim saving changes',2,NULL,2),
 (241,'Which commands is used to execute a command like root',2,NULL,2),
 (242,'what does it do: grep –C4 word file.txt',2,NULL,2),
 (243,'What is the correct syntax in CSS? ',3,NULL,2),
 (244,'What is the tag <HR>?',15,NULL,2),
 (245,'How do you define these margins?\r\n\r\nThe left margin: 1 px \r\nThe right margin: 3 px \r\nThe upper margin: 2 px \r\nThe bottom margin: 4 px\r\n',3,NULL,2),
 (246,'What property used to define the type of fonts? ',3,NULL,2),
 (247,'Which of these tags do not have to do with the HTML boards? ',15,NULL,2),
 (248,'What is maxlength? ',15,NULL,2),
 (249,'What property used to define the right margin in CSS? ',3,NULL,2),
 (250,'Type the hacks for IE6',15,NULL,2),
 (251,'We have  one HTML file within a div called \"image\" which just want to add a background image named \"image.jpg\" in the same line where it is stated that div. \r\nHow is the syntax? \r\nNote: The image is in the same path where the HTML.\r\n',15,NULL,2),
 (252,'Describe the next segment, and explain when it is used:\r\n<textarea name=\"txtArea\" cols=\"32\" rows=\"23\"></textarea>\r\n',15,NULL,2),
 (253,'What is the z-index?\r\n',15,NULL,2),
 (254,'How do you insert an image?\r\n',15,NULL,2),
 (255,'How to create a link to call an anchor?',15,NULL,2),
 (256,'Which is the correct attribute for the font size?',3,NULL,2),
 (257,'How do you add comment tag in HTML?',15,NULL,2),
 (258,'Writing &aacute; in the HTML code, which character I\'m writing?',15,NULL,2),
 (259,'Specify the correct attribute to open a link in a new browser page',15,NULL,2),
 (260,'What SQL means?',21,NULL,2),
 (261,'What of the following component is fundamental in a relational data base?',21,NULL,2),
 (262,'Which is the wrong definition?',21,NULL,2),
 (263,'What of the following statement not belong to DML statement?',21,NULL,2),
 (264,'What is the wrong item?',21,NULL,2),
 (265,'What item represents basic key word/s in SQL?',21,NULL,2),
 (266,'Which of the following items is not an Oracle data type?\r\n',21,NULL,2),
 (267,'which SQL Statement display employees table structure?',21,NULL,2),
 (268,'Which Statement returns the differents department_id?',21,NULL,2),
 (269,'which of the following statement is the correct?',21,NULL,2),
 (270,'Which of the following statement is the correct?',21,NULL,2),
 (271,'Which of following statement is the correct to display last_name, first_name, department_name from all employees (also the employees who has not been assigned to any department yet)',21,NULL,2),
 (272,'which of the following statements display each department_name, location, number of employees, the average salary for all employees (round with 2 decimals) in that department who belong to Argentine country?',21,NULL,2),
 (273,'Which of the following statements create a matrix query to display the occupation, the salary for that job based on department numberm and the total salary for that job. Only for departments 20, 30, 80 and 90? Give each column an appropriate heading.\r\n	\r\n',21,NULL,2),
 (274,'Choose the correct statement to create the old_employees table whith the following columns:\r\n\r\nold_emlployee_id, number(5) not null (PK)\r\ndepartment_id, nvarchar2(5) not null\r\ndepartment_name, nvarchar2(50) not null\r\nlast_name , nvarchar2 (50) not null\r\nfirst_name, nvarchar2 (50) not null\r\noccupation_id, number(5) not null\r\nmanager_id, number(5) not null\r\nstart_date, date not null\r\nend_date, date not null',21,NULL,2),
 (275,'Choose the correct statement to insert the following data into the table old_employees. This table will contain the information of those employees who do not belong company anymore',21,NULL,2),
 (276,'Which is correct statement to remove all data in old_employees?',21,NULL,2),
 (277,'Which of the following statement make an update to employees’ table?',21,NULL,2),
 (278,'Which statement remove all columns in old_employees’ table to release the space used',21,NULL,2),
 (279,'Which is the wrong statement:',21,NULL,2),
 (280,'¿Cuáles de los siguientes lenguajes no es compatible con .NET?',22,NULL,1),
 (281,'¿En qué form se realiza un Postback?',22,NULL,1),
 (282,'¿Para qué es utilizado el Web.config?',22,NULL,1),
 (283,'Para que un control validador funcione, ¿qué atributo se debe indicar?',22,NULL,1),
 (284,'Una alternativa para mostrar texto en una página es usar:',22,NULL,1),
 (285,'¿Cómo se obtiene la información suministrada mediante el método POST?',22,NULL,1),
 (286,'¿Qué control se utiliza para validar si dos campos son iguales?',22,NULL,1),
 (287,'En VB.NET / C# un entero de 16-bits es conocido como:',22,NULL,1),
 (288,'¿Cuál de las siguientes notaciones es utilizada para expandir una sola declaración en múltiples líneas en VB.NET?\r\n\r\n',22,NULL,1),
 (289,'¿Cuál de las siguientes notaciones es utilizada para expandir una sola declaración en múltiples líneas en C#?\r\n',22,NULL,1),
 (290,'VB.NET ¿soporta parámetros opcionales?',22,NULL,1),
 (291,'C# ¿soporta parámetros opcionales?',22,NULL,1),
 (292,'¿Se pueden crear Servicios de Windows con VB.NET ó C#?',22,NULL,1),
 (293,'¿Clases de qué espacio de nombres se deben utilizar para leer o escribir un archivo?',22,NULL,1),
 (294,'El siguiente código generará un error de compilación: \r\n  \r\nPublic Function GetCategoria(ByVal edad As Integer)\r\n      If (edad > 20) Then Return \"adulto\"\r\n      If (edad > 12) Then Return \"adolescente\"\r\n      If (edad > 4) Then Return \"niño\"\r\nEnd Function\r\n\r\n¿Qué línea, insertada al final de la función, resolverá el problema?',22,NULL,1),
 (295,'¿Cuál es la utilidad de una Master Page? ',22,NULL,1),
 (296,'En un proyecto asp.net una clase se puede definir en: ',22,NULL,1),
 (297,'El primer evento que se dispara en una página .aspx es:',22,NULL,1),
 (298,'¿Qué clase hereda por defecto ASP.NET?',22,NULL,1),
 (299,'Se puede manejar estados en ASP.NET usando:',22,NULL,1),
 (300,'¿Qué se utiliza para validar una dirección de email?',22,NULL,1),
 (301,'Los parámetros en VB.NET son por defecto:',22,NULL,1),
 (302,'¿Para qué sirve Nullable?',22,NULL,2),
 (303,'Los lenguajes VB.NET y C#, ¿soportan herencia múltiple?',22,NULL,2),
 (304,'¿Qué hace el modificador Shadows en VB.NET?',22,NULL,2),
 (305,'¿Qué interfaz debe implementar MyObject? Código en VB.NET\r\n\r\nUsing mo as New MyObject()\r\n//more code here\r\nEnd Using\r\n',22,NULL,2),
 (306,'Se desea convertir el string s = \"26.5\" a un tipo de dato numérico. ¿Cuál de las siguientes formas de hacerlo es más adecuada?',22,NULL,2),
 (307,'¿Cómo sabe el desarrollador si la llamada a una página web es un postback? ',22,NULL,2),
 (308,'Es posible customizar los textos de los botones Edit, Delete, Select y Update en un control GridView? ',22,NULL,2),
 (309,'¿Qué es el View State? ',22,NULL,2),
 (310,'¿Es posible usar una Master Page desde otras páginas? En caso afirmativo, ¿cuáles son las ventajas de hacerlo? ',22,NULL,2),
 (311,'¿Qué archivos son necesarios para la implementación de una aplicación ASP.NET 2.0? ',22,NULL,2),
 (312,'En un archivo de configuración Web.Config: ',22,NULL,2),
 (313,'En relación con los controles de Data Bound, ASP.NET 2.0 contiene la propiedad DataFormatString. ¿Qué tipos de campos pueden ser formateados? ',22,NULL,2),
 (314,'Seleccione la opción válida, una clase abstracta puede:',22,NULL,2),
 (315,'Selecciona la opción válida, una interfaz puede:',22,NULL,2),
 (316,'¿Cuáles de las siguientes opciones son válidas acerca de la cláusula finally de un bloque try-catch-finally?',22,NULL,2),
 (317,'Indique cuál de las siguientes afirmaciones sobre Generics es correcta:',22,NULL,2),
 (318,'Reflection se usa para acceder a atributos en el programa y además para:',22,NULL,2),
 (319,'¿Cómo trabaja el modelo de eventos en un formulario Web? ',22,NULL,2),
 (322,'Para autenticar a un usuario en una aplicación web: \r\n',22,NULL,2),
 (323,'¿En qué orden se carga el estado de un control asp.net en el servidor? ',22,NULL,2),
 (324,'¿En VB.NET, cúal de estas afirmaciones sobre Structures y Classes es cierta?',22,NULL,3),
 (325,'¿Por qué es usado el Global.asax?',22,NULL,3),
 (326,'¿Qué objeto permite mantener datos entre los usuarios de la aplicación?',22,NULL,3),
 (327,'¿Se puede tener definido más de un archivo Global.asax por proyecto?',22,NULL,3),
 (328,'¿Cuál de estas formas de autenticación es la mejor para una red corporativa?',22,NULL,3),
 (329,'La propiedad __ define como .NET Framework maneja fechas, hs., monedas. ',22,NULL,3),
 (330,'¿Qué tipo de test asegura que el nuevo código no rompa el código existente?',22,NULL,3),
 (331,'¿Cuál de los siguientes es importado en una aplicación VB.NET para ejecutar un archivo .EXE?\r\n',22,NULL,3),
 (332,'El código que se ejecuta fuera de los límites del CLR (Common Language Runtime)  se denomina como:',22,NULL,3),
 (333,'¿Qué significa el modificador Overridable (VB.NET) ó virtual (C#) en la definición de un método?',22,NULL,3),
 (334,'¿Para qué se utiliza la declaración SyncLock (VB.NET) ó lock (C#)?',22,NULL,3),
 (335,'¿Qué patrón de diseño utilizaría para agregar responsabilidades a los objetos en forma dinámica?',22,NULL,3),
 (336,'¿Cuándo es obligatorio declarar una clase como abstracta: \r\nMustInherit (VB.NET) / abstract (C#)?\r\n',22,NULL,3),
 (337,'¿Para qué se utiliza la clase StringBuilder?',22,NULL,3),
 (338,'Boxing es la operación de:',22,NULL,3),
 (339,'¿Qué es más performante en VB.NET en una conversión: ¿DirectCast o CType?',22,NULL,3),
 (340,'¿En cuál de estas situaciones utilizará un Delegate en lugar de una Interface?',22,NULL,3),
 (341,'¿Cómo se configura un Theme? ',22,NULL,3),
 (342,'Para desarrollar un proyecto web en el disco local via file system usando Visual Studio 2005 necesita: ',22,NULL,3),
 (343,'¿Cuál de los siguientes está incluido en el código assembly?',22,NULL,1),
 (344,'¿Cómo puedo marcar una clase para que ésta no pueda ser heredada?',22,NULL,2),
 (345,'La cláusula FROM indica el origen de datos para la consulta y consta de:',21,NULL,1),
 (346,'Al utilizar la tabla de una base de datos externa (Base2) en nuestra consulta...',21,NULL,1),
 (347,'El alias se puede aplicar en: ',21,NULL,1),
 (348,'¿Dónde utilizamos la palabra clave *? ',21,NULL,1),
 (349,'Si a una consulta aplicamos una ordenación mediante el ORDER BY... ',21,NULL,1),
 (350,'La cláusula DISTINCT...',21,NULL,1),
 (351,'La cláusula TOP...',21,NULL,1),
 (352,'La cláusula WHERE...',21,NULL,1),
 (353,'Para unir dos tablas con la cláusula UNION, éstas deberán: ',21,NULL,1),
 (354,'La cláusula HAVING...',21,NULL,1),
 (355,'Las subconsultas (o consulta interna)...',21,NULL,1),
 (356,'Las subconsultas no pueden contener la cláusula ORDER BY. ',21,NULL,1),
 (357,'Podemos insertar datos en una tabla nueva con la cláusula INSERT INTO.',21,NULL,1),
 (358,'¿Se puede actualizar (UPDATE) una columna de identidad?',21,NULL,1),
 (359,'DELETE permite eliminar ',21,NULL,1),
 (360,'Una vista',21,NULL,1),
 (361,'How do you print “Hello world!” in PHP?',24,NULL,1),
 (362,'How do you print an array’s data named $var_array?',24,NULL,1),
 (363,'How do you redirect to another page?',24,NULL,1),
 (364,'What is the correct way to find out how long a string named $my_name is?',24,NULL,2),
 (365,'Which of the below sentences skip the current iteration at $i equals 10?',24,NULL,2),
 (366,'What function should you use to force a file to download?',24,NULL,2),
 (367,'How do you start a session on server side?',24,NULL,2),
 (368,'What is the meaning of the session_id() function?',24,NULL,2),
 (369,'What is the result?\r\nfor ($i = 0; $i < 50; $i++) {\r\nif ( $i == 30) {\r\n$i = $i * 0.1;\r\nBreak;\r\n}\r\n\r\nif ( $i == 45) {\r\n$i = $i * 0.1;\r\nBreak;\r\n}\r\n}\r\n\r\necho $i;',24,NULL,2),
 (370,'Given:\r\n$product = 7;\r\necho “product: $product”;\r\necho ‘product: $product’;',24,NULL,2),
 (371,'What is the correct sintax for creating a class?',24,NULL,2),
 (372,'Given:\r\nclass Product {\r\n	function getProduct () {\r\n		$bag = “Bag”;\r\n		return $bag;\r\n$bag = “7”;\r\n	}\r\n}\r\n\r\n$product = new Product ();\r\necho $product->getProduct ();',24,NULL,3),
 (373,'What is the best way to get the highest value?',24,NULL,1),
 (374,'How do you prevent a file is included twice?',24,NULL,2),
 (375,'What function must be used to get content from output buffer?',24,NULL,3),
 (376,'What function must be used to connect to a mysql database?',24,NULL,1),
 (377,'What function runs a mysql query?',24,NULL,2),
 (378,'What function iterates mysql query result object as an associative array?',24,NULL,1),
 (379,'What function returns the query error message?',24,NULL,1),
 (380,'What function changes file permissions?',24,NULL,3),
 (381,'What´s function of this css properties display: none and visibility: hidden',3,NULL,2),
 (382,'CSS is used to…',3,NULL,2),
 (383,'The C in CSS stands for?',3,NULL,2),
 (384,'Which of these is not a valid CSS selector?',3,NULL,2),
 (385,'What’s the effective width of the container? \r\n#container {width: 100px; padding: 10px; margin: 20px;}\r\n',3,NULL,2),
 (386,'How do you center an element horizontally?',3,NULL,2),
 (387,'span { font-size: 12px; padding: 2px; color: #fff; display: inline;}\r\nIn the rule above, which of the declarations is irrelevant?\r\n',3,NULL,2),
 (388,'#id {margin: 20px 30px 10px 50px}\r\nThe margin-right value will be?\r\n',3,NULL,2),
 (389,'p div.selected matches?',3,NULL,2),
 (390,'What is the order of precedence when you’re embedding CSS using different methods?',3,NULL,2),
 (391,'The * selector selects…',3,NULL,2),
 (392,'The correct way to link to a stylesheet in the head is?',3,NULL,2),
 (393,'All elements in XHTML must be closed',15,NULL,2),
 (394,'Is this correct XHTML?\r\n<ul>\r\n<li>Coffee</li>\r\n<li>Tea\r\n<ul>\r\n<li>Black tea</li>\r\n<li>Green tea</li>\r\n</ul>\r\n<li>Milk</li>\r\n</ul>\r\n',15,NULL,2),
 (395,'The DOCTYPE declaration has no closing tag',15,NULL,2),
 (396,'Which elements are mandatory in an XHTML document?',15,NULL,2),
 (397,'Do all XHTML documents require a doctype?',15,NULL,2),
 (398,'What are the different DTDs in XHTML?',15,NULL,2),
 (399,'What is the most common XHTML DTD?',15,NULL,2),
 (400,'XHTML documents must be \"well-formed\"',15,NULL,2),
 (401,'What XHTML code is \"well-formed\"?',15,NULL,2),
 (402,'All XHTML tags and attributes must be in lower case',15,NULL,2);
/*!40000 ALTER TABLE `question` ENABLE KEYS */;


--
-- Definition of table `question_answered`
--

DROP TABLE IF EXISTS `question_answered`;
CREATE TABLE `question_answered` (
  `id` int(11) NOT NULL AUTO_INCREMENT,
  `question_id` int(11) NOT NULL,
  `correct` tinyint(1) NOT NULL,
  `test_id` int(11) NOT NULL,
  PRIMARY KEY (`id`),
  KEY `FK_question_answered` (`question_id`),
  KEY `FK_question_answered_test` (`test_id`)
) ENGINE=MyISAM AUTO_INCREMENT=2079 DEFAULT CHARSET=latin1;

--
-- Dumping data for table `question_answered`
--

/*!40000 ALTER TABLE `question_answered` DISABLE KEYS */;
INSERT INTO `question_answered` (`id`,`question_id`,`correct`,`test_id`) VALUES 
 (195,224,1,71),
 (196,232,0,71),
 (197,274,0,71),
 (198,235,1,71),
 (199,190,0,71),
 (200,279,0,71),
 (201,244,1,71),
 (202,216,0,71),
 (203,198,0,71),
 (204,209,0,71),
 (205,223,0,71),
 (206,275,0,71),
 (207,222,1,71),
 (208,249,0,71),
 (209,196,0,71),
 (210,263,0,71),
 (211,217,1,71),
 (212,237,1,71),
 (213,261,1,71),
 (214,211,0,71),
 (215,266,0,71),
 (216,270,0,71),
 (217,271,0,71),
 (218,214,1,71),
 (219,252,1,71),
 (220,195,0,71),
 (221,258,0,71),
 (222,228,0,71),
 (223,186,0,71),
 (224,189,0,71),
 (225,225,1,71),
 (226,215,1,71),
 (227,269,0,71),
 (228,253,1,71),
 (229,197,0,71),
 (230,247,1,71),
 (231,212,1,71),
 (232,250,0,71),
 (233,191,0,71),
 (234,260,1,71),
 (235,231,0,71),
 (236,236,1,71),
 (237,241,1,71),
 (238,246,1,71),
 (239,220,0,71),
 (240,205,0,71),
 (241,199,0,71),
 (242,194,0,71),
 (243,218,0,71),
 (244,187,0,71),
 (245,262,0,71),
 (246,204,0,71),
 (247,255,0,71),
 (248,188,0,71),
 (249,200,0,71),
 (250,184,0,71),
 (251,278,0,71),
 (252,245,0,71),
 (253,256,0,71),
 (254,233,1,71),
 (255,276,0,71),
 (256,201,1,71),
 (257,185,0,71),
 (258,230,1,71),
 (259,227,1,71),
 (260,254,1,71),
 (261,193,0,71),
 (262,243,0,71),
 (263,267,0,71),
 (264,203,0,71),
 (265,210,1,71),
 (266,277,1,71),
 (267,219,1,71),
 (268,259,0,71),
 (269,251,0,71),
 (270,242,0,71),
 (271,264,0,71),
 (272,268,0,71),
 (273,221,1,71),
 (274,273,0,71),
 (275,183,0,71),
 (276,257,0,71),
 (277,229,0,71),
 (278,226,0,71),
 (279,206,0,71),
 (280,238,1,71),
 (281,272,1,71),
 (282,265,0,71),
 (283,202,0,71),
 (284,234,0,71),
 (285,207,0,71),
 (286,239,1,71),
 (287,240,0,71),
 (288,213,1,71),
 (289,192,0,71),
 (290,208,0,71),
 (291,248,1,71),
 (292,243,0,72),
 (293,233,0,72),
 (294,208,0,72),
 (295,238,0,72),
 (296,216,0,72),
 (297,218,0,72),
 (298,228,0,72),
 (299,274,0,72),
 (300,247,0,72),
 (301,183,0,72),
 (302,212,0,72),
 (303,265,0,72),
 (304,273,0,72),
 (305,232,0,72),
 (306,205,0,72),
 (307,268,0,72),
 (308,201,0,72),
 (309,210,0,72),
 (310,246,0,72),
 (311,191,0,72),
 (312,241,0,72),
 (313,269,0,72),
 (314,234,0,72),
 (315,264,0,72),
 (316,250,0,72),
 (317,194,0,72),
 (318,226,0,72),
 (319,189,0,72),
 (320,271,0,72),
 (321,276,0,72),
 (322,203,0,72),
 (323,197,0,72),
 (324,236,0,72),
 (325,255,0,72),
 (326,259,0,72),
 (327,185,0,72),
 (328,248,0,72),
 (329,196,0,72),
 (330,187,0,72),
 (331,257,0,72),
 (332,275,0,72),
 (333,231,0,72),
 (334,266,0,72),
 (335,227,0,72),
 (336,277,0,72),
 (337,256,0,72),
 (338,217,0,72),
 (339,195,0,72),
 (340,245,0,72),
 (341,260,0,72),
 (342,219,0,72),
 (343,199,0,72),
 (344,211,0,72),
 (345,239,0,72),
 (346,202,0,72),
 (347,213,0,72),
 (348,229,0,72),
 (349,242,0,72),
 (350,240,0,72),
 (351,184,0,72),
 (352,253,0,72),
 (353,237,0,72),
 (354,262,0,72),
 (355,214,0,72),
 (356,206,0,72),
 (357,186,0,72),
 (358,215,0,72),
 (359,270,0,72),
 (360,258,0,72),
 (361,225,0,72),
 (362,224,0,72),
 (363,235,0,72),
 (364,200,0,72),
 (365,267,0,72),
 (366,249,0,72),
 (367,230,0,72),
 (368,193,0,72),
 (369,190,0,72),
 (370,278,0,72),
 (371,188,0,72),
 (372,220,0,72),
 (373,223,0,72),
 (374,272,0,72),
 (375,192,0,72),
 (376,252,0,72),
 (377,207,0,72),
 (378,244,0,72),
 (379,279,0,72),
 (380,222,0,72),
 (381,209,0,72),
 (382,261,0,72),
 (383,254,0,72),
 (384,251,0,72),
 (385,221,0,72),
 (386,198,0,72),
 (387,204,0,72),
 (388,263,0,72),
 (389,216,0,73),
 (390,220,0,73),
 (391,236,0,73),
 (392,277,0,73),
 (393,212,0,73),
 (394,209,0,73),
 (395,266,0,73),
 (396,262,1,73),
 (397,227,0,73),
 (398,201,0,73),
 (399,249,0,73),
 (400,186,0,73),
 (401,228,1,73),
 (402,188,1,73),
 (403,185,0,73),
 (404,184,1,73),
 (405,229,0,73),
 (406,208,0,73),
 (407,263,0,73),
 (408,230,0,73),
 (409,278,1,73),
 (410,219,1,73),
 (411,270,0,73),
 (412,239,1,73),
 (413,198,0,73),
 (414,189,0,73),
 (415,253,0,73),
 (416,241,0,73),
 (417,235,1,73),
 (418,276,0,73),
 (419,260,0,73),
 (420,232,1,73),
 (421,190,0,73),
 (422,195,0,73),
 (423,213,1,73),
 (424,223,0,73),
 (425,203,0,73),
 (426,207,1,73),
 (427,279,1,73),
 (428,211,0,73),
 (429,192,1,73),
 (430,272,0,73),
 (431,254,1,73),
 (432,233,0,73),
 (433,202,0,73),
 (434,200,0,73),
 (435,258,0,73),
 (436,210,0,73),
 (437,187,0,73),
 (438,250,0,73),
 (439,237,0,73),
 (440,206,0,73),
 (441,271,0,73),
 (442,273,0,73),
 (443,269,1,73),
 (444,205,1,73),
 (445,244,0,73),
 (446,257,0,73),
 (447,242,1,73),
 (448,251,0,73),
 (449,224,0,73),
 (450,245,0,73),
 (451,265,0,73),
 (452,234,0,73),
 (453,267,0,73),
 (454,194,0,73),
 (455,222,0,73),
 (456,221,0,73),
 (457,274,0,73),
 (458,252,0,73),
 (459,264,0,73),
 (460,243,0,73),
 (461,215,0,73),
 (462,261,0,73),
 (463,191,0,73),
 (464,217,1,73),
 (465,218,0,73),
 (466,268,1,73),
 (467,199,0,73),
 (468,255,0,73),
 (469,225,0,73),
 (470,247,0,73),
 (471,193,0,73),
 (472,256,1,73),
 (473,246,1,73),
 (474,226,0,73),
 (475,238,1,73),
 (476,231,0,73),
 (477,259,1,73),
 (478,214,1,73),
 (479,196,1,73),
 (480,248,0,73),
 (481,275,0,73),
 (482,183,0,73),
 (483,204,0,73),
 (484,197,1,73),
 (485,240,0,73),
 (486,209,0,75),
 (487,214,0,75),
 (488,254,0,75),
 (489,240,0,75),
 (490,208,0,75),
 (491,251,0,75),
 (492,249,0,75),
 (493,199,0,75),
 (494,273,0,75),
 (495,225,0,75),
 (496,190,1,75),
 (497,207,0,75),
 (498,277,0,75),
 (499,267,0,75),
 (500,222,0,75),
 (501,247,0,75),
 (502,233,0,75),
 (503,245,0,75),
 (504,220,0,75),
 (505,244,0,75),
 (506,238,0,75),
 (507,188,0,75),
 (508,183,0,75),
 (509,217,0,75),
 (510,206,0,75),
 (511,234,0,75),
 (512,211,0,75),
 (513,185,0,75),
 (514,268,0,75),
 (515,258,0,75),
 (516,197,0,75),
 (517,248,0,75),
 (518,276,0,75),
 (519,255,0,75),
 (520,196,0,75),
 (521,201,0,75),
 (522,204,0,75),
 (523,184,0,75),
 (524,253,0,75),
 (525,230,0,75),
 (526,266,0,75),
 (527,205,0,75),
 (528,272,0,75),
 (529,194,0,75),
 (530,275,0,75),
 (531,195,0,75),
 (532,221,0,75),
 (533,216,0,75),
 (534,237,0,75),
 (535,239,0,75),
 (536,200,0,75),
 (537,203,0,75),
 (538,215,0,75),
 (539,192,0,75),
 (540,260,0,75),
 (541,264,0,75),
 (542,242,0,75),
 (543,241,0,75),
 (544,257,0,75),
 (545,189,0,75),
 (546,278,0,75),
 (547,186,0,75),
 (548,213,0,75),
 (549,231,0,75),
 (550,212,0,75),
 (551,259,0,75),
 (552,202,0,75),
 (553,265,0,75),
 (554,210,0,75),
 (555,279,0,75),
 (556,224,0,75),
 (557,252,0,75),
 (558,198,0,75),
 (559,263,0,75),
 (560,232,0,75),
 (561,228,0,75),
 (562,274,0,75),
 (563,226,0,75),
 (564,187,0,75),
 (565,270,0,75),
 (566,191,0,75),
 (567,271,0,75),
 (568,218,0,75),
 (569,261,0,75),
 (570,193,0,75),
 (571,262,0,75),
 (572,235,0,75),
 (573,250,0,75),
 (574,223,0,75),
 (575,243,0,75),
 (576,246,0,75),
 (577,229,0,75),
 (578,269,0,75),
 (579,219,0,75),
 (580,227,0,75),
 (581,236,0,75),
 (582,256,0,75),
 (583,245,0,80),
 (584,232,0,80),
 (585,279,0,80),
 (586,270,1,80),
 (587,240,1,80),
 (588,194,0,80),
 (589,271,0,80),
 (590,184,0,80),
 (591,233,0,80),
 (592,254,1,80),
 (593,204,0,80),
 (594,260,0,80),
 (595,241,0,80),
 (596,267,0,80),
 (597,205,0,80),
 (598,257,1,80),
 (599,221,0,80),
 (600,236,0,80),
 (601,225,0,80),
 (602,223,1,80),
 (603,210,0,80),
 (604,234,0,80),
 (605,266,0,80),
 (606,207,1,80),
 (607,218,1,80),
 (608,275,0,80),
 (609,191,0,80),
 (610,242,0,80),
 (611,238,1,80),
 (612,201,0,80),
 (613,219,0,80),
 (614,217,0,80),
 (615,272,0,80),
 (616,227,1,80),
 (617,195,1,80),
 (618,229,0,80),
 (619,252,0,80),
 (620,188,0,80),
 (621,206,0,80),
 (622,250,0,80),
 (623,276,0,80),
 (624,263,0,80),
 (625,211,1,80),
 (626,228,1,80),
 (627,216,1,80),
 (628,190,0,80),
 (629,203,1,80),
 (630,258,1,80),
 (631,214,0,80),
 (632,261,0,80),
 (633,198,0,80),
 (634,213,0,80),
 (635,262,0,80),
 (636,226,0,80),
 (637,237,1,80),
 (638,243,1,80),
 (639,274,0,80),
 (640,186,1,80),
 (641,202,0,80),
 (642,222,0,80),
 (643,235,1,80),
 (644,268,0,80),
 (645,189,1,80),
 (646,255,0,80),
 (647,196,0,80),
 (648,192,0,80),
 (649,248,1,80),
 (650,187,0,80),
 (651,208,0,80),
 (652,273,0,80),
 (653,215,0,80),
 (654,197,1,80),
 (655,259,0,80),
 (656,239,0,80),
 (657,193,0,80),
 (658,209,0,80),
 (659,253,0,80),
 (660,185,0,80),
 (661,247,1,80),
 (662,256,0,80),
 (663,277,0,80),
 (664,246,0,80),
 (665,212,0,80),
 (666,224,1,80),
 (667,244,1,80),
 (668,278,0,80),
 (669,269,0,80),
 (670,251,1,80),
 (671,230,0,80),
 (672,264,0,80),
 (673,199,0,80),
 (674,200,0,80),
 (675,220,1,80),
 (676,183,0,80),
 (677,231,1,80),
 (678,249,0,80),
 (679,265,0,80),
 (680,190,0,81),
 (681,188,0,81),
 (682,199,0,81),
 (683,192,0,81),
 (684,202,0,81),
 (685,183,0,81),
 (686,197,0,81),
 (687,184,0,81),
 (688,191,0,81),
 (689,196,0,81),
 (690,194,0,81),
 (691,193,0,81),
 (692,187,0,81),
 (693,185,0,81),
 (694,198,0,81),
 (695,186,1,81),
 (696,201,0,81),
 (697,200,1,81),
 (698,195,0,81),
 (699,189,0,81),
 (700,193,0,82),
 (701,184,0,82),
 (702,200,0,82),
 (703,183,0,82),
 (704,185,0,82),
 (705,191,0,82),
 (706,196,0,82),
 (707,189,0,82),
 (708,198,0,82),
 (709,202,0,82),
 (710,187,0,82),
 (711,197,0,82),
 (712,188,0,82),
 (713,199,1,82),
 (714,201,1,82),
 (715,195,0,82),
 (716,186,0,82),
 (717,194,0,82),
 (718,190,0,82),
 (719,192,0,82),
 (720,243,1,85),
 (721,257,1,85),
 (722,254,1,85),
 (723,249,1,85),
 (724,208,0,85),
 (725,204,1,85),
 (726,220,1,85),
 (727,251,1,85),
 (728,212,0,85),
 (729,247,1,85),
 (730,211,1,85),
 (731,206,1,85),
 (732,256,1,85),
 (733,244,1,85),
 (734,253,1,85),
 (735,216,0,85),
 (736,218,0,85),
 (737,245,0,85),
 (738,252,1,85),
 (739,221,1,85),
 (740,203,1,85),
 (741,259,1,85),
 (742,255,1,85),
 (743,207,1,85),
 (744,222,1,85),
 (745,215,1,85),
 (746,217,0,85),
 (747,214,1,85),
 (748,210,1,85),
 (749,209,1,85),
 (750,205,1,85),
 (751,250,0,85),
 (752,213,1,85),
 (753,258,1,85),
 (754,248,1,85),
 (755,246,1,85),
 (756,219,1,85),
 (757,243,1,86),
 (758,259,1,86),
 (759,258,1,86),
 (760,247,1,86),
 (761,213,1,86),
 (762,222,1,86),
 (763,210,1,86),
 (764,205,1,86),
 (765,214,1,86),
 (766,252,0,86),
 (767,246,1,86),
 (768,253,1,86),
 (769,255,0,86),
 (770,204,1,86),
 (771,244,1,86),
 (772,257,1,86),
 (773,221,1,86),
 (774,212,0,86),
 (775,249,1,86),
 (776,248,1,86),
 (777,203,1,86),
 (778,218,1,86),
 (779,211,1,86),
 (780,215,1,86),
 (781,207,1,86),
 (782,250,0,86),
 (783,209,0,86),
 (784,217,1,86),
 (785,220,1,86),
 (786,216,0,86),
 (787,219,0,86),
 (788,245,0,86),
 (789,254,1,86),
 (790,251,1,86),
 (791,206,1,86),
 (792,256,1,86),
 (793,208,1,86),
 (794,259,1,88),
 (795,246,1,88),
 (796,218,1,88),
 (797,221,0,88),
 (798,207,1,88),
 (799,214,1,88),
 (800,222,1,88),
 (801,253,1,88),
 (802,211,0,88),
 (803,256,1,88),
 (804,251,1,88),
 (805,258,1,88),
 (806,209,0,88),
 (807,203,1,88),
 (808,213,1,88),
 (809,217,0,88),
 (810,250,0,88),
 (811,245,1,88),
 (812,215,0,88),
 (813,204,1,88),
 (814,208,0,88),
 (815,244,1,88),
 (816,257,1,88),
 (817,206,1,88),
 (818,219,1,88),
 (819,248,1,88),
 (820,216,0,88),
 (821,247,1,88),
 (822,249,1,88),
 (823,210,1,88),
 (824,220,1,88),
 (825,205,1,88),
 (826,212,0,88),
 (827,255,1,88),
 (828,243,1,88),
 (829,254,1,88),
 (830,252,1,88),
 (831,256,1,89),
 (832,249,1,89),
 (833,251,1,89),
 (834,210,1,89),
 (835,250,0,89),
 (836,219,1,89),
 (837,218,0,89),
 (838,217,1,89),
 (839,247,0,89),
 (840,255,1,89),
 (841,209,0,89),
 (842,254,1,89),
 (843,215,1,89),
 (844,248,1,89),
 (845,220,0,89),
 (846,203,1,89),
 (847,258,1,89),
 (848,207,1,89),
 (849,253,1,89),
 (850,213,1,89),
 (851,206,1,89),
 (852,222,0,89),
 (853,257,1,89),
 (854,243,1,89),
 (855,204,1,89),
 (856,246,1,89),
 (857,259,1,89),
 (858,205,1,89),
 (859,252,1,89),
 (860,208,1,89),
 (861,216,1,89),
 (862,214,1,89),
 (863,245,1,89),
 (864,244,1,89),
 (865,211,0,89),
 (866,212,1,89),
 (867,221,0,89),
 (868,217,0,90),
 (869,252,0,90),
 (870,208,0,90),
 (871,206,1,90),
 (872,221,1,90),
 (873,255,1,90),
 (874,245,0,90),
 (875,243,1,90),
 (876,247,0,90),
 (877,249,1,90),
 (878,218,1,90),
 (879,215,1,90),
 (880,222,1,90),
 (881,219,1,90),
 (882,244,1,90),
 (883,214,1,90),
 (884,246,0,90),
 (885,205,0,90),
 (886,209,0,90),
 (887,203,1,90),
 (888,213,1,90),
 (889,254,1,90),
 (890,210,1,90),
 (891,256,1,90),
 (892,204,0,90),
 (893,259,1,90),
 (894,257,1,90),
 (895,251,1,90),
 (896,258,1,90),
 (897,207,1,90),
 (898,220,0,90),
 (899,250,0,90),
 (900,248,1,90),
 (901,211,1,90),
 (902,216,0,90),
 (903,212,0,90),
 (904,253,1,90),
 (905,248,1,91),
 (906,259,1,91),
 (907,213,0,91),
 (908,250,1,91),
 (909,204,0,91),
 (910,210,0,91),
 (911,203,0,91),
 (912,243,1,91),
 (913,252,1,91),
 (914,208,0,91),
 (915,207,0,91),
 (916,209,0,91),
 (917,222,0,91),
 (918,206,0,91),
 (919,251,0,91),
 (920,212,0,91),
 (921,214,1,91),
 (922,255,0,91),
 (923,253,1,91),
 (924,249,1,91),
 (925,215,0,91),
 (926,219,0,91),
 (927,217,0,91),
 (928,216,0,91),
 (929,258,1,91),
 (930,205,0,91),
 (931,247,0,91),
 (932,218,1,91),
 (933,257,0,91),
 (934,246,0,91),
 (935,221,0,91),
 (936,220,0,91),
 (937,254,1,91),
 (938,245,1,91),
 (939,211,0,91),
 (940,256,1,91),
 (941,244,1,91),
 (942,217,0,92),
 (943,243,1,92),
 (944,202,1,92),
 (945,187,0,92),
 (946,271,0,92),
 (947,209,0,92),
 (948,263,0,92),
 (949,240,1,92),
 (950,194,0,92),
 (951,259,1,92),
 (952,191,1,92),
 (953,205,0,92),
 (954,200,0,92),
 (955,237,1,92),
 (956,199,0,92),
 (957,267,0,92),
 (958,228,1,92),
 (959,277,0,92),
 (960,188,0,92),
 (961,273,0,92),
 (962,203,0,92),
 (963,211,0,92),
 (964,252,0,92),
 (965,270,0,92),
 (966,226,1,92),
 (967,206,0,92),
 (968,236,0,92),
 (969,238,1,92),
 (970,265,0,92),
 (971,192,0,92),
 (972,216,1,92),
 (973,246,0,92),
 (974,193,0,92),
 (975,225,1,92),
 (976,184,0,92),
 (977,256,0,92),
 (978,257,0,92),
 (979,223,1,92),
 (980,213,0,92),
 (981,231,0,92),
 (982,234,0,92),
 (983,269,0,92),
 (984,198,0,92),
 (985,262,0,92),
 (986,254,1,92),
 (987,207,1,92),
 (988,249,0,92),
 (989,185,0,92),
 (990,266,1,92),
 (991,197,0,92),
 (992,189,1,92),
 (993,276,0,92),
 (994,247,0,92),
 (995,264,0,92),
 (996,233,0,92),
 (997,186,0,92),
 (998,242,1,92),
 (999,227,0,92),
 (1000,230,1,92),
 (1001,224,0,92),
 (1002,214,0,92),
 (1003,235,0,92),
 (1004,279,0,92),
 (1005,260,0,92),
 (1006,212,0,92),
 (1007,244,1,92),
 (1008,201,1,92),
 (1009,250,0,92),
 (1010,210,0,92),
 (1011,229,0,92),
 (1012,195,1,92),
 (1013,215,0,92),
 (1014,274,1,92),
 (1015,258,1,92),
 (1016,245,0,92),
 (1017,219,1,92),
 (1018,255,1,92),
 (1019,190,0,92),
 (1020,218,1,92),
 (1021,261,0,92),
 (1022,275,0,92),
 (1023,268,0,92),
 (1024,272,1,92),
 (1025,183,0,92),
 (1026,204,0,92),
 (1027,232,1,92),
 (1028,253,0,92),
 (1029,222,0,92),
 (1030,239,0,92),
 (1031,220,1,92),
 (1032,221,0,92),
 (1033,241,0,92),
 (1034,251,0,92),
 (1035,278,0,92),
 (1036,208,1,92),
 (1037,196,1,92),
 (1038,248,1,92),
 (1039,204,0,95),
 (1040,250,0,95),
 (1041,212,0,95),
 (1042,243,0,95),
 (1043,248,0,95),
 (1044,206,0,95),
 (1045,252,0,95),
 (1046,207,0,95),
 (1047,245,0,95),
 (1048,255,0,95),
 (1049,251,0,95),
 (1050,215,0,95),
 (1051,205,0,95),
 (1052,203,0,95),
 (1053,209,0,95),
 (1054,217,0,95),
 (1055,259,0,95),
 (1056,253,0,95),
 (1057,221,0,95),
 (1058,220,0,95),
 (1059,246,0,95),
 (1060,222,0,95),
 (1061,247,0,95),
 (1062,211,0,95),
 (1063,208,0,95),
 (1064,258,0,95),
 (1065,257,0,95),
 (1066,218,0,95),
 (1067,249,0,95),
 (1068,219,0,95),
 (1069,256,0,95),
 (1070,214,0,95),
 (1071,213,0,95),
 (1072,254,0,95),
 (1073,216,0,95),
 (1074,244,0,95),
 (1075,210,0,95),
 (1076,254,1,96),
 (1077,205,1,96),
 (1078,244,1,96),
 (1079,212,0,96),
 (1080,219,1,96),
 (1081,253,1,96),
 (1082,203,1,96),
 (1083,247,1,96),
 (1084,216,0,96),
 (1085,218,0,96),
 (1086,246,1,96),
 (1087,214,1,96),
 (1088,256,1,96),
 (1089,252,1,96),
 (1090,213,1,96),
 (1091,222,1,96),
 (1092,207,1,96),
 (1093,215,0,96),
 (1094,220,0,96),
 (1095,221,0,96),
 (1096,250,1,96),
 (1097,243,1,96),
 (1098,255,1,96),
 (1099,211,0,96),
 (1100,245,1,96),
 (1101,206,1,96),
 (1102,259,1,96),
 (1103,210,1,96),
 (1104,258,1,96),
 (1105,204,1,96),
 (1106,209,0,96),
 (1107,208,0,96),
 (1108,257,1,96),
 (1109,248,1,96),
 (1110,251,1,96),
 (1111,249,1,96),
 (1112,217,0,96),
 (1113,252,1,94),
 (1114,238,1,94),
 (1115,259,1,94),
 (1116,191,1,94),
 (1117,216,1,94),
 (1118,196,1,94),
 (1119,268,1,94),
 (1120,190,1,94),
 (1121,266,1,94),
 (1122,258,1,94),
 (1123,223,1,94),
 (1124,230,0,94),
 (1125,248,1,94),
 (1126,198,1,94),
 (1127,207,1,94),
 (1128,240,1,94),
 (1129,254,1,94),
 (1130,245,1,94),
 (1131,277,0,94),
 (1132,200,1,94),
 (1133,264,0,94),
 (1134,241,1,94),
 (1135,255,1,94),
 (1136,194,1,94),
 (1137,204,1,94),
 (1138,217,0,94),
 (1139,225,0,94),
 (1140,197,1,94),
 (1141,269,0,94),
 (1142,275,0,94),
 (1143,274,0,94),
 (1144,224,1,94),
 (1145,243,1,94),
 (1146,195,1,94),
 (1147,249,1,94),
 (1148,250,0,94),
 (1149,219,1,94),
 (1150,233,1,94),
 (1151,262,0,94),
 (1152,242,0,94),
 (1153,263,0,94),
 (1154,237,1,94),
 (1155,271,0,94),
 (1156,236,1,94),
 (1157,215,0,94),
 (1158,246,0,94),
 (1159,185,1,94),
 (1160,273,0,94),
 (1161,226,1,94),
 (1162,205,0,94),
 (1163,253,1,94),
 (1164,192,0,94),
 (1165,235,0,94),
 (1166,247,1,94),
 (1167,206,1,94),
 (1168,265,0,94),
 (1169,213,1,94),
 (1170,261,0,94),
 (1171,232,1,94),
 (1172,244,1,94),
 (1173,267,0,94),
 (1174,227,1,94),
 (1175,203,1,94),
 (1176,209,0,94),
 (1177,187,0,94),
 (1178,278,1,94),
 (1179,234,1,94),
 (1180,189,1,94),
 (1181,239,1,94),
 (1182,220,0,94),
 (1183,211,1,94),
 (1184,208,0,94),
 (1185,256,0,94),
 (1186,270,0,94),
 (1187,186,1,94),
 (1188,276,0,94),
 (1189,183,1,94),
 (1190,221,1,94),
 (1191,210,1,94),
 (1192,201,1,94),
 (1193,184,1,94),
 (1194,199,1,94),
 (1195,229,1,94),
 (1196,231,0,94),
 (1197,279,0,94),
 (1198,222,1,94),
 (1199,214,1,94),
 (1200,202,1,94),
 (1201,218,0,94),
 (1202,257,1,94),
 (1203,228,1,94),
 (1204,272,0,94),
 (1205,193,1,94),
 (1206,212,1,94),
 (1207,188,1,94),
 (1208,251,0,94),
 (1209,260,1,94),
 (1210,366,1,97),
 (1211,368,1,97),
 (1212,377,1,97),
 (1213,378,1,97),
 (1214,250,1,97),
 (1215,379,1,97),
 (1216,245,1,97),
 (1217,255,1,97),
 (1218,361,0,97),
 (1219,376,1,97),
 (1220,364,1,97),
 (1221,369,1,97),
 (1222,367,1,97),
 (1223,246,1,97),
 (1224,251,1,97),
 (1225,214,0,99),
 (1226,207,0,99),
 (1227,259,1,99),
 (1228,219,1,99),
 (1229,218,1,99),
 (1230,258,0,99),
 (1231,244,1,99),
 (1232,249,0,99),
 (1233,210,0,99),
 (1234,256,1,99),
 (1235,245,1,99),
 (1236,220,1,99),
 (1237,211,0,99),
 (1238,213,0,99),
 (1239,254,1,99),
 (1240,212,1,99),
 (1241,221,0,99),
 (1242,255,0,99),
 (1243,205,0,99),
 (1244,251,0,99),
 (1245,222,0,99),
 (1246,250,0,99),
 (1247,217,0,99),
 (1248,215,1,99),
 (1249,206,1,99),
 (1250,247,0,99),
 (1251,204,1,99),
 (1252,257,0,99),
 (1253,246,1,99),
 (1254,253,0,99),
 (1255,243,1,99),
 (1256,209,1,99),
 (1257,203,1,99),
 (1258,216,1,99),
 (1259,208,1,99),
 (1260,252,1,99),
 (1261,248,1,99),
 (1262,245,1,101),
 (1263,257,1,101),
 (1264,246,0,101),
 (1265,217,1,101),
 (1266,259,1,101),
 (1267,207,1,101),
 (1268,218,0,101),
 (1269,215,1,101),
 (1270,203,1,101),
 (1271,216,0,101),
 (1272,211,1,101),
 (1273,220,1,101),
 (1274,244,1,101),
 (1275,221,1,101),
 (1276,208,0,101),
 (1277,247,0,101),
 (1278,255,1,101),
 (1279,213,1,101),
 (1280,205,1,101),
 (1281,210,1,101),
 (1282,222,1,101),
 (1283,219,1,101),
 (1284,256,1,101),
 (1285,251,1,101),
 (1286,248,1,101),
 (1287,209,0,101),
 (1288,204,1,101),
 (1289,212,1,101),
 (1290,253,0,101),
 (1291,249,1,101),
 (1292,258,1,101),
 (1293,254,1,101),
 (1294,206,1,101),
 (1295,243,1,101),
 (1296,214,1,101),
 (1297,250,0,101),
 (1298,252,1,101),
 (1299,189,1,102),
 (1300,190,1,102),
 (1301,192,0,102),
 (1302,185,1,102),
 (1303,197,0,102),
 (1304,196,1,102),
 (1305,184,1,102),
 (1306,187,0,102),
 (1307,202,1,102),
 (1308,188,1,102),
 (1309,186,1,102),
 (1310,199,1,102),
 (1311,193,1,102),
 (1312,200,1,102),
 (1313,195,0,102),
 (1314,191,1,102),
 (1315,194,1,102),
 (1316,201,1,102),
 (1317,183,1,102),
 (1318,198,1,102),
 (1319,217,0,103),
 (1320,208,0,103),
 (1321,247,1,103),
 (1322,203,1,103),
 (1323,244,1,103),
 (1324,246,1,103),
 (1325,249,1,103),
 (1326,213,0,103),
 (1327,211,0,103),
 (1328,207,1,103),
 (1329,255,1,103),
 (1330,250,0,103),
 (1331,220,0,103),
 (1332,251,1,103),
 (1333,212,1,103),
 (1334,243,1,103),
 (1335,245,1,103),
 (1336,206,1,103),
 (1337,209,0,103),
 (1338,210,1,103),
 (1339,256,1,103),
 (1340,254,1,103),
 (1341,216,0,103),
 (1342,257,1,103),
 (1343,219,1,103),
 (1344,252,1,103),
 (1345,259,1,103),
 (1346,204,1,103),
 (1347,215,1,103),
 (1348,221,0,103),
 (1349,248,1,103),
 (1350,218,1,103),
 (1351,205,1,103),
 (1352,214,1,103),
 (1353,253,1,103),
 (1354,222,1,103),
 (1355,258,1,103),
 (1356,258,1,104),
 (1357,236,0,104),
 (1358,247,1,104),
 (1359,248,1,104),
 (1360,224,0,104),
 (1361,218,1,104),
 (1362,186,1,104),
 (1363,262,0,104),
 (1364,269,0,104),
 (1365,254,1,104),
 (1366,253,1,104),
 (1367,270,0,104),
 (1368,249,0,104),
 (1369,267,0,104),
 (1370,279,1,104),
 (1371,215,1,104),
 (1372,228,0,104),
 (1373,265,0,104),
 (1374,208,0,104),
 (1375,202,1,104),
 (1376,246,0,104),
 (1377,205,1,104),
 (1378,239,1,104),
 (1379,213,0,104),
 (1380,276,1,104),
 (1381,243,0,104),
 (1382,212,1,104),
 (1383,266,0,104),
 (1384,189,1,104),
 (1385,197,0,104),
 (1386,252,0,104),
 (1387,195,0,104),
 (1388,264,1,104),
 (1389,235,0,104),
 (1390,273,0,104),
 (1391,275,0,104),
 (1392,261,1,104),
 (1393,221,0,104),
 (1394,237,1,104),
 (1395,242,1,104),
 (1396,227,1,104),
 (1397,190,0,104),
 (1398,260,1,104),
 (1399,241,1,104),
 (1400,222,1,104),
 (1401,263,1,104),
 (1402,272,1,104),
 (1403,271,1,104),
 (1404,188,1,104),
 (1405,201,1,104),
 (1406,196,0,104),
 (1407,240,1,104),
 (1408,233,1,104),
 (1409,256,1,104),
 (1410,217,0,104),
 (1411,226,0,104),
 (1412,184,1,104),
 (1413,193,1,104),
 (1414,223,1,104),
 (1415,230,1,104),
 (1416,278,1,104),
 (1417,220,0,104),
 (1418,274,0,104),
 (1419,198,0,104),
 (1420,231,1,104),
 (1421,257,1,104),
 (1422,200,0,104),
 (1423,255,1,104),
 (1424,234,1,104),
 (1425,244,1,104),
 (1426,245,1,104),
 (1427,229,1,104),
 (1428,187,0,104),
 (1429,232,1,104),
 (1430,203,0,104),
 (1431,194,1,104),
 (1432,277,0,104),
 (1433,209,0,104),
 (1434,219,1,104),
 (1435,199,0,104),
 (1436,250,0,104),
 (1437,225,1,104),
 (1438,238,1,104),
 (1439,214,0,104),
 (1440,268,1,104),
 (1441,210,0,104),
 (1442,206,1,104),
 (1443,251,0,104),
 (1444,211,0,104),
 (1445,259,1,104),
 (1446,207,1,104),
 (1447,216,0,104),
 (1448,204,1,104),
 (1449,333,0,108),
 (1450,324,1,108),
 (1451,328,0,108),
 (1452,357,1,108),
 (1453,338,0,108),
 (1454,355,1,108),
 (1455,325,1,108),
 (1456,336,1,108),
 (1457,326,1,108),
 (1458,330,0,108),
 (1459,359,1,108),
 (1460,331,0,108),
 (1461,335,0,108),
 (1462,327,1,108),
 (1463,351,0,108),
 (1464,334,1,108),
 (1465,337,1,108),
 (1466,332,1,108),
 (1467,348,1,108),
 (1468,339,0,108),
 (1469,350,1,108),
 (1470,342,0,108),
 (1471,349,0,108),
 (1472,340,0,108),
 (1473,354,1,108),
 (1474,352,1,108),
 (1475,358,1,108),
 (1476,329,0,108),
 (1477,341,0,108),
 (1478,306,1,107),
 (1479,315,0,107),
 (1480,347,1,107),
 (1481,309,1,107),
 (1482,318,1,107),
 (1483,317,1,107),
 (1484,313,0,107),
 (1485,305,1,107),
 (1486,354,1,107),
 (1487,356,0,107),
 (1488,319,1,107),
 (1489,303,0,107),
 (1490,308,1,107),
 (1491,352,1,107),
 (1492,314,0,107),
 (1493,312,1,107),
 (1494,350,1,107),
 (1495,316,1,107),
 (1496,360,0,107),
 (1497,323,1,107),
 (1498,346,1,107),
 (1499,355,1,107),
 (1500,344,0,107),
 (1501,310,1,107),
 (1502,311,0,107),
 (1503,349,1,107),
 (1504,302,0,107),
 (1505,322,1,107),
 (1506,358,1,107),
 (1507,307,1,107),
 (1508,212,0,110),
 (1509,250,0,110),
 (1510,395,0,110),
 (1511,247,1,110),
 (1512,255,1,110),
 (1513,219,1,110),
 (1514,396,0,110),
 (1515,246,1,110),
 (1516,252,0,110),
 (1517,392,1,110),
 (1518,388,0,110),
 (1519,253,1,110),
 (1520,244,1,110),
 (1521,205,1,110),
 (1522,383,1,110),
 (1523,249,0,110),
 (1524,207,1,110),
 (1525,386,1,110),
 (1526,256,1,110),
 (1527,382,0,110),
 (1528,385,1,110),
 (1529,221,0,110),
 (1530,400,1,110),
 (1531,402,1,110),
 (1532,213,1,110),
 (1533,381,1,110),
 (1534,383,1,111),
 (1535,221,1,111),
 (1536,400,1,111),
 (1537,256,1,111),
 (1538,217,0,111),
 (1539,215,0,111),
 (1540,394,1,111),
 (1541,222,1,111),
 (1542,398,1,111),
 (1543,251,0,111),
 (1544,397,1,111),
 (1545,246,0,111),
 (1546,392,1,111),
 (1547,396,0,111),
 (1548,216,1,111),
 (1549,249,1,111),
 (1550,391,0,111),
 (1551,203,1,111),
 (1552,387,1,111),
 (1553,399,1,111),
 (1554,253,0,111),
 (1555,244,0,111),
 (1556,382,0,111),
 (1557,245,0,111),
 (1558,386,0,111),
 (1559,402,0,111),
 (1560,392,1,114),
 (1561,393,0,114),
 (1562,365,0,114),
 (1563,370,0,114),
 (1564,375,0,114),
 (1565,210,0,114),
 (1566,252,0,114),
 (1567,216,0,114),
 (1568,367,0,114),
 (1569,212,0,114),
 (1570,248,0,114),
 (1571,215,0,114),
 (1572,389,0,114),
 (1573,366,0,114),
 (1574,372,0,114),
 (1575,220,0,114),
 (1576,386,1,114),
 (1577,402,1,114),
 (1578,364,0,114),
 (1579,382,0,114),
 (1580,374,0,114),
 (1581,222,0,114),
 (1582,377,0,114),
 (1583,385,1,114),
 (1584,369,0,114),
 (1585,218,0,114),
 (1586,399,1,114),
 (1587,380,0,114),
 (1588,368,0,114),
 (1589,217,0,114),
 (1590,211,0,114),
 (1591,208,0,114),
 (1592,220,1,115),
 (1593,369,1,115),
 (1594,208,0,115),
 (1595,222,1,115),
 (1596,368,1,115),
 (1597,367,0,115),
 (1598,255,1,115),
 (1599,402,0,115),
 (1600,252,1,115),
 (1601,243,1,115),
 (1602,212,0,115),
 (1603,246,1,115),
 (1604,374,1,115),
 (1605,218,0,115),
 (1606,375,0,115),
 (1607,364,1,115),
 (1608,394,1,115),
 (1609,217,0,115),
 (1610,219,1,115),
 (1611,377,1,115),
 (1612,371,1,115),
 (1613,206,1,115),
 (1614,372,1,115),
 (1615,400,1,115),
 (1616,386,0,115),
 (1617,205,1,115),
 (1618,384,1,115),
 (1619,391,1,115),
 (1620,380,0,115),
 (1621,370,0,115),
 (1622,211,0,115),
 (1623,366,0,115),
 (1624,217,0,116),
 (1625,251,1,116),
 (1626,371,1,116),
 (1627,204,1,116),
 (1628,372,1,116),
 (1629,367,1,116),
 (1630,207,1,116),
 (1631,249,1,116),
 (1632,364,0,116),
 (1633,213,1,116),
 (1634,369,1,116),
 (1635,374,1,116),
 (1636,215,1,116),
 (1637,393,1,116),
 (1638,205,1,116),
 (1639,394,1,116),
 (1640,368,1,116),
 (1641,203,1,116),
 (1642,386,1,116),
 (1643,399,1,116),
 (1644,219,1,116),
 (1645,377,1,116),
 (1646,384,1,116),
 (1647,254,1,116),
 (1648,370,0,116),
 (1649,366,1,116),
 (1650,209,0,116),
 (1651,243,1,116),
 (1652,212,0,116),
 (1653,380,1,116),
 (1654,375,0,116),
 (1655,383,1,116),
 (1656,387,0,119),
 (1657,257,1,119),
 (1658,368,0,119),
 (1659,256,0,119),
 (1660,371,0,119),
 (1661,394,1,119),
 (1662,205,0,119),
 (1663,381,0,119),
 (1664,245,1,119),
 (1665,385,0,119),
 (1666,389,0,119),
 (1667,402,1,119),
 (1668,384,1,119),
 (1669,382,1,119),
 (1670,365,0,119),
 (1671,218,1,119),
 (1672,367,0,119),
 (1673,246,1,119),
 (1674,391,0,119),
 (1675,254,1,119),
 (1676,393,1,119),
 (1677,377,0,119),
 (1678,395,1,119),
 (1679,248,1,119),
 (1680,399,0,119),
 (1681,250,0,119),
 (1682,259,1,119),
 (1683,243,1,119),
 (1684,383,1,119),
 (1685,221,0,119),
 (1686,222,1,119),
 (1687,388,1,119),
 (1688,252,1,119),
 (1689,211,0,119),
 (1690,390,0,119),
 (1691,397,1,119),
 (1692,203,1,119),
 (1693,400,1,119),
 (1694,253,0,119),
 (1695,208,0,119),
 (1696,392,1,119),
 (1697,220,0,119),
 (1698,258,0,119),
 (1699,380,1,122),
 (1700,377,1,122),
 (1701,396,0,122),
 (1702,364,1,122),
 (1703,374,1,122),
 (1704,382,1,122),
 (1705,211,0,122),
 (1706,217,1,122),
 (1707,208,0,122),
 (1708,221,1,122),
 (1709,372,0,122),
 (1710,213,1,122),
 (1711,400,1,122),
 (1712,375,0,122),
 (1713,366,0,122),
 (1714,368,0,122),
 (1715,256,1,122),
 (1716,393,1,122),
 (1717,251,1,122),
 (1718,218,0,122),
 (1719,206,1,122),
 (1720,384,1,122),
 (1721,219,1,122),
 (1722,220,1,122),
 (1723,371,1,122),
 (1724,205,1,122),
 (1725,385,0,122),
 (1726,399,1,122),
 (1727,369,0,122),
 (1728,392,1,122),
 (1729,365,0,122),
 (1730,370,1,122),
 (1731,205,1,125),
 (1732,257,1,125),
 (1733,258,1,125),
 (1734,189,0,125),
 (1735,278,1,125),
 (1736,229,1,125),
 (1737,203,1,125),
 (1738,250,0,125),
 (1739,254,1,125),
 (1740,275,0,125),
 (1741,225,0,125),
 (1742,209,0,125),
 (1743,234,1,125),
 (1744,270,0,125),
 (1745,196,1,125),
 (1746,230,0,125),
 (1747,239,1,125),
 (1748,208,0,125),
 (1749,252,1,125),
 (1750,206,1,125),
 (1751,268,1,125),
 (1752,259,1,125),
 (1753,221,1,125),
 (1754,238,1,125),
 (1755,397,1,125),
 (1756,393,1,125),
 (1757,202,1,125),
 (1758,223,1,125),
 (1759,187,0,125),
 (1760,218,1,125),
 (1761,188,0,125),
 (1762,277,0,125),
 (1763,244,1,125),
 (1764,402,0,125),
 (1765,220,1,125),
 (1766,269,0,125),
 (1767,193,1,125),
 (1768,231,1,125),
 (1769,216,1,125),
 (1770,186,1,125),
 (1771,398,0,125),
 (1772,219,1,125),
 (1773,228,1,125),
 (1774,217,0,125),
 (1775,214,1,125),
 (1776,213,1,125),
 (1777,265,0,125),
 (1778,279,0,125),
 (1779,194,0,125),
 (1780,226,0,125),
 (1781,236,1,125),
 (1782,222,1,125),
 (1783,396,0,125),
 (1784,207,1,125),
 (1785,233,1,125),
 (1786,401,1,125),
 (1787,210,1,125),
 (1788,399,1,125),
 (1789,224,1,125),
 (1790,262,0,125),
 (1791,198,0,125),
 (1792,395,0,125),
 (1793,212,1,125),
 (1794,247,0,125),
 (1795,267,0,125),
 (1796,260,1,125),
 (1797,251,0,125),
 (1798,195,0,125),
 (1799,263,0,125),
 (1800,273,0,125),
 (1801,211,0,125),
 (1802,197,0,125),
 (1803,276,0,125),
 (1804,237,1,125),
 (1805,241,1,125),
 (1806,264,0,125),
 (1807,192,0,125),
 (1808,227,1,125),
 (1809,232,1,125),
 (1810,400,1,125),
 (1811,271,0,125),
 (1812,215,0,125),
 (1813,272,0,125),
 (1814,204,1,125),
 (1815,240,0,125),
 (1816,394,1,125),
 (1817,201,1,125),
 (1818,200,0,125),
 (1819,261,0,125),
 (1820,266,0,125),
 (1821,248,1,125),
 (1822,199,0,125),
 (1823,242,1,125),
 (1824,235,1,125),
 (1825,274,0,125),
 (1826,184,1,125),
 (1827,257,1,126),
 (1828,184,0,126),
 (1829,215,1,126),
 (1830,244,1,126),
 (1831,237,1,126),
 (1832,205,1,126),
 (1833,232,1,126),
 (1834,221,0,126),
 (1835,395,0,126),
 (1836,230,1,126),
 (1837,189,0,126),
 (1838,188,0,126),
 (1839,266,0,126),
 (1840,260,1,126),
 (1841,196,0,126),
 (1842,272,0,126),
 (1843,264,0,126),
 (1844,195,1,126),
 (1845,254,1,126),
 (1846,248,1,126),
 (1847,197,1,126),
 (1848,398,0,126),
 (1849,210,0,126),
 (1850,247,0,126),
 (1851,222,1,126),
 (1852,198,1,126),
 (1853,269,0,126),
 (1854,393,1,126),
 (1855,397,1,126),
 (1856,267,0,126),
 (1857,274,0,126),
 (1858,225,1,126),
 (1859,231,0,126),
 (1860,275,1,126),
 (1861,241,0,126),
 (1862,202,1,126),
 (1863,206,1,126),
 (1864,277,0,126),
 (1865,193,1,126),
 (1866,212,0,126),
 (1867,273,1,126),
 (1868,227,1,126),
 (1869,258,1,126),
 (1870,216,0,126),
 (1871,235,0,126),
 (1872,236,1,126),
 (1873,402,0,126),
 (1874,261,0,126),
 (1875,253,1,126),
 (1876,240,0,126),
 (1877,252,1,126),
 (1878,199,0,126),
 (1879,239,1,126),
 (1880,204,1,126),
 (1881,262,1,126),
 (1882,238,0,126),
 (1883,229,1,126),
 (1884,224,0,126),
 (1885,208,0,126),
 (1886,263,0,126),
 (1887,213,0,126),
 (1888,192,0,126),
 (1889,228,1,126),
 (1890,207,1,126),
 (1891,203,1,126),
 (1892,255,1,126),
 (1893,250,1,126),
 (1894,242,1,126),
 (1895,218,1,126),
 (1896,223,1,126),
 (1897,211,0,126),
 (1898,234,1,126),
 (1899,401,0,126),
 (1900,220,0,126),
 (1901,217,0,126),
 (1902,270,0,126),
 (1903,396,0,126),
 (1904,187,0,126),
 (1905,259,1,126),
 (1906,399,1,126),
 (1907,276,0,126),
 (1908,219,1,126),
 (1909,186,1,126),
 (1910,279,1,126),
 (1911,214,0,126),
 (1912,194,1,126),
 (1913,200,0,126),
 (1914,233,1,126),
 (1915,209,0,126),
 (1916,226,0,126),
 (1917,268,0,126),
 (1918,201,1,126),
 (1919,251,0,126),
 (1920,271,0,126),
 (1921,278,1,126),
 (1922,265,0,126),
 (1923,202,1,130),
 (1924,255,1,130),
 (1925,276,0,130),
 (1926,216,0,130),
 (1927,251,0,130),
 (1928,263,1,130),
 (1929,236,1,130),
 (1930,247,0,130),
 (1931,218,1,130),
 (1932,223,1,130),
 (1933,270,0,130),
 (1934,213,0,130),
 (1935,271,0,130),
 (1936,265,0,130),
 (1937,258,1,130),
 (1938,206,1,130),
 (1939,214,0,130),
 (1940,260,1,130),
 (1941,396,0,130),
 (1942,254,1,130),
 (1943,222,1,130),
 (1944,211,0,130),
 (1945,187,0,130),
 (1946,221,0,130),
 (1947,242,0,130),
 (1948,261,1,130),
 (1949,253,1,130),
 (1950,235,0,130),
 (1951,400,1,130),
 (1952,184,0,130),
 (1953,196,1,130),
 (1954,239,1,130),
 (1955,227,1,130),
 (1956,219,1,130),
 (1957,279,0,130),
 (1958,268,1,130),
 (1959,395,1,130),
 (1960,238,1,130),
 (1961,205,1,130),
 (1962,210,0,130),
 (1963,257,1,130),
 (1964,197,1,130),
 (1965,273,0,130),
 (1966,226,1,130),
 (1967,241,0,130),
 (1968,207,1,130),
 (1969,215,1,130),
 (1970,198,0,130),
 (1971,269,0,130),
 (1972,229,0,130),
 (1973,278,0,130),
 (1974,234,0,130),
 (1975,228,0,130),
 (1976,225,0,130),
 (1977,212,1,130),
 (1978,194,1,130),
 (1979,195,0,130),
 (1980,398,1,130),
 (1981,231,1,130),
 (1982,250,0,130),
 (1983,397,0,130),
 (1984,199,1,130),
 (1985,200,0,130),
 (1986,192,0,130),
 (1987,230,0,130),
 (1988,399,1,130),
 (1989,201,1,130),
 (1990,203,1,130),
 (1991,272,1,130),
 (1992,267,1,130),
 (1993,224,0,130),
 (1994,393,0,130),
 (1995,209,1,130),
 (1996,217,1,130),
 (1997,220,1,130),
 (1998,244,1,130),
 (1999,262,1,130),
 (2000,189,1,130),
 (2001,233,0,130),
 (2002,274,0,130),
 (2003,252,0,130),
 (2004,240,1,130),
 (2005,248,1,130),
 (2006,401,1,130),
 (2007,266,0,130),
 (2008,264,0,130),
 (2009,275,0,130),
 (2010,190,0,130),
 (2011,232,1,130),
 (2012,259,1,130),
 (2013,204,1,130),
 (2014,237,1,130),
 (2015,193,0,130),
 (2016,277,0,130),
 (2017,186,1,130),
 (2018,208,1,130),
 (2019,356,0,131),
 (2020,348,0,131),
 (2021,316,1,131),
 (2022,359,1,131),
 (2023,309,1,131),
 (2024,312,1,131),
 (2025,349,1,131),
 (2026,346,1,131),
 (2027,344,1,131),
 (2028,304,1,131),
 (2029,357,1,131),
 (2030,315,0,131),
 (2031,305,1,131),
 (2032,322,0,131),
 (2033,345,1,131),
 (2034,307,1,131),
 (2035,311,0,131),
 (2036,313,0,131),
 (2037,310,0,131),
 (2038,319,1,131),
 (2039,352,1,131),
 (2040,314,0,131),
 (2041,353,1,131),
 (2042,308,1,131),
 (2043,317,1,131),
 (2044,302,0,131),
 (2045,306,0,131),
 (2046,350,1,131),
 (2047,323,0,131),
 (2048,303,1,131),
 (2049,288,1,132),
 (2050,292,1,132),
 (2051,347,0,132),
 (2052,351,0,132),
 (2053,284,1,132),
 (2054,358,1,132),
 (2055,352,0,132),
 (2056,287,0,132),
 (2057,301,1,132),
 (2058,281,0,132),
 (2059,343,0,132),
 (2060,359,1,132),
 (2061,294,0,132),
 (2062,285,1,132),
 (2063,296,0,132),
 (2064,345,1,132),
 (2065,356,0,132),
 (2066,290,0,132),
 (2067,291,0,132),
 (2068,300,0,132),
 (2069,286,1,132),
 (2070,360,0,132),
 (2071,295,0,132),
 (2072,289,0,132),
 (2073,283,0,132),
 (2074,299,0,132),
 (2075,297,1,132),
 (2076,280,1,132),
 (2077,354,1,132),
 (2078,346,0,132);
/*!40000 ALTER TABLE `question_answered` ENABLE KEYS */;


--
-- Definition of table `questiontest`
--

DROP TABLE IF EXISTS `questiontest`;
CREATE TABLE `questiontest` (
  `question_id` int(11) DEFAULT NULL,
  `test_id` int(11) DEFAULT NULL,
  KEY `FK_questiontest` (`test_id`),
  KEY `FK_questiontest_id` (`question_id`)
) ENGINE=MyISAM DEFAULT CHARSET=latin1;

--
-- Dumping data for table `questiontest`
--

/*!40000 ALTER TABLE `questiontest` DISABLE KEYS */;
INSERT INTO `questiontest` (`question_id`,`test_id`) VALUES 
 (277,71),
 (245,71),
 (215,71),
 (258,71),
 (231,71),
 (203,71),
 (261,71),
 (251,71),
 (246,71),
 (216,71),
 (266,71),
 (265,71),
 (220,71),
 (232,71),
 (204,71),
 (230,71),
 (229,71),
 (188,71),
 (244,71),
 (199,71),
 (242,71),
 (250,71),
 (235,71),
 (189,71),
 (273,71),
 (193,71),
 (185,71),
 (274,71),
 (268,71),
 (272,71),
 (254,71),
 (236,71),
 (239,71),
 (241,71),
 (183,71),
 (224,71),
 (257,71),
 (271,71),
 (276,71),
 (218,71),
 (278,71),
 (192,71),
 (227,71),
 (208,71),
 (210,71),
 (255,71),
 (240,71),
 (190,71),
 (262,71),
 (214,71),
 (226,71),
 (267,71),
 (247,71),
 (228,71),
 (206,71),
 (213,71),
 (237,71),
 (233,71),
 (200,71),
 (197,71),
 (275,71),
 (223,71),
 (249,71),
 (238,71),
 (209,71),
 (186,71),
 (269,71),
 (259,71),
 (221,71),
 (187,71),
 (205,71),
 (225,71),
 (263,71),
 (196,71),
 (248,71),
 (198,71),
 (270,71),
 (234,71),
 (211,71),
 (195,71),
 (201,71),
 (279,71),
 (191,71),
 (252,71),
 (260,71),
 (207,71),
 (202,71),
 (194,71),
 (222,71),
 (253,71),
 (264,71),
 (212,71),
 (184,71),
 (243,71),
 (256,71),
 (217,71),
 (219,71),
 (248,72),
 (251,72),
 (260,72),
 (203,72),
 (238,72),
 (218,72),
 (207,72),
 (221,72),
 (240,72),
 (233,72),
 (230,72),
 (268,72),
 (224,72),
 (184,72),
 (255,72),
 (188,72),
 (209,72),
 (205,72),
 (236,72),
 (252,72),
 (202,72),
 (220,72),
 (261,72),
 (214,72),
 (210,72),
 (250,72),
 (185,72),
 (270,72),
 (201,72),
 (243,72),
 (274,72),
 (258,72),
 (264,72),
 (211,72),
 (213,72),
 (275,72),
 (231,72),
 (239,72),
 (226,72),
 (215,72),
 (232,72),
 (237,72),
 (217,72),
 (279,72),
 (267,72),
 (204,72),
 (265,72),
 (206,72),
 (200,72),
 (273,72),
 (272,72),
 (229,72),
 (257,72),
 (249,72),
 (256,72),
 (245,72),
 (228,72),
 (262,72),
 (277,72),
 (223,72),
 (259,72),
 (244,72),
 (222,72),
 (246,72),
 (247,72),
 (254,72),
 (212,72),
 (208,72),
 (191,72),
 (227,72),
 (263,72),
 (195,72),
 (183,72),
 (266,72),
 (241,72),
 (219,72),
 (234,72),
 (242,72),
 (199,72),
 (278,72),
 (193,72),
 (235,72),
 (186,72),
 (216,72),
 (269,72),
 (194,72),
 (225,72),
 (271,72),
 (198,72),
 (197,72),
 (189,72),
 (276,72),
 (253,72),
 (196,72),
 (187,72),
 (190,72),
 (192,72),
 (217,73),
 (191,73),
 (204,73),
 (187,73),
 (242,73),
 (186,73),
 (231,73),
 (195,73),
 (233,73),
 (277,73),
 (261,73),
 (263,73),
 (244,73),
 (205,73),
 (188,73),
 (237,73),
 (225,73),
 (214,73),
 (255,73),
 (252,73),
 (245,73),
 (247,73),
 (209,73),
 (256,73),
 (216,73),
 (220,73),
 (190,73),
 (199,73),
 (201,73),
 (219,73),
 (276,73),
 (185,73),
 (218,73),
 (227,73),
 (267,73),
 (230,73),
 (189,73),
 (192,73),
 (273,73),
 (228,73),
 (221,73),
 (223,73),
 (243,73),
 (213,73),
 (271,73),
 (268,73),
 (234,73),
 (272,73),
 (203,73),
 (269,73),
 (258,73),
 (184,73),
 (193,73),
 (196,73),
 (257,73),
 (226,73),
 (279,73),
 (236,73),
 (278,73),
 (254,73),
 (207,73),
 (197,73),
 (266,73),
 (262,73),
 (259,73),
 (274,73),
 (260,73),
 (202,73),
 (206,73),
 (229,73),
 (224,73),
 (248,73),
 (249,73),
 (250,73),
 (239,73),
 (270,73),
 (251,73),
 (241,73),
 (264,73),
 (238,73),
 (235,73),
 (275,73),
 (265,73),
 (246,73),
 (212,73),
 (198,73),
 (240,73),
 (222,73),
 (194,73),
 (210,73),
 (215,73),
 (183,73),
 (211,73),
 (208,73),
 (253,73),
 (200,73),
 (232,73),
 (216,74),
 (273,74),
 (220,74),
 (207,74),
 (248,74),
 (244,74),
 (266,74),
 (261,74),
 (264,74),
 (242,74),
 (249,74),
 (275,74),
 (251,74),
 (190,74),
 (234,74),
 (213,74),
 (193,74),
 (271,74),
 (199,74),
 (226,74),
 (269,74),
 (243,74),
 (210,74),
 (257,74),
 (185,74),
 (187,74),
 (186,74),
 (204,74),
 (265,74),
 (198,74),
 (258,74),
 (278,74),
 (263,74),
 (241,74),
 (247,74),
 (203,74),
 (268,74),
 (279,74),
 (208,74),
 (192,74),
 (277,74),
 (250,74),
 (229,74),
 (200,74),
 (254,74),
 (219,74),
 (225,74),
 (195,74),
 (236,74),
 (267,74),
 (246,74),
 (260,74),
 (194,74),
 (188,74),
 (184,74),
 (238,74),
 (232,74),
 (215,74),
 (211,74),
 (228,74),
 (272,74),
 (212,74),
 (218,74),
 (223,74),
 (221,74),
 (209,74),
 (259,74),
 (197,74),
 (233,74),
 (189,74),
 (214,74),
 (262,74),
 (183,74),
 (253,74),
 (274,74),
 (237,74),
 (196,74),
 (202,74),
 (270,74),
 (240,74),
 (206,74),
 (224,74),
 (217,74),
 (231,74),
 (276,74),
 (252,74),
 (239,74),
 (201,74),
 (255,74),
 (230,74),
 (205,74),
 (191,74),
 (245,74),
 (227,74),
 (256,74),
 (222,74),
 (235,74),
 (278,75),
 (210,75),
 (195,75),
 (240,75),
 (228,75),
 (201,75),
 (220,75),
 (213,75),
 (209,75),
 (263,75),
 (247,75),
 (219,75),
 (230,75),
 (249,75),
 (274,75),
 (200,75),
 (226,75),
 (227,75),
 (188,75),
 (186,75),
 (266,75),
 (204,75),
 (244,75),
 (224,75),
 (236,75),
 (232,75),
 (270,75),
 (253,75),
 (216,75),
 (260,75),
 (268,75),
 (222,75),
 (225,75),
 (235,75),
 (243,75),
 (190,75),
 (272,75),
 (276,75),
 (207,75),
 (208,75),
 (267,75),
 (239,75),
 (251,75),
 (238,75),
 (255,75),
 (254,75),
 (189,75),
 (237,75),
 (221,75),
 (245,75),
 (223,75),
 (246,75),
 (185,75),
 (256,75),
 (187,75),
 (184,75),
 (258,75),
 (218,75),
 (193,75),
 (269,75),
 (203,75),
 (275,75),
 (206,75),
 (234,75),
 (257,75),
 (198,75),
 (248,75),
 (279,75),
 (229,75),
 (215,75),
 (214,75),
 (199,75),
 (191,75),
 (183,75),
 (211,75),
 (259,75),
 (196,75),
 (242,75),
 (192,75),
 (271,75),
 (264,75),
 (197,75),
 (261,75),
 (212,75),
 (277,75),
 (231,75),
 (241,75),
 (217,75),
 (252,75),
 (250,75),
 (205,75),
 (202,75),
 (194,75),
 (265,75),
 (262,75),
 (233,75),
 (273,75),
 (247,76),
 (245,76),
 (232,76),
 (262,76),
 (202,76),
 (207,76),
 (228,76),
 (187,76),
 (249,76),
 (240,76),
 (233,76),
 (275,76),
 (210,76),
 (243,76),
 (225,76),
 (236,76),
 (260,76),
 (191,76),
 (261,76),
 (190,76),
 (204,76),
 (209,76),
 (192,76),
 (185,76),
 (255,76),
 (224,76),
 (201,76),
 (259,76),
 (269,76),
 (268,76),
 (272,76),
 (184,76),
 (194,76),
 (223,76),
 (273,76),
 (278,76),
 (208,76),
 (206,76),
 (256,76),
 (254,76),
 (265,76),
 (271,76),
 (264,76),
 (226,76),
 (216,76),
 (218,76),
 (263,76),
 (248,76),
 (186,76),
 (241,76),
 (258,76),
 (213,76),
 (253,76),
 (217,76),
 (199,76),
 (231,76),
 (279,76),
 (239,76),
 (230,76),
 (227,76),
 (196,76),
 (267,76),
 (246,76),
 (229,76),
 (203,76),
 (235,76),
 (197,76),
 (257,76),
 (215,76),
 (200,76),
 (214,76),
 (277,76),
 (183,76),
 (252,76),
 (221,76),
 (270,76),
 (238,76),
 (237,76),
 (274,76),
 (250,76),
 (220,76),
 (211,76),
 (189,76),
 (188,76),
 (222,76),
 (219,76),
 (242,76),
 (198,76),
 (266,76),
 (276,76),
 (251,76),
 (205,76),
 (234,76),
 (212,76),
 (244,76),
 (193,76),
 (195,76),
 (272,77),
 (259,77),
 (254,77),
 (226,77),
 (221,77),
 (228,77),
 (230,77),
 (276,77),
 (207,77),
 (279,77),
 (249,77),
 (214,77),
 (212,77),
 (215,77),
 (256,77),
 (246,77),
 (218,77),
 (199,77),
 (268,77),
 (235,77),
 (205,77),
 (251,77),
 (270,77),
 (277,77),
 (255,77),
 (262,77),
 (194,77),
 (203,77),
 (267,77),
 (189,77),
 (273,77),
 (237,77),
 (217,77),
 (202,77),
 (266,77),
 (219,77),
 (231,77),
 (209,77),
 (200,77),
 (233,77),
 (263,77),
 (232,77),
 (248,77),
 (220,77),
 (192,77),
 (227,77),
 (242,77),
 (208,77),
 (258,77),
 (222,77),
 (257,77),
 (216,77),
 (229,77),
 (204,77),
 (187,77),
 (238,77),
 (223,77),
 (191,77),
 (275,77),
 (265,77),
 (260,77),
 (274,77),
 (201,77),
 (264,77),
 (245,77),
 (196,77),
 (188,77),
 (271,77),
 (243,77),
 (206,77),
 (195,77),
 (184,77),
 (185,77),
 (225,77),
 (210,77),
 (197,77),
 (241,77),
 (247,77),
 (252,77),
 (193,77),
 (278,77),
 (240,77),
 (236,77),
 (239,77),
 (198,77),
 (269,77),
 (261,77),
 (213,77),
 (253,77),
 (186,77),
 (234,77),
 (190,77),
 (211,77),
 (250,77),
 (224,77),
 (244,77),
 (183,77),
 (190,78),
 (186,78),
 (200,78),
 (193,78),
 (201,78),
 (195,78),
 (184,78),
 (188,78),
 (192,78),
 (199,78),
 (198,78),
 (183,78),
 (197,78),
 (194,78),
 (187,78),
 (185,78),
 (191,78),
 (196,78),
 (189,78),
 (202,78),
 (273,79),
 (207,79),
 (218,79),
 (227,79),
 (266,79),
 (215,79),
 (232,79),
 (272,79),
 (201,79),
 (219,79),
 (186,79),
 (268,79),
 (248,79),
 (249,79),
 (229,79),
 (267,79),
 (238,79),
 (278,79),
 (261,79),
 (242,79),
 (241,79),
 (265,79),
 (263,79),
 (260,79),
 (210,79),
 (262,79),
 (224,79),
 (189,79),
 (231,79),
 (203,79),
 (240,79),
 (236,79),
 (251,79),
 (279,79),
 (253,79),
 (269,79),
 (223,79),
 (276,79),
 (191,79),
 (274,79),
 (234,79),
 (250,79),
 (258,79),
 (193,79),
 (252,79),
 (239,79),
 (208,79),
 (256,79),
 (217,79),
 (225,79),
 (228,79),
 (196,79),
 (214,79),
 (247,79),
 (222,79),
 (212,79),
 (245,79),
 (190,79),
 (185,79),
 (235,79),
 (237,79),
 (243,79),
 (277,79),
 (206,79),
 (270,79),
 (259,79),
 (257,79),
 (271,79),
 (246,79),
 (254,79),
 (230,79),
 (220,79),
 (192,79),
 (202,79),
 (187,79),
 (184,79),
 (194,79),
 (275,79),
 (264,79),
 (211,79),
 (195,79),
 (200,79),
 (204,79),
 (209,79),
 (216,79),
 (221,79),
 (213,79),
 (199,79),
 (255,79),
 (205,79),
 (197,79),
 (198,79),
 (233,79),
 (188,79),
 (244,79),
 (183,79),
 (226,79),
 (191,80),
 (198,80),
 (245,80),
 (207,80),
 (197,80),
 (212,80),
 (251,80),
 (186,80),
 (199,80),
 (247,80),
 (228,80),
 (246,80),
 (209,80),
 (218,80),
 (259,80),
 (240,80),
 (222,80),
 (264,80),
 (244,80),
 (221,80),
 (261,80),
 (262,80),
 (242,80),
 (239,80),
 (267,80),
 (273,80),
 (194,80),
 (241,80),
 (204,80),
 (271,80),
 (211,80),
 (263,80),
 (187,80),
 (220,80),
 (270,80),
 (216,80),
 (266,80),
 (260,80),
 (230,80),
 (232,80),
 (248,80),
 (256,80),
 (203,80),
 (277,80),
 (252,80),
 (214,80),
 (229,80),
 (237,80),
 (254,80),
 (219,80),
 (231,80),
 (192,80),
 (235,80),
 (205,80),
 (208,80),
 (227,80),
 (196,80),
 (202,80),
 (225,80),
 (269,80),
 (215,80),
 (217,80),
 (223,80),
 (257,80),
 (249,80),
 (190,80),
 (238,80),
 (272,80),
 (236,80),
 (250,80),
 (226,80),
 (279,80),
 (233,80),
 (200,80),
 (210,80),
 (258,80),
 (278,80),
 (255,80),
 (243,80),
 (274,80),
 (195,80),
 (253,80),
 (185,80),
 (265,80),
 (188,80),
 (193,80),
 (201,80),
 (184,80),
 (268,80),
 (234,80),
 (189,80),
 (276,80),
 (275,80),
 (183,80),
 (213,80),
 (224,80),
 (206,80),
 (189,81),
 (198,81),
 (188,81),
 (199,81),
 (200,81),
 (191,81),
 (187,81),
 (190,81),
 (202,81),
 (183,81),
 (185,81),
 (197,81),
 (194,81),
 (201,81),
 (196,81),
 (184,81),
 (195,81),
 (192,81),
 (193,81),
 (186,81),
 (201,82),
 (191,82),
 (195,82),
 (197,82),
 (198,82),
 (200,82),
 (190,82),
 (185,82),
 (202,82),
 (194,82),
 (196,82),
 (188,82),
 (186,82),
 (199,82),
 (187,82),
 (184,82),
 (193,82),
 (192,82),
 (183,82),
 (189,82),
 (206,83),
 (208,83),
 (218,83),
 (248,83),
 (220,83),
 (245,83),
 (216,83),
 (253,83),
 (247,83),
 (221,83),
 (257,83),
 (209,83),
 (255,83),
 (214,83),
 (259,83),
 (219,83),
 (203,83),
 (256,83),
 (210,83),
 (222,83),
 (250,83),
 (204,83),
 (211,83),
 (243,83),
 (246,83),
 (254,83),
 (252,83),
 (215,83),
 (217,83),
 (244,83),
 (251,83),
 (213,83),
 (249,83),
 (258,83),
 (212,83),
 (205,83),
 (207,83),
 (328,84),
 (349,84),
 (336,84),
 (347,84),
 (326,84),
 (350,84),
 (342,84),
 (340,84),
 (327,84),
 (337,84),
 (341,84),
 (360,84),
 (331,84),
 (353,84),
 (330,84),
 (354,84),
 (333,84),
 (345,84),
 (334,84),
 (325,84),
 (335,84),
 (338,84),
 (352,84),
 (339,84),
 (351,84),
 (329,84),
 (348,84),
 (324,84),
 (332,84),
 (256,85),
 (220,85),
 (245,85),
 (221,85),
 (211,85),
 (208,85),
 (206,85),
 (251,85),
 (214,85),
 (247,85),
 (218,85),
 (203,85),
 (244,85),
 (215,85),
 (219,85),
 (204,85),
 (248,85),
 (253,85),
 (209,85),
 (207,85),
 (259,85),
 (212,85),
 (217,85),
 (255,85),
 (250,85),
 (243,85),
 (257,85),
 (216,85),
 (258,85),
 (249,85),
 (246,85),
 (254,85),
 (213,85),
 (210,85),
 (205,85),
 (222,85),
 (252,85),
 (255,86),
 (212,86),
 (205,86),
 (209,86),
 (217,86),
 (208,86),
 (254,86),
 (210,86),
 (220,86),
 (211,86),
 (251,86),
 (218,86),
 (206,86),
 (207,86),
 (258,86),
 (214,86),
 (248,86),
 (256,86),
 (246,86),
 (203,86),
 (219,86),
 (250,86),
 (243,86),
 (249,86),
 (257,86),
 (253,86),
 (216,86),
 (213,86),
 (215,86),
 (244,86),
 (221,86),
 (245,86),
 (252,86),
 (247,86),
 (204,86),
 (259,86),
 (222,86),
 (249,87),
 (259,87),
 (204,87),
 (256,87),
 (219,87),
 (254,87),
 (247,87),
 (258,87),
 (207,87),
 (220,87),
 (211,87),
 (250,87),
 (245,87),
 (206,87),
 (215,87),
 (257,87),
 (251,87),
 (203,87),
 (255,87),
 (208,87),
 (217,87),
 (214,87),
 (218,87),
 (222,87),
 (210,87),
 (244,87),
 (216,87),
 (209,87),
 (243,87),
 (213,87),
 (246,87),
 (205,87),
 (221,87),
 (248,87),
 (253,87),
 (212,87),
 (252,87),
 (215,88),
 (217,88),
 (218,88),
 (221,88),
 (203,88),
 (258,88),
 (207,88),
 (208,88),
 (250,88),
 (255,88),
 (209,88),
 (251,88),
 (214,88),
 (253,88),
 (211,88),
 (257,88),
 (248,88),
 (213,88),
 (256,88),
 (216,88),
 (249,88),
 (247,88),
 (205,88),
 (210,88),
 (243,88),
 (254,88),
 (245,88),
 (212,88),
 (246,88),
 (206,88),
 (259,88),
 (204,88),
 (219,88),
 (220,88),
 (244,88),
 (222,88),
 (252,88),
 (220,89),
 (248,89),
 (209,89),
 (259,89),
 (203,89),
 (214,89),
 (211,89),
 (218,89),
 (246,89),
 (212,89),
 (213,89),
 (244,89),
 (216,89),
 (256,89),
 (254,89),
 (251,89),
 (245,89),
 (221,89),
 (205,89),
 (258,89),
 (215,89),
 (206,89),
 (208,89),
 (243,89),
 (217,89),
 (219,89),
 (250,89),
 (222,89),
 (252,89),
 (204,89),
 (255,89),
 (247,89),
 (253,89),
 (249,89),
 (207,89),
 (257,89),
 (210,89),
 (212,90),
 (219,90),
 (214,90),
 (252,90),
 (255,90),
 (254,90),
 (204,90),
 (249,90),
 (213,90),
 (253,90),
 (251,90),
 (209,90),
 (245,90),
 (248,90),
 (203,90),
 (207,90),
 (218,90),
 (247,90),
 (217,90),
 (222,90),
 (220,90),
 (215,90),
 (208,90),
 (259,90),
 (210,90),
 (216,90),
 (221,90),
 (244,90),
 (211,90),
 (205,90),
 (206,90),
 (256,90),
 (243,90),
 (246,90),
 (258,90),
 (250,90),
 (257,90),
 (248,91),
 (203,91),
 (207,91),
 (210,91),
 (222,91),
 (205,91),
 (258,91),
 (245,91),
 (211,91),
 (218,91),
 (214,91),
 (256,91),
 (257,91),
 (255,91),
 (206,91),
 (204,91),
 (253,91),
 (250,91),
 (209,91),
 (243,91),
 (213,91),
 (219,91),
 (254,91),
 (259,91),
 (246,91),
 (220,91),
 (249,91),
 (247,91),
 (251,91),
 (244,91),
 (221,91),
 (208,91),
 (215,91),
 (252,91),
 (217,91),
 (216,91),
 (212,91),
 (194,92),
 (263,92),
 (232,92),
 (220,92),
 (222,92),
 (266,92),
 (193,92),
 (268,92),
 (185,92),
 (223,92),
 (279,92),
 (204,92),
 (269,92),
 (248,92),
 (244,92),
 (202,92),
 (255,92),
 (224,92),
 (191,92),
 (274,92),
 (198,92),
 (250,92),
 (258,92),
 (197,92),
 (277,92),
 (238,92),
 (278,92),
 (275,92),
 (187,92),
 (245,92),
 (215,92),
 (253,92),
 (216,92),
 (217,92),
 (183,92),
 (225,92),
 (184,92),
 (249,92),
 (246,92),
 (240,92),
 (270,92),
 (273,92),
 (200,92),
 (219,92),
 (251,92),
 (206,92),
 (262,92),
 (199,92),
 (227,92),
 (221,92),
 (203,92),
 (252,92),
 (276,92),
 (190,92),
 (195,92),
 (212,92),
 (261,92),
 (189,92),
 (226,92),
 (209,92),
 (235,92),
 (208,92),
 (231,92),
 (260,92),
 (207,92),
 (239,92),
 (243,92),
 (205,92),
 (188,92),
 (272,92),
 (192,92),
 (256,92),
 (218,92),
 (254,92),
 (267,92),
 (233,92),
 (241,92),
 (236,92),
 (210,92),
 (237,92),
 (230,92),
 (271,92),
 (264,92),
 (228,92),
 (213,92),
 (247,92),
 (211,92),
 (265,92),
 (186,92),
 (259,92),
 (229,92),
 (214,92),
 (201,92),
 (242,92),
 (234,92),
 (196,92),
 (257,92),
 (359,93),
 (345,93),
 (358,93),
 (353,93),
 (280,93),
 (295,93),
 (284,93),
 (346,93),
 (291,93),
 (294,93),
 (282,93),
 (360,93),
 (355,93),
 (296,93),
 (343,93),
 (292,93),
 (289,93),
 (349,93),
 (356,93),
 (293,93),
 (298,93),
 (297,93),
 (283,93),
 (288,93),
 (357,93),
 (285,93),
 (290,93),
 (287,93),
 (301,93),
 (281,93),
 (273,94),
 (186,94),
 (230,94),
 (246,94),
 (245,94),
 (269,94),
 (203,94),
 (262,94),
 (252,94),
 (198,94),
 (272,94),
 (200,94),
 (271,94),
 (223,94),
 (241,94),
 (275,94),
 (202,94),
 (278,94),
 (226,94),
 (279,94),
 (192,94),
 (234,94),
 (208,94),
 (217,94),
 (263,94),
 (204,94),
 (220,94),
 (268,94),
 (254,94),
 (216,94),
 (206,94),
 (218,94),
 (231,94),
 (215,94),
 (243,94),
 (188,94),
 (194,94),
 (261,94),
 (219,94),
 (256,94),
 (253,94),
 (214,94),
 (228,94),
 (199,94),
 (190,94),
 (205,94),
 (222,94),
 (276,94),
 (258,94),
 (225,94),
 (239,94),
 (207,94),
 (233,94),
 (277,94),
 (201,94),
 (197,94),
 (248,94),
 (193,94),
 (210,94),
 (196,94),
 (229,94),
 (227,94),
 (183,94),
 (212,94),
 (251,94),
 (266,94),
 (235,94),
 (189,94),
 (259,94),
 (242,94),
 (238,94),
 (184,94),
 (244,94),
 (209,94),
 (264,94),
 (187,94),
 (265,94),
 (221,94),
 (191,94),
 (240,94),
 (255,94),
 (274,94),
 (267,94),
 (260,94),
 (257,94),
 (250,94),
 (237,94),
 (185,94),
 (211,94),
 (247,94),
 (213,94),
 (195,94),
 (249,94),
 (236,94),
 (224,94),
 (270,94),
 (232,94),
 (251,95),
 (219,95),
 (244,95),
 (222,95),
 (208,95),
 (213,95),
 (246,95),
 (254,95),
 (256,95),
 (255,95),
 (206,95),
 (209,95),
 (211,95),
 (220,95),
 (215,95),
 (210,95),
 (214,95),
 (204,95),
 (253,95),
 (216,95),
 (258,95),
 (257,95),
 (218,95),
 (221,95),
 (205,95),
 (259,95),
 (249,95),
 (245,95),
 (207,95),
 (247,95),
 (217,95),
 (248,95),
 (243,95),
 (252,95),
 (250,95),
 (203,95),
 (212,95),
 (211,96),
 (255,96),
 (205,96),
 (218,96),
 (256,96),
 (248,96),
 (251,96),
 (212,96),
 (204,96),
 (259,96),
 (258,96),
 (243,96),
 (221,96),
 (203,96),
 (247,96),
 (208,96),
 (253,96),
 (246,96),
 (209,96),
 (219,96),
 (250,96),
 (244,96),
 (245,96),
 (206,96),
 (210,96),
 (257,96),
 (214,96),
 (216,96),
 (207,96),
 (213,96),
 (252,96),
 (254,96),
 (220,96),
 (217,96),
 (249,96),
 (215,96),
 (222,96),
 (367,97),
 (250,97),
 (361,97),
 (368,97),
 (376,97),
 (246,97),
 (377,97),
 (369,97),
 (364,97),
 (366,97),
 (379,97),
 (251,97),
 (245,97),
 (255,97),
 (378,97),
 (219,98),
 (253,98),
 (248,98),
 (245,98),
 (218,98),
 (213,98),
 (257,98),
 (212,98),
 (249,98),
 (251,98),
 (222,98),
 (211,98),
 (217,98),
 (243,98),
 (204,98),
 (246,98),
 (250,98),
 (256,98),
 (258,98),
 (215,98),
 (221,98),
 (252,98),
 (214,98),
 (254,98),
 (205,98),
 (255,98),
 (207,98),
 (206,98),
 (216,98),
 (247,98),
 (209,98),
 (208,98),
 (220,98),
 (244,98),
 (210,98),
 (203,98),
 (259,98),
 (212,99),
 (243,99),
 (245,99),
 (253,99),
 (204,99),
 (203,99),
 (250,99),
 (258,99),
 (209,99),
 (219,99),
 (206,99),
 (254,99),
 (249,99),
 (221,99),
 (216,99),
 (257,99),
 (246,99),
 (214,99),
 (210,99),
 (251,99),
 (220,99),
 (208,99),
 (252,99),
 (259,99),
 (217,99),
 (248,99),
 (222,99),
 (211,99),
 (207,99),
 (215,99),
 (255,99),
 (213,99),
 (256,99),
 (218,99),
 (205,99),
 (244,99),
 (247,99),
 (369,100),
 (367,100),
 (368,100),
 (366,100),
 (371,100),
 (365,100),
 (377,100),
 (370,100),
 (374,100),
 (254,101),
 (255,101),
 (218,101),
 (253,101),
 (247,101),
 (256,101),
 (250,101),
 (211,101),
 (205,101),
 (213,101),
 (259,101),
 (210,101),
 (243,101),
 (203,101),
 (206,101),
 (249,101),
 (244,101),
 (248,101),
 (221,101),
 (222,101),
 (209,101),
 (220,101),
 (246,101),
 (252,101),
 (208,101),
 (212,101),
 (257,101),
 (207,101),
 (217,101),
 (215,101),
 (216,101),
 (258,101),
 (214,101),
 (204,101),
 (251,101),
 (245,101),
 (219,101),
 (188,102),
 (184,102),
 (190,102),
 (197,102),
 (193,102),
 (196,102),
 (183,102),
 (192,102),
 (198,102),
 (201,102),
 (187,102),
 (191,102),
 (202,102),
 (189,102),
 (185,102),
 (199,102),
 (186,102),
 (195,102),
 (200,102),
 (194,102),
 (222,103),
 (208,103),
 (209,103),
 (215,103),
 (212,103),
 (252,103),
 (258,103),
 (259,103),
 (250,103),
 (257,103),
 (204,103),
 (249,103),
 (256,103),
 (205,103),
 (244,103),
 (245,103),
 (254,103),
 (221,103),
 (214,103),
 (220,103),
 (219,103),
 (247,103),
 (211,103),
 (213,103),
 (248,103),
 (246,103),
 (203,103),
 (251,103),
 (217,103),
 (206,103),
 (210,103),
 (255,103),
 (253,103),
 (207,103),
 (216,103),
 (218,103),
 (243,103),
 (214,104),
 (263,104),
 (272,104),
 (278,104),
 (279,104),
 (271,104),
 (211,104),
 (215,104),
 (184,104),
 (224,104),
 (212,104),
 (213,104),
 (234,104),
 (262,104),
 (241,104),
 (260,104),
 (232,104),
 (243,104),
 (275,104),
 (254,104),
 (240,104),
 (244,104),
 (236,104),
 (250,104),
 (230,104),
 (199,104),
 (247,104),
 (200,104),
 (237,104),
 (221,104),
 (206,104),
 (265,104),
 (277,104),
 (255,104),
 (242,104),
 (195,104),
 (208,104),
 (268,104),
 (253,104),
 (246,104),
 (269,104),
 (207,104),
 (223,104),
 (267,104),
 (188,104),
 (235,104),
 (225,104),
 (261,104),
 (229,104),
 (205,104),
 (264,104),
 (249,104),
 (217,104),
 (196,104),
 (219,104),
 (228,104),
 (198,104),
 (187,104),
 (256,104),
 (273,104),
 (204,104),
 (258,104),
 (210,104),
 (276,104),
 (222,104),
 (227,104),
 (197,104),
 (193,104),
 (231,104),
 (220,104),
 (202,104),
 (238,104),
 (186,104),
 (189,104),
 (251,104),
 (239,104),
 (201,104),
 (245,104),
 (252,104),
 (194,104),
 (266,104),
 (257,104),
 (270,104),
 (203,104),
 (209,104),
 (218,104),
 (190,104),
 (274,104),
 (226,104),
 (233,104),
 (216,104),
 (259,104),
 (248,104),
 (357,105),
 (317,105),
 (350,105),
 (316,105),
 (314,105),
 (309,105),
 (310,105),
 (344,105),
 (308,105),
 (355,105),
 (323,105),
 (360,105),
 (348,105),
 (352,105),
 (315,105),
 (318,105),
 (347,105),
 (319,105),
 (312,105),
 (356,105),
 (306,105),
 (305,105),
 (346,105),
 (304,105),
 (311,105),
 (322,105),
 (302,105),
 (313,105),
 (303,105),
 (358,105),
 (333,106),
 (341,106),
 (342,106),
 (335,106),
 (354,106),
 (325,106),
 (350,106),
 (324,106),
 (338,106),
 (332,106),
 (326,106),
 (358,106),
 (346,106),
 (328,106),
 (331,106),
 (337,106),
 (340,106),
 (336,106),
 (348,106),
 (329,106),
 (360,106),
 (353,106),
 (352,106),
 (334,106),
 (345,106),
 (327,106),
 (359,106),
 (339,106),
 (330,106),
 (319,107),
 (360,107),
 (350,107),
 (309,107),
 (317,107),
 (310,107),
 (355,107),
 (349,107),
 (314,107),
 (323,107),
 (308,107),
 (316,107),
 (302,107),
 (352,107),
 (354,107),
 (318,107),
 (303,107),
 (305,107),
 (346,107),
 (315,107),
 (306,107),
 (313,107),
 (311,107),
 (356,107),
 (347,107),
 (358,107),
 (312,107),
 (307,107),
 (322,107),
 (344,107),
 (334,108),
 (330,108),
 (340,108),
 (326,108),
 (328,108),
 (349,108),
 (358,108),
 (348,108),
 (351,108),
 (350,108),
 (338,108),
 (333,108),
 (327,108),
 (355,108),
 (329,108),
 (335,108),
 (324,108),
 (337,108),
 (341,108),
 (332,108),
 (359,108),
 (357,108),
 (331,108),
 (354,108),
 (342,108),
 (336,108),
 (339,108),
 (325,108),
 (352,108),
 (399,109),
 (217,109),
 (212,109),
 (255,109),
 (204,109),
 (385,109),
 (203,109),
 (254,109),
 (387,109),
 (400,109),
 (253,109),
 (384,109),
 (382,109),
 (246,109),
 (210,109),
 (402,109),
 (256,109),
 (222,109),
 (381,109),
 (391,109),
 (383,109),
 (392,109),
 (395,109),
 (244,109),
 (401,109),
 (247,109),
 (219,110),
 (255,110),
 (383,110),
 (402,110),
 (207,110),
 (205,110),
 (244,110),
 (249,110),
 (221,110),
 (395,110),
 (385,110),
 (386,110),
 (252,110),
 (396,110),
 (256,110),
 (213,110),
 (400,110),
 (246,110),
 (212,110),
 (253,110),
 (382,110),
 (250,110),
 (392,110),
 (381,110),
 (388,110),
 (247,110),
 (203,111),
 (383,111),
 (402,111),
 (392,111),
 (217,111),
 (394,111),
 (397,111),
 (398,111),
 (216,111),
 (256,111),
 (245,111),
 (399,111),
 (249,111),
 (221,111),
 (246,111),
 (251,111),
 (244,111),
 (382,111),
 (396,111),
 (215,111),
 (387,111),
 (400,111),
 (222,111),
 (391,111),
 (253,111),
 (386,111),
 (333,112),
 (329,112),
 (354,112),
 (348,112),
 (356,112),
 (335,112),
 (334,112),
 (359,112),
 (326,112),
 (338,112),
 (325,112),
 (332,112),
 (357,112),
 (345,112),
 (342,112),
 (352,112),
 (360,112),
 (336,112),
 (340,112),
 (341,112),
 (339,112),
 (327,112),
 (337,112),
 (324,112),
 (328,112),
 (358,112),
 (330,112),
 (331,112),
 (350,112),
 (377,113),
 (204,113),
 (364,113),
 (218,113),
 (399,113),
 (389,113),
 (257,113),
 (380,113),
 (402,113),
 (370,113),
 (212,113),
 (385,113),
 (221,113),
 (203,113),
 (369,113),
 (368,113),
 (386,113),
 (207,113),
 (206,113),
 (366,113),
 (208,113),
 (216,113),
 (381,113),
 (371,113),
 (375,113),
 (367,113),
 (394,113),
 (383,113),
 (254,113),
 (365,113),
 (210,113),
 (372,113),
 (370,114),
 (222,114),
 (211,114),
 (382,114),
 (218,114),
 (368,114),
 (372,114),
 (366,114),
 (377,114),
 (217,114),
 (215,114),
 (393,114),
 (216,114),
 (385,114),
 (386,114),
 (365,114),
 (392,114),
 (399,114),
 (375,114),
 (380,114),
 (220,114),
 (367,114),
 (252,114),
 (212,114),
 (389,114),
 (208,114),
 (402,114),
 (210,114),
 (248,114),
 (369,114),
 (374,114),
 (364,114),
 (217,115),
 (394,115),
 (246,115),
 (402,115),
 (252,115),
 (364,115),
 (368,115),
 (371,115),
 (206,115),
 (375,115),
 (220,115),
 (205,115),
 (212,115),
 (208,115),
 (372,115),
 (380,115),
 (218,115),
 (400,115),
 (367,115),
 (255,115),
 (391,115),
 (366,115),
 (374,115),
 (369,115),
 (211,115),
 (386,115),
 (377,115),
 (243,115),
 (384,115),
 (370,115),
 (222,115),
 (219,115),
 (249,116),
 (207,116),
 (219,116),
 (204,116),
 (377,116),
 (368,116),
 (364,116),
 (254,116),
 (372,116),
 (217,116),
 (384,116),
 (205,116),
 (243,116),
 (213,116),
 (370,116),
 (371,116),
 (367,116),
 (251,116),
 (366,116),
 (215,116),
 (203,116),
 (209,116),
 (212,116),
 (394,116),
 (380,116),
 (383,116),
 (369,116),
 (399,116),
 (375,116),
 (374,116),
 (393,116),
 (386,116),
 (251,117),
 (256,117),
 (371,117),
 (401,117),
 (252,117),
 (219,117),
 (402,117),
 (216,117),
 (254,117),
 (253,117),
 (370,117),
 (245,117),
 (217,117),
 (395,117),
 (209,117),
 (258,117),
 (384,117),
 (394,117),
 (247,117),
 (259,117),
 (369,117),
 (383,117),
 (204,117),
 (389,117),
 (382,117),
 (257,117),
 (246,117),
 (218,117),
 (243,117),
 (400,117),
 (212,117),
 (249,117),
 (220,117),
 (368,117),
 (244,117),
 (377,117),
 (385,117),
 (391,117),
 (386,117),
 (381,117),
 (390,117),
 (388,117),
 (396,117),
 (374,118),
 (380,118),
 (368,118),
 (392,118),
 (251,118),
 (249,118),
 (222,118),
 (369,118),
 (253,118),
 (365,118),
 (367,118),
 (366,118),
 (206,118),
 (252,118),
 (256,118),
 (212,118),
 (221,118),
 (216,118),
 (218,118),
 (383,118),
 (371,118),
 (364,118),
 (204,118),
 (370,118),
 (208,118),
 (372,118),
 (203,118),
 (257,118),
 (247,118),
 (214,118),
 (375,118),
 (243,118),
 (394,119),
 (257,119),
 (243,119),
 (377,119),
 (387,119),
 (397,119),
 (245,119),
 (221,119),
 (389,119),
 (218,119),
 (365,119),
 (250,119),
 (203,119),
 (256,119),
 (259,119),
 (392,119),
 (399,119),
 (222,119),
 (391,119),
 (385,119),
 (367,119),
 (383,119),
 (254,119),
 (381,119),
 (395,119),
 (253,119),
 (384,119),
 (382,119),
 (220,119),
 (393,119),
 (205,119),
 (390,119),
 (402,119),
 (211,119),
 (208,119),
 (371,119),
 (252,119),
 (388,119),
 (368,119),
 (258,119),
 (248,119),
 (246,119),
 (400,119),
 (394,120),
 (364,120),
 (212,120),
 (389,120),
 (399,120),
 (250,120),
 (369,120),
 (387,120),
 (245,120),
 (216,120),
 (382,120),
 (402,120),
 (383,120),
 (371,120),
 (248,120),
 (209,120),
 (205,120),
 (388,120),
 (384,120),
 (397,120),
 (393,120),
 (385,120),
 (255,120),
 (395,120),
 (252,120),
 (206,120),
 (258,120),
 (219,120),
 (386,120),
 (368,120),
 (256,120),
 (249,120),
 (208,120),
 (204,120),
 (392,120),
 (246,120),
 (259,120),
 (247,120),
 (396,120),
 (366,120),
 (391,120),
 (253,120),
 (390,120),
 (384,121),
 (400,121),
 (222,121),
 (386,121),
 (385,121),
 (389,121),
 (252,121),
 (254,121),
 (246,121),
 (402,121),
 (256,121),
 (245,121),
 (204,121),
 (248,121),
 (393,121),
 (392,121),
 (382,121),
 (371,121),
 (253,121),
 (257,121),
 (251,121),
 (398,121),
 (387,121),
 (381,121),
 (212,121),
 (366,121),
 (209,121),
 (397,121),
 (396,121),
 (388,121),
 (390,121),
 (214,121),
 (213,121),
 (255,121),
 (249,121),
 (206,121),
 (259,121),
 (244,121),
 (377,121),
 (205,121),
 (368,121),
 (383,121),
 (367,121),
 (377,122),
 (382,122),
 (366,122),
 (393,122),
 (371,122),
 (385,122),
 (375,122),
 (205,122),
 (368,122),
 (399,122),
 (218,122),
 (365,122),
 (217,122),
 (372,122),
 (251,122),
 (380,122),
 (211,122),
 (369,122),
 (220,122),
 (208,122),
 (400,122),
 (206,122),
 (384,122),
 (364,122),
 (221,122),
 (392,122),
 (374,122),
 (396,122),
 (256,122),
 (219,122),
 (370,122),
 (213,122),
 (388,123),
 (259,123),
 (257,123),
 (256,123),
 (384,123),
 (254,123),
 (203,123),
 (393,123),
 (401,123),
 (389,123),
 (258,123),
 (390,123),
 (213,123),
 (366,123),
 (245,123),
 (364,123),
 (392,123),
 (387,123),
 (386,123),
 (219,123),
 (206,123),
 (369,123),
 (383,123),
 (250,123),
 (399,123),
 (251,123),
 (394,123),
 (396,123),
 (248,123),
 (208,123),
 (371,123),
 (246,123),
 (398,123),
 (249,123),
 (382,123),
 (222,123),
 (395,123),
 (391,123),
 (243,123),
 (377,123),
 (218,123),
 (244,123),
 (211,123),
 (382,124),
 (213,124),
 (386,124),
 (393,124),
 (396,124),
 (400,124),
 (214,124),
 (256,124),
 (257,124),
 (254,124),
 (216,124),
 (210,124),
 (389,124),
 (390,124),
 (215,124),
 (211,124),
 (250,124),
 (220,124),
 (402,124),
 (252,124),
 (385,124),
 (245,124),
 (398,124),
 (247,124),
 (394,124),
 (243,124),
 (381,124),
 (209,124),
 (222,124),
 (217,124),
 (218,124),
 (206,124),
 (391,124),
 (249,124),
 (387,124),
 (203,124),
 (388,124),
 (244,124),
 (251,124),
 (397,124),
 (255,124),
 (248,124),
 (259,124),
 (383,124),
 (253,124),
 (392,124),
 (208,124),
 (205,124),
 (219,124),
 (384,124),
 (401,124),
 (246,124),
 (212,124),
 (399,124),
 (221,124),
 (204,124),
 (207,124),
 (228,125),
 (263,125),
 (198,125),
 (397,125),
 (219,125),
 (241,125),
 (240,125),
 (250,125),
 (208,125),
 (235,125),
 (189,125),
 (236,125),
 (257,125),
 (251,125),
 (209,125),
 (270,125),
 (225,125),
 (200,125),
 (217,125),
 (188,125),
 (206,125),
 (230,125),
 (247,125),
 (262,125),
 (269,125),
 (276,125),
 (272,125),
 (210,125),
 (239,125),
 (396,125),
 (194,125),
 (223,125),
 (274,125),
 (204,125),
 (213,125),
 (266,125),
 (226,125),
 (221,125),
 (211,125),
 (201,125),
 (393,125),
 (199,125),
 (232,125),
 (258,125),
 (267,125),
 (234,125),
 (186,125),
 (233,125),
 (400,125),
 (205,125),
 (268,125),
 (227,125),
 (242,125),
 (273,125),
 (215,125),
 (279,125),
 (259,125),
 (203,125),
 (244,125),
 (277,125),
 (271,125),
 (254,125),
 (248,125),
 (401,125),
 (394,125),
 (202,125),
 (212,125),
 (238,125),
 (196,125),
 (265,125),
 (218,125),
 (264,125),
 (195,125),
 (197,125),
 (184,125),
 (260,125),
 (220,125),
 (231,125),
 (187,125),
 (275,125),
 (224,125),
 (399,125),
 (229,125),
 (402,125),
 (395,125),
 (207,125),
 (222,125),
 (261,125),
 (193,125),
 (192,125),
 (252,125),
 (216,125),
 (237,125),
 (398,125),
 (278,125),
 (214,125),
 (228,126),
 (218,126),
 (254,126),
 (208,126),
 (204,126),
 (214,126),
 (265,126),
 (240,126),
 (187,126),
 (277,126),
 (234,126),
 (202,126),
 (251,126),
 (396,126),
 (278,126),
 (226,126),
 (193,126),
 (186,126),
 (223,126),
 (233,126),
 (188,126),
 (264,126),
 (196,126),
 (225,126),
 (206,126),
 (230,126),
 (253,126),
 (192,126),
 (222,126),
 (207,126),
 (212,126),
 (241,126),
 (398,126),
 (205,126),
 (268,126),
 (235,126),
 (257,126),
 (279,126),
 (263,126),
 (238,126),
 (395,126),
 (269,126),
 (267,126),
 (402,126),
 (260,126),
 (211,126),
 (231,126),
 (213,126),
 (397,126),
 (276,126),
 (189,126),
 (275,126),
 (184,126),
 (216,126),
 (250,126),
 (244,126),
 (261,126),
 (274,126),
 (247,126),
 (224,126),
 (232,126),
 (200,126),
 (271,126),
 (201,126),
 (198,126),
 (273,126),
 (255,126),
 (258,126),
 (399,126),
 (270,126),
 (248,126),
 (227,126),
 (197,126),
 (401,126),
 (252,126),
 (209,126),
 (194,126),
 (210,126),
 (266,126),
 (229,126),
 (217,126),
 (215,126),
 (259,126),
 (195,126),
 (203,126),
 (242,126),
 (236,126),
 (219,126),
 (237,126),
 (199,126),
 (272,126),
 (262,126),
 (239,126),
 (220,126),
 (221,126),
 (393,126),
 (395,127),
 (214,127),
 (399,127),
 (243,127),
 (370,127),
 (367,127),
 (387,127),
 (257,127),
 (396,127),
 (246,127),
 (252,127),
 (258,127),
 (391,127),
 (374,127),
 (215,127),
 (383,127),
 (256,127),
 (249,127),
 (398,127),
 (245,127),
 (212,127),
 (250,127),
 (368,127),
 (248,127),
 (208,127),
 (390,127),
 (203,127),
 (364,127),
 (247,127),
 (382,127),
 (254,128),
 (398,128),
 (217,128),
 (371,128),
 (248,128),
 (390,128),
 (385,128),
 (391,128),
 (246,128),
 (400,128),
 (396,128),
 (387,128),
 (401,128),
 (397,128),
 (259,128),
 (220,128),
 (243,128),
 (208,128),
 (219,128),
 (245,128),
 (389,128),
 (365,128),
 (364,128),
 (370,128),
 (252,128),
 (388,128),
 (257,128),
 (367,128),
 (218,128),
 (249,128),
 (397,129),
 (262,129),
 (400,129),
 (269,129),
 (197,129),
 (250,129),
 (203,129),
 (234,129),
 (247,129),
 (240,129),
 (224,129),
 (217,129),
 (187,129),
 (237,129),
 (233,129),
 (190,129),
 (214,129),
 (228,129),
 (204,129),
 (239,129),
 (205,129),
 (225,129),
 (193,129),
 (236,129),
 (253,129),
 (263,129),
 (220,129),
 (251,129),
 (201,129),
 (396,129),
 (198,129),
 (257,129),
 (210,129),
 (248,129),
 (211,129),
 (192,129),
 (229,129),
 (226,129),
 (274,129),
 (215,129),
 (402,129),
 (278,129),
 (241,129),
 (394,129),
 (271,129),
 (401,129),
 (194,129),
 (199,129),
 (254,129),
 (258,129),
 (227,129),
 (200,129),
 (267,129),
 (186,129),
 (213,129),
 (244,129),
 (279,129),
 (260,129),
 (265,129),
 (242,129),
 (222,129),
 (209,129),
 (232,129),
 (395,129),
 (189,129),
 (188,129),
 (231,129),
 (208,129),
 (252,129),
 (207,129),
 (272,129),
 (219,129),
 (223,129),
 (206,129),
 (276,129),
 (184,129),
 (195,129),
 (212,129),
 (221,129),
 (202,129),
 (268,129),
 (255,129),
 (393,129),
 (235,129),
 (218,129),
 (230,129),
 (259,129),
 (273,129),
 (277,129),
 (238,129),
 (264,129),
 (270,129),
 (275,129),
 (261,129),
 (266,129),
 (216,129),
 (193,130),
 (211,130),
 (241,130),
 (190,130),
 (232,130),
 (195,130),
 (197,130),
 (254,130),
 (233,130),
 (400,130),
 (236,130),
 (395,130),
 (199,130),
 (189,130),
 (231,130),
 (217,130),
 (205,130),
 (269,130),
 (272,130),
 (238,130),
 (194,130),
 (208,130),
 (220,130),
 (398,130),
 (200,130),
 (218,130),
 (279,130),
 (221,130),
 (210,130),
 (270,130),
 (247,130),
 (264,130),
 (184,130),
 (278,130),
 (242,130),
 (273,130),
 (230,130),
 (277,130),
 (225,130),
 (399,130),
 (227,130),
 (186,130),
 (248,130),
 (252,130),
 (207,130),
 (226,130),
 (274,130),
 (216,130),
 (255,130),
 (265,130),
 (239,130),
 (244,130),
 (213,130),
 (237,130),
 (235,130),
 (250,130),
 (196,130),
 (234,130),
 (192,130),
 (258,130),
 (222,130),
 (209,130),
 (271,130),
 (223,130),
 (206,130),
 (240,130),
 (393,130),
 (198,130),
 (262,130),
 (257,130),
 (204,130),
 (260,130),
 (396,130),
 (203,130),
 (229,130),
 (261,130),
 (251,130),
 (263,130),
 (397,130),
 (215,130),
 (268,130),
 (275,130),
 (266,130),
 (267,130),
 (187,130),
 (201,130),
 (253,130),
 (224,130),
 (276,130),
 (259,130),
 (202,130),
 (214,130),
 (212,130),
 (219,130),
 (228,130),
 (401,130),
 (305,131),
 (313,131),
 (349,131),
 (302,131),
 (357,131),
 (356,131),
 (322,131),
 (348,131),
 (304,131),
 (323,131),
 (344,131),
 (309,131),
 (317,131),
 (350,131),
 (353,131),
 (319,131),
 (308,131),
 (316,131),
 (312,131),
 (315,131),
 (307,131),
 (311,131),
 (359,131),
 (352,131),
 (303,131),
 (345,131),
 (310,131),
 (314,131),
 (346,131),
 (306,131),
 (287,132),
 (347,132),
 (358,132),
 (280,132),
 (295,132),
 (346,132),
 (301,132),
 (286,132),
 (359,132),
 (351,132),
 (343,132),
 (285,132),
 (281,132),
 (345,132),
 (290,132),
 (299,132),
 (360,132),
 (292,132),
 (296,132),
 (288,132),
 (284,132),
 (297,132),
 (283,132),
 (352,132),
 (354,132),
 (294,132),
 (300,132),
 (289,132),
 (291,132),
 (356,132);
/*!40000 ALTER TABLE `questiontest` ENABLE KEYS */;


--
-- Definition of table `seniority`
--

DROP TABLE IF EXISTS `seniority`;
CREATE TABLE `seniority` (
  `id` int(11) NOT NULL AUTO_INCREMENT,
  `description` varchar(255) NOT NULL,
  PRIMARY KEY (`id`)
) ENGINE=MyISAM AUTO_INCREMENT=4 DEFAULT CHARSET=latin1;

--
-- Dumping data for table `seniority`
--

/*!40000 ALTER TABLE `seniority` DISABLE KEYS */;
INSERT INTO `seniority` (`id`,`description`) VALUES 
 (1,'JUNIOR'),
 (2,'SEMI_SR'),
 (3,'SENIOR');
/*!40000 ALTER TABLE `seniority` ENABLE KEYS */;


--
-- Definition of table `tech_score`
--

DROP TABLE IF EXISTS `tech_score`;
CREATE TABLE `tech_score` (
  `id` int(11) NOT NULL AUTO_INCREMENT,
  `test_id` int(11) NOT NULL,
  `technology_id` int(11) NOT NULL,
  `score` double NOT NULL,
  `questions_correct` int(11) NOT NULL,
  `questions` int(11) NOT NULL,
  PRIMARY KEY (`id`),
  KEY `FK_tech_score` (`technology_id`),
  KEY `FK_tech_score_test` (`test_id`)
) ENGINE=MyISAM AUTO_INCREMENT=616 DEFAULT CHARSET=latin1;

--
-- Dumping data for table `tech_score`
--

/*!40000 ALTER TABLE `tech_score` DISABLE KEYS */;
INSERT INTO `tech_score` (`id`,`test_id`,`technology_id`,`score`,`questions_correct`,`questions`) VALUES 
 (274,71,1,0.05,1,20),
 (275,71,2,0.55,11,20),
 (276,71,3,0,0,0),
 (277,71,4,0.45,9,20),
 (278,71,5,0,0,0),
 (279,71,15,0.411764705882353,7,17),
 (280,71,21,0.2,4,20),
 (281,72,1,0,0,20),
 (282,72,2,0,0,20),
 (283,72,3,0,0,0),
 (284,72,4,0,0,20),
 (285,72,5,0,0,0),
 (286,72,15,0,0,17),
 (287,72,21,0,0,20),
 (288,73,1,0.25,5,20),
 (289,73,2,0.3,6,20),
 (290,73,3,0,0,0),
 (291,73,4,0.3,6,20),
 (292,73,5,0,0,0),
 (293,73,15,0.235294117647059,4,17),
 (294,73,21,0.25,5,20),
 (295,75,1,0.05,1,20),
 (296,75,2,0,0,20),
 (297,75,3,0,0,0),
 (298,75,4,0,0,20),
 (299,75,5,0,0,0),
 (300,75,15,0,0,17),
 (301,75,21,0,0,20),
 (302,80,1,0.2,4,20),
 (303,80,2,0.45,9,20),
 (304,80,3,0,0,0),
 (305,80,4,0.3,6,20),
 (306,80,5,0,0,0),
 (307,80,15,0.470588235294118,8,17),
 (308,80,21,0.05,1,20),
 (309,81,1,0.1,2,20),
 (310,81,2,0,0,0),
 (311,81,3,0,0,0),
 (312,81,4,0,0,0),
 (313,81,5,0,0,0),
 (314,81,15,0,0,0),
 (315,81,21,0,0,0),
 (316,82,1,0.1,2,20),
 (317,82,2,0,0,0),
 (318,82,3,0,0,0),
 (319,82,4,0,0,0),
 (320,82,5,0,0,0),
 (321,82,15,0,0,0),
 (322,82,21,0,0,0),
 (323,85,1,0,0,0),
 (324,85,2,0,0,0),
 (325,85,3,0,0,0),
 (326,85,4,0.75,15,20),
 (327,85,5,0,0,0),
 (328,85,15,0.882352941176471,15,17),
 (329,85,21,0,0,0),
 (330,85,22,0,0,0),
 (331,86,1,0,0,0),
 (332,86,2,0,0,0),
 (333,86,3,0,0,0),
 (334,86,4,0.8,16,20),
 (335,86,5,0,0,0),
 (336,86,15,0.764705882352941,13,17),
 (337,86,21,0,0,0),
 (338,86,22,0,0,0),
 (339,88,1,0,0,0),
 (340,88,2,0,0,0),
 (341,88,3,0,0,0),
 (342,88,4,0.6,12,20),
 (343,88,5,0,0,0),
 (344,88,15,0.941176470588235,16,17),
 (345,88,21,0,0,0),
 (346,88,22,0,0,0),
 (347,89,1,0,0,0),
 (348,89,2,0,0,0),
 (349,89,3,0,0,0),
 (350,89,4,0.7,14,20),
 (351,89,5,0,0,0),
 (352,89,15,0.882352941176471,15,17),
 (353,89,21,0,0,0),
 (354,89,22,0,0,0),
 (355,90,1,0,0,0),
 (356,90,2,0,0,0),
 (357,90,3,0,0,0),
 (358,90,4,0.6,12,20),
 (359,90,5,0,0,0),
 (360,90,15,0.705882352941176,12,17),
 (361,90,21,0,0,0),
 (362,90,22,0,0,0),
 (363,91,1,0,0,0),
 (364,91,2,0,0,0),
 (365,91,3,0,0,0),
 (366,91,4,0.1,2,20),
 (367,91,5,0,0,0),
 (368,91,15,0.705882352941176,12,17),
 (369,91,21,0,0,0),
 (370,91,22,0,0,0),
 (371,92,1,0.3,6,20),
 (372,92,2,0.5,10,20),
 (373,92,3,0,0,0),
 (374,92,4,0.3,6,20),
 (375,92,5,0,0,0),
 (376,92,15,0.411764705882353,7,17),
 (377,92,21,0.15,3,20),
 (378,92,22,0,0,0),
 (379,95,1,0,0,0),
 (380,95,2,0,0,0),
 (381,95,3,0,0,0),
 (382,95,4,0,0,20),
 (383,95,5,0,0,0),
 (384,95,15,0,0,17),
 (385,95,21,0,0,0),
 (386,95,22,0,0,0),
 (387,95,23,0,0,0),
 (388,96,1,0,0,0),
 (389,96,2,0,0,0),
 (390,96,3,0,0,0),
 (391,96,4,0.5,10,20),
 (392,96,5,0,0,0),
 (393,96,15,1,17,17),
 (394,96,21,0,0,0),
 (395,96,22,0,0,0),
 (396,96,23,0,0,0),
 (397,94,1,0.9,18,20),
 (398,94,2,0.75,15,20),
 (399,94,3,0,0,0),
 (400,94,4,0.65,13,20),
 (401,94,5,0,0,0),
 (402,94,15,0.764705882352941,13,17),
 (403,94,21,0.2,4,20),
 (404,94,22,0,0,0),
 (405,94,23,0,0,0),
 (406,97,1,0,0,0),
 (407,97,2,0,0,0),
 (408,97,3,0,0,0),
 (409,97,4,0,0,0),
 (410,97,5,0,0,0),
 (411,97,15,1,5,5),
 (412,97,21,0,0,0),
 (413,97,22,0,0,0),
 (414,97,23,0,0,0),
 (415,97,24,0.9,9,10),
 (416,99,1,0,0,0),
 (417,99,2,0,0,0),
 (418,99,3,0,0,0),
 (419,99,4,0.55,11,20),
 (420,99,5,0,0,0),
 (421,99,15,0.529411764705882,9,17),
 (422,99,21,0,0,0),
 (423,99,22,0,0,0),
 (424,99,23,0,0,0),
 (425,99,24,0,0,0),
 (426,101,1,0,0,0),
 (427,101,2,0,0,0),
 (428,101,3,0,0,0),
 (429,101,4,0.8,16,20),
 (430,101,5,0,0,0),
 (431,101,15,0.764705882352941,13,17),
 (432,101,21,0,0,0),
 (433,101,22,0,0,0),
 (434,101,23,0,0,0),
 (435,101,24,0,0,0),
 (436,102,1,0.8,16,20),
 (437,102,2,0,0,0),
 (438,102,3,0,0,0),
 (439,102,4,0,0,0),
 (440,102,5,0,0,0),
 (441,102,15,0,0,0),
 (442,102,21,0,0,0),
 (443,102,22,0,0,0),
 (444,102,23,0,0,0),
 (445,102,24,0,0,0),
 (446,103,1,0,0,0),
 (447,103,2,0,0,0),
 (448,103,3,0,0,0),
 (449,103,4,0.6,12,20),
 (450,103,5,0,0,0),
 (451,103,15,0.941176470588235,16,17),
 (452,103,21,0,0,0),
 (453,103,22,0,0,0),
 (454,103,23,0,0,0),
 (455,103,24,0,0,0),
 (456,104,1,0.5,8,16),
 (457,104,2,0.75,15,20),
 (458,104,3,0,0,0),
 (459,104,4,0.45,9,20),
 (460,104,5,0,0,0),
 (461,104,15,0.647058823529412,11,17),
 (462,104,21,0.5,10,20),
 (463,104,22,0,0,0),
 (464,104,23,0,0,0),
 (465,104,24,0,0,0),
 (466,108,1,0,0,0),
 (467,108,2,0,0,0),
 (468,108,3,0,0,0),
 (469,108,4,0,0,0),
 (470,108,5,0,0,0),
 (471,108,15,0,0,0),
 (472,108,21,0.8,8,10),
 (473,108,22,0.421052631578947,8,19),
 (474,108,23,0,0,0),
 (475,108,24,0,0,0),
 (476,107,1,0,0,0),
 (477,107,2,0,0,0),
 (478,107,3,0,0,0),
 (479,107,4,0,0,0),
 (480,107,5,0,0,0),
 (481,107,15,0,0,0),
 (482,107,21,0.8,8,10),
 (483,107,22,0.65,13,20),
 (484,107,23,0,0,0),
 (485,107,24,0,0,0),
 (486,110,1,0,0,0),
 (487,110,2,0,0,0),
 (488,110,3,0.7,7,10),
 (489,110,4,0.666666666666667,4,6),
 (490,110,5,0,0,0),
 (491,110,15,0.6,6,10),
 (492,110,21,0,0,0),
 (493,110,22,0,0,0),
 (494,110,23,0,0,0),
 (495,110,24,0,0,0),
 (496,111,1,0,0,0),
 (497,111,2,0,0,0),
 (498,111,3,0.5,5,10),
 (499,111,4,0.666666666666667,4,6),
 (500,111,5,0,0,0),
 (501,111,15,0.5,5,10),
 (502,111,21,0,0,0),
 (503,111,22,0,0,0),
 (504,111,23,0,0,0),
 (505,111,24,0,0,0),
 (506,114,1,0,0,0),
 (507,114,2,0,0,0),
 (508,114,3,0.6,3,5),
 (509,114,4,0,0,10),
 (510,114,5,0,0,0),
 (511,114,15,0.4,2,5),
 (512,114,21,0,0,0),
 (513,114,22,0,0,0),
 (514,114,23,0,0,0),
 (515,114,24,0,0,12),
 (516,115,1,0,0,0),
 (517,115,2,0,0,0),
 (518,115,3,0.8,4,5),
 (519,115,4,0.5,5,10),
 (520,115,5,0,0,0),
 (521,115,15,0.8,4,5),
 (522,115,21,0,0,0),
 (523,115,22,0,0,0),
 (524,115,23,0,0,0),
 (525,115,24,0.583333333333333,7,12),
 (526,116,1,0,0,0),
 (527,116,2,0,0,0),
 (528,116,3,1,5,5),
 (529,116,4,0.7,7,10),
 (530,116,5,0,0,0),
 (531,116,15,1,5,5),
 (532,116,21,0,0,0),
 (533,116,22,0,0,0),
 (534,116,23,0,0,0),
 (535,116,24,0.75,9,12),
 (536,119,1,0,0,0),
 (537,119,2,0,0,0),
 (538,119,3,0.533333333333333,8,15),
 (539,119,4,0.375,3,8),
 (540,119,5,0,0,0),
 (541,119,15,0.733333333333333,11,15),
 (542,119,21,0,0,0),
 (543,119,22,0,0,0),
 (544,119,23,0,0,0),
 (545,119,24,0,0,5),
 (546,122,1,0,0,0),
 (547,122,2,0,0,0),
 (548,122,3,0.8,4,5),
 (549,122,4,0.7,7,10),
 (550,122,5,0,0,0),
 (551,122,15,0.8,4,5),
 (552,122,21,0,0,0),
 (553,122,22,0,0,0),
 (554,122,23,0,0,0),
 (555,122,24,0.5,6,12),
 (556,125,1,0.375,6,16),
 (557,125,2,0.8,16,20),
 (558,125,3,0,0,0),
 (559,125,4,0.75,15,20),
 (560,125,5,0,0,0),
 (561,125,15,0.65,13,20),
 (562,125,21,0.15,3,20),
 (563,125,22,0,0,0),
 (564,125,23,0,0,0),
 (565,125,24,0,0,0),
 (566,126,1,0.5,8,16),
 (567,126,2,0.65,13,20),
 (568,126,3,0,0,0),
 (569,126,4,0.45,9,20),
 (570,126,5,0,0,0),
 (571,126,15,0.65,13,20),
 (572,126,21,0.3,6,20),
 (573,126,22,0,0,0),
 (574,126,23,0,0,0),
 (575,126,24,0,0,0),
 (576,130,1,0.5,8,16),
 (577,130,2,0.5,10,20),
 (578,130,3,0,0,0),
 (579,130,4,0.7,14,20),
 (580,130,5,0,0,0),
 (581,130,15,0.65,13,20),
 (582,130,21,0.35,7,20),
 (583,130,22,0,0,0),
 (584,130,23,0,0,0),
 (585,130,24,0,0,0),
 (586,131,1,0,0,0),
 (587,131,2,0,0,0),
 (588,131,3,0,0,0),
 (589,131,4,0,0,0),
 (590,131,5,0,0,0),
 (591,131,15,0,0,0),
 (592,131,21,0.8,8,10),
 (593,131,22,0.55,11,20),
 (594,131,23,0,0,0),
 (595,131,24,0,0,0),
 (596,132,1,0,0,0),
 (597,132,2,0,0,0),
 (598,132,3,0,0,0),
 (599,132,4,0,0,0),
 (600,132,5,0,0,0),
 (601,132,15,0,0,0),
 (602,132,21,0.4,4,10),
 (603,132,22,0.4,8,20),
 (604,132,23,0,0,0),
 (605,132,24,0,0,0),
 (606,133,1,0,0,0),
 (607,133,2,0,0,0),
 (608,133,3,0,0,0),
 (609,133,4,0,0,0),
 (610,133,5,0,0,0),
 (611,133,15,0,0,0),
 (612,133,21,0,0,0),
 (613,133,22,0,0,0),
 (614,133,23,0,0,0),
 (615,133,24,0,0,0);
/*!40000 ALTER TABLE `tech_score` ENABLE KEYS */;


--
-- Definition of table `technology`
--

DROP TABLE IF EXISTS `technology`;
CREATE TABLE `technology` (
  `id` int(11) NOT NULL AUTO_INCREMENT,
  `description` varchar(255) DEFAULT NULL,
  PRIMARY KEY (`id`)
) ENGINE=MyISAM AUTO_INCREMENT=25 DEFAULT CHARSET=latin1;

--
-- Dumping data for table `technology`
--

/*!40000 ALTER TABLE `technology` DISABLE KEYS */;
INSERT INTO `technology` (`id`,`description`) VALUES 
 (1,'Java'),
 (2,'Unix'),
 (3,'Css'),
 (4,'JavaScript'),
 (5,'Oracle'),
 (15,'HTML'),
 (21,'SQL'),
 (22,'.Net'),
 (23,'XML'),
 (24,'PHP');
/*!40000 ALTER TABLE `technology` ENABLE KEYS */;


--
-- Definition of table `test`
--

DROP TABLE IF EXISTS `test`;
CREATE TABLE `test` (
  `id` int(11) NOT NULL AUTO_INCREMENT,
  `applicant_id` int(11) NOT NULL,
  `score` double DEFAULT NULL,
  `test_model_id` int(11) NOT NULL,
  PRIMARY KEY (`id`),
  KEY `FK_test` (`applicant_id`),
  KEY `FK_test_testmod` (`test_model_id`)
) ENGINE=MyISAM AUTO_INCREMENT=134 DEFAULT CHARSET=latin1;

--
-- Dumping data for table `test`
--

/*!40000 ALTER TABLE `test` DISABLE KEYS */;
INSERT INTO `test` (`id`,`applicant_id`,`score`,`test_model_id`) VALUES 
 (71,173,32.99,69),
 (72,174,0,69),
 (73,175,26.8,69),
 (74,176,NULL,69),
 (75,177,1.03,69),
 (76,178,NULL,69),
 (77,179,NULL,69),
 (78,180,NULL,68),
 (79,181,NULL,69),
 (80,182,28.87,69),
 (81,183,10,68),
 (82,184,10,68),
 (83,186,NULL,70),
 (84,187,NULL,73),
 (85,188,81.08,70),
 (86,189,78.38,70),
 (87,190,NULL,70),
 (88,191,75.68,70),
 (89,192,78.38,70),
 (90,193,64.86,70),
 (91,194,37.84,70),
 (92,195,32.99,69),
 (93,196,NULL,71),
 (94,197,64.95,69),
 (95,198,0,70),
 (96,199,72.97,70),
 (97,200,93.33,74),
 (98,201,NULL,70),
 (99,203,54.05,70),
 (100,204,NULL,74),
 (101,205,78.38,70),
 (102,206,80,68),
 (103,207,75.68,70),
 (104,208,56.99,69),
 (105,209,NULL,72),
 (106,210,NULL,73),
 (107,211,70,72),
 (108,212,55.17,73),
 (109,213,NULL,75),
 (110,214,65.38,75),
 (111,215,53.85,75),
 (112,216,NULL,73),
 (113,217,NULL,74),
 (114,218,15.63,74),
 (115,219,62.5,74),
 (116,220,81.25,74),
 (117,221,NULL,75),
 (118,222,NULL,74),
 (119,223,51.16,75),
 (120,224,NULL,75),
 (121,225,NULL,75),
 (122,226,65.63,74),
 (123,227,NULL,75),
 (124,228,NULL,70),
 (125,229,55.21,69),
 (126,230,51.04,69),
 (127,231,NULL,75),
 (128,232,NULL,75),
 (129,233,NULL,69),
 (130,234,54.17,69),
 (131,235,63.33,72),
 (132,236,40,71),
 (133,237,0,69);
/*!40000 ALTER TABLE `test` ENABLE KEYS */;


--
-- Definition of table `test_model`
--

DROP TABLE IF EXISTS `test_model`;
CREATE TABLE `test_model` (
  `id` int(11) NOT NULL AUTO_INCREMENT,
  `seniority_id` int(11) NOT NULL,
  `profile_id` int(11) NOT NULL,
  `active` tinyint(1) NOT NULL DEFAULT '0',
  `minutesToFinish` int(11) NOT NULL DEFAULT '0',
  PRIMARY KEY (`id`),
  KEY `FK_test_model_srt` (`seniority_id`),
  KEY `FK_test_model_prof` (`profile_id`)
) ENGINE=MyISAM AUTO_INCREMENT=76 DEFAULT CHARSET=latin1;

--
-- Dumping data for table `test_model`
--

/*!40000 ALTER TABLE `test_model` DISABLE KEYS */;
INSERT INTO `test_model` (`id`,`seniority_id`,`profile_id`,`active`,`minutesToFinish`) VALUES 
 (68,2,1,0,0),
 (69,3,1,0,0),
 (70,2,21,0,0),
 (71,1,22,0,0),
 (72,2,22,0,0),
 (73,3,22,0,0),
 (74,2,23,0,0),
 (75,2,25,0,45);
/*!40000 ALTER TABLE `test_model` ENABLE KEYS */;


--
-- Definition of table `test_model_questionqty`
--

DROP TABLE IF EXISTS `test_model_questionqty`;
CREATE TABLE `test_model_questionqty` (
  `id` int(11) NOT NULL AUTO_INCREMENT,
  `test_model_id` int(11) NOT NULL,
  `technology_id` int(11) NOT NULL,
  `seniority_id` int(11) NOT NULL,
  `qty_questions` int(11) NOT NULL DEFAULT '0',
  PRIMARY KEY (`id`),
  KEY `FK_test_model_questionqty_tm` (`test_model_id`),
  KEY `FK_test_model_questionqty_tech` (`technology_id`),
  KEY `FK_test_model_questionqty` (`seniority_id`)
) ENGINE=MyISAM AUTO_INCREMENT=280 DEFAULT CHARSET=latin1;

--
-- Dumping data for table `test_model_questionqty`
--

/*!40000 ALTER TABLE `test_model_questionqty` DISABLE KEYS */;
INSERT INTO `test_model_questionqty` (`id`,`test_model_id`,`technology_id`,`seniority_id`,`qty_questions`) VALUES 
 (263,74,24,2,9),
 (236,69,21,2,20),
 (235,69,15,2,20),
 (234,69,1,2,10),
 (237,69,1,3,10),
 (265,74,15,2,5),
 (210,70,4,2,20),
 (211,70,15,2,20),
 (212,70,3,2,20),
 (213,71,22,1,20),
 (214,71,21,1,10),
 (215,72,22,2,20),
 (216,72,21,1,10),
 (217,73,22,3,20),
 (218,73,21,1,10),
 (277,75,3,2,10),
 (232,69,4,2,20),
 (276,75,24,2,5),
 (238,68,1,2,10),
 (239,68,1,1,10),
 (233,69,2,2,20),
 (264,74,24,3,3),
 (278,75,4,2,5),
 (279,75,15,2,10),
 (266,74,3,2,5),
 (267,74,4,2,10);
/*!40000 ALTER TABLE `test_model_questionqty` ENABLE KEYS */;




/*!40101 SET SQL_MODE=@OLD_SQL_MODE */;
/*!40014 SET FOREIGN_KEY_CHECKS=@OLD_FOREIGN_KEY_CHECKS */;
/*!40014 SET UNIQUE_CHECKS=@OLD_UNIQUE_CHECKS */;
/*!40101 SET CHARACTER_SET_CLIENT=@OLD_CHARACTER_SET_CLIENT */;
/*!40101 SET CHARACTER_SET_RESULTS=@OLD_CHARACTER_SET_RESULTS */;
/*!40101 SET COLLATION_CONNECTION=@OLD_COLLATION_CONNECTION */;
/*!40101 SET CHARACTER_SET_CLIENT=@OLD_CHARACTER_SET_CLIENT */;
